elapsed_s,RB_C_WRITE,RB_TOTAL_PASS,RB_Z_PASS,RB_Z_FAIL,RB_S_FAIL,RB_BLENDED_FXP_COMPONENTS,RB_BLENDED_FP16_COMPONENTS,RB_PS_INVOCATIONS
0.001106,0,0,0,0,0,0,0,0
0.002787,0,0,0,0,0,0,0,0
0.004397,0,0,0,0,0,0,0,0
0.005935,0,0,0,0,0,0,0,0
0.007484,0,0,0,0,0,0,0,0
0.009033,0,0,0,0,0,0,0,0
0.010568,0,0,0,0,0,0,0,0
0.012066,0,0,0,0,0,0,0,0
0.013564,0,0,0,0,0,0,0,0
0.015109,0,0,0,0,0,0,0,0
0.016602,0,0,0,0,0,0,0,0
0.018271,0,0,0,0,0,0,0,0
0.019855,0,0,0,0,0,0,0,0
0.021371,0,0,0,0,0,0,0,0
0.022932,0,0,0,0,0,0,0,0
0.024437,0,0,0,0,0,0,0,0
0.025926,0,0,0,0,0,0,0,0
0.027420,0,0,0,0,0,0,0,0
0.028919,0,0,0,0,0,0,0,0
0.030408,0,0,0,0,0,0,0,0
0.031912,0,0,0,0,0,0,0,0
0.033488,0,0,0,0,0,0,0,0
0.034963,0,0,0,0,0,0,0,0
0.036442,0,0,0,0,0,0,0,0
0.037942,0,0,0,0,0,0,0,0
0.039465,0,0,0,0,0,0,0,0
0.040936,0,0,0,0,0,0,0,0
0.042466,0,0,0,0,0,0,0,0
0.044095,0,0,0,0,0,0,0,0
0.045634,0,0,0,0,0,0,0,0
0.047210,0,0,0,0,0,0,0,0
0.048597,0,0,0,0,0,0,0,0
0.049982,0,0,0,0,0,0,0,0
0.051370,0,0,0,0,0,0,0,0
0.052757,0,0,0,0,0,0,0,0
0.054143,0,0,0,0,0,0,0,0
0.055531,0,0,0,0,0,0,0,0
0.056933,0,0,0,0,0,0,0,0
0.058319,0,0,0,0,0,0,0,0
0.059780,0,0,0,0,0,0,0,0
0.061151,0,0,0,0,0,0,0,0
0.062599,0,0,0,0,0,0,0,0
0.063972,0,0,0,0,0,0,0,0
0.065397,0,0,0,0,0,0,0,0
0.066802,0,0,0,0,0,0,0,0
0.068173,0,0,0,0,0,0,0,0
0.069534,0,0,0,0,0,0,0,0
0.070902,0,0,0,0,0,0,0,0
0.072271,0,0,0,0,0,0,0,0
0.073662,0,0,0,0,0,0,0,0
0.075033,0,0,0,0,0,0,0,0
0.076405,0,0,0,0,0,0,0,0
0.077772,0,0,0,0,0,0,0,0
0.079139,0,0,0,0,0,0,0,0
0.080500,0,0,0,0,0,0,0,0
0.081861,0,0,0,0,0,0,0,0
0.083222,0,0,0,0,0,0,0,0
0.084616,0,0,0,0,0,0,0,0
0.085861,0,0,0,0,0,0,0,0
0.087226,0,0,0,0,0,0,0,0
0.088612,0,0,0,0,0,0,0,0
0.090053,0,0,0,0,0,0,0,0
0.091468,0,0,0,0,0,0,0,0
0.092880,0,0,0,0,0,0,0,0
0.094291,0,0,0,0,0,0,0,0
0.095768,0,0,0,0,0,0,0,0
0.097170,0,0,0,0,0,0,0,0
0.098670,0,0,0,0,0,0,0,0
0.101047,0,0,0,0,0,0,0,0
0.102456,0,0,0,0,0,0,0,0
0.103890,0,0,0,0,0,0,0,0
0.105341,0,0,0,0,0,0,0,0
0.110607,0,0,0,0,0,0,0,0
0.112070,0,0,0,0,0,0,0,0
0.113477,0,0,0,0,0,0,0,0
0.114885,0,0,0,0,0,0,0,0
0.116288,0,0,0,0,0,0,0,0
0.117697,0,0,0,0,0,0,0,0
0.119244,0,0,0,0,0,0,0,0
0.120751,0,0,0,0,0,0,0,0
0.122159,0,0,0,0,0,0,0,0
0.123568,0,0,0,0,0,0,0,0
0.124969,0,0,0,0,0,0,0,0
0.126370,0,0,0,0,0,0,0,0
0.127885,0,0,0,0,0,0,0,0
0.129266,0,0,0,0,0,0,0,0
0.130630,0,0,0,0,0,0,0,0
0.131994,0,0,0,0,0,0,0,0
0.133356,0,0,0,0,0,0,0,0
0.134720,0,0,0,0,0,0,0,0
0.136214,0,0,0,0,0,0,0,0
0.137799,0,0,0,0,0,0,0,0
0.139385,0,0,0,0,0,0,0,0
0.140960,0,0,0,0,0,0,0,0
0.142601,0,0,0,0,0,0,0,0
0.144251,0,0,0,0,0,0,0,0
0.145822,0,0,0,0,0,0,0,0
0.147395,0,0,0,0,0,0,0,0
0.148968,0,0,0,0,0,0,0,0
0.150562,0,0,0,0,0,0,0,0
0.152179,0,0,0,0,0,0,0,0
0.153750,0,0,0,0,0,0,0,0
0.155325,0,0,0,0,0,0,0,0
0.156899,0,0,0,0,0,0,0,0
0.158470,0,0,0,0,0,0,0,0
0.160048,0,0,0,0,0,0,0,0
0.161631,0,0,0,0,0,0,0,0
0.163206,0,0,0,0,0,0,0,0
0.164778,0,0,0,0,0,0,0,0
0.166347,0,0,0,0,0,0,0,0
0.167924,0,0,0,0,0,0,0,0
0.169539,0,0,0,0,0,0,0,0
0.171113,0,0,0,0,0,0,0,0
0.172700,0,0,0,0,0,0,0,0
0.174272,0,0,0,0,0,0,0,0
0.175848,0,0,0,0,0,0,0,0
0.177419,0,0,0,0,0,0,0,0
0.178993,0,0,0,0,0,0,0,0
0.180566,0,0,0,0,0,0,0,0
0.182138,0,0,0,0,0,0,0,0
0.183594,0,0,0,0,0,0,0,0
0.185138,0,0,0,0,0,0,0,0
0.186711,0,0,0,0,0,0,0,0
0.188284,0,0,0,0,0,0,0,0
0.189855,0,0,0,0,0,0,0,0
0.191427,0,0,0,0,0,0,0,0
0.192999,0,0,0,0,0,0,0,0
0.194585,0,0,0,0,0,0,0,0
0.196159,0,0,0,0,0,0,0,0
0.197731,0,0,0,0,0,0,0,0
0.199175,0,0,0,0,0,0,0,0
0.200627,0,0,0,0,0,0,0,0
0.202029,0,0,0,0,0,0,0,0
0.203432,0,0,0,0,0,0,0,0
0.204867,0,0,0,0,0,0,0,0
0.206272,0,0,0,0,0,0,0,0
0.207727,0,0,0,0,0,0,0,0
0.209128,0,0,0,0,0,0,0,0
0.210647,0,0,0,0,0,0,0,0
0.212050,0,0,0,0,0,0,0,0
0.213450,0,0,0,0,0,0,0,0
0.214861,0,0,0,0,0,0,0,0
0.216312,0,0,0,0,0,0,0,0
0.217687,0,0,0,0,0,0,0,0
0.219060,0,0,0,0,0,0,0,0
0.220435,0,0,0,0,0,0,0,0
0.221809,0,0,0,0,0,0,0,0
0.223183,0,0,0,0,0,0,0,0
0.224557,0,0,0,0,0,0,0,0
0.225937,0,0,0,0,0,0,0,0
0.227309,0,0,0,0,0,0,0,0
0.228683,0,0,0,0,0,0,0,0
0.230055,0,0,0,0,0,0,0,0
0.231430,0,0,0,0,0,0,0,0
0.232839,0,0,0,0,0,0,0,0
0.234269,0,0,0,0,0,0,0,0
0.235663,0,0,0,0,0,0,0,0
0.237050,0,0,0,0,0,0,0,0
0.238427,0,0,0,0,0,0,0,0
0.239698,0,0,0,0,0,0,0,0
0.241074,0,0,0,0,0,0,0,0
0.242451,0,0,0,0,0,0,0,0
0.243826,0,0,0,0,0,0,0,0
0.245202,0,0,0,0,0,0,0,0
0.246645,0,0,0,0,0,0,0,0
0.247970,0,0,0,0,0,0,0,0
0.249301,0,0,0,0,0,0,0,0
0.250729,0,0,0,0,0,0,0,0
0.252156,0,0,0,0,0,0,0,0
0.253584,0,0,0,0,0,0,0,0
0.255011,0,0,0,0,0,0,0,0
0.256437,0,0,0,0,0,0,0,0
0.257862,0,0,0,0,0,0,0,0
0.259295,0,0,0,0,0,0,0,0
0.260754,0,0,0,0,0,0,0,0
0.262180,0,0,0,0,0,0,0,0
0.263647,0,0,0,0,0,0,0,0
0.264965,0,0,0,0,0,0,0,0
0.266389,0,0,0,0,0,0,0,0
0.267857,0,0,0,0,0,0,0,0
0.269246,0,0,0,0,0,0,0,0
0.270635,0,0,0,0,0,0,0,0
0.272003,0,0,0,0,0,0,0,0
0.273372,0,0,0,0,0,0,0,0
0.274620,0,0,0,0,0,0,0,0
0.276049,0,0,0,0,0,0,0,0
0.277440,0,0,0,0,0,0,0,0
0.278812,0,0,0,0,0,0,0,0
0.280196,0,0,0,0,0,0,0,0
0.281619,0,0,0,0,0,0,0,0
0.283172,0,0,0,0,0,0,0,0
0.284572,0,0,0,0,0,0,0,0
0.285976,0,0,0,0,0,0,0,0
0.287378,0,0,0,0,0,0,0,0
0.288780,0,0,0,0,0,0,0,0
0.290181,0,0,0,0,0,0,0,0
0.291580,0,0,0,0,0,0,0,0
0.292987,0,0,0,0,0,0,0,0
0.294383,0,0,0,0,0,0,0,0
0.295800,0,0,0,0,0,0,0,0
0.297244,0,0,0,0,0,0,0,0
0.298734,0,0,0,0,0,0,0,0
0.300141,0,0,0,0,0,0,0,0
0.301542,0,0,0,0,0,0,0,0
0.302943,0,0,0,0,0,0,0,0
0.304355,0,0,0,0,0,0,0,0
0.305756,0,0,0,0,0,0,0,0
0.307161,0,0,0,0,0,0,0,0
0.308569,0,0,0,0,0,0,0,0
0.310105,0,0,0,0,0,0,0,0
0.312250,0,0,0,0,0,0,0,0
0.313823,0,0,0,0,0,0,0,0
0.315411,0,0,0,0,0,0,0,0
0.316986,0,0,0,0,0,0,0,0
0.318561,0,0,0,0,0,0,0,0
0.320126,0,0,0,0,0,0,0,0
0.321690,0,0,0,0,0,0,0,0
0.323130,0,0,0,0,0,0,0,0
0.324733,0,0,0,0,0,0,0,0
0.326316,0,0,0,0,0,0,0,0
0.327892,0,0,0,0,0,0,0,0
0.329507,0,0,0,0,0,0,0,0
0.331082,0,0,0,0,0,0,0,0
0.332655,0,0,0,0,0,0,0,0
0.334225,0,0,0,0,0,0,0,0
0.335861,0,0,0,0,0,0,0,0
0.337444,0,0,0,0,0,0,0,0
0.339018,0,0,0,0,0,0,0,0
0.340591,0,0,0,0,0,0,0,0
0.342161,0,0,0,0,0,0,0,0
0.343604,0,0,0,0,0,0,0,0
0.345189,0,0,0,0,0,0,0,0
0.346763,0,0,0,0,0,0,0,0
0.348349,0,0,0,0,0,0,0,0
0.349921,0,0,0,0,0,0,0,0
0.351492,0,0,0,0,0,0,0,0
0.353061,0,0,0,0,0,0,0,0
0.354633,0,0,0,0,0,0,0,0
0.356204,0,0,0,0,0,0,0,0
0.357773,0,0,0,0,0,0,0,0
0.359358,0,0,0,0,0,0,0,0
0.360930,0,0,0,0,0,0,0,0
0.362500,0,0,0,0,0,0,0,0
0.363933,0,0,0,0,0,0,0,0
0.365346,0,0,0,0,0,0,0,0
0.366884,0,0,0,0,0,0,0,0
0.368456,0,0,0,0,0,0,0,0
0.370041,0,0,0,0,0,0,0,0
0.371613,0,0,0,0,0,0,0,0
0.373185,0,0,0,0,0,0,0,0
0.374758,0,0,0,0,0,0,0,0
0.376246,0,0,0,0,0,0,0,0
0.377787,0,0,0,0,0,0,0,0
0.380571,0,0,0,0,0,0,0,0
0.382486,0,0,0,0,0,0,0,0
0.383973,0,0,0,0,0,0,0,0
0.385384,0,0,0,0,0,0,0,0
0.386821,0,0,0,0,0,0,0,0
0.388270,0,0,0,0,0,0,0,0
0.389643,0,0,0,0,0,0,0,0
0.391006,0,0,0,0,0,0,0,0
0.392406,0,0,0,0,0,0,0,0
0.393788,0,0,0,0,0,0,0,0
0.395195,0,0,0,0,0,0,0,0
0.396553,0,0,0,0,0,0,0,0
0.397911,0,0,0,0,0,0,0,0
0.399317,0,0,0,0,0,0,0,0
0.400672,0,0,0,0,0,0,0,0
0.402023,0,0,0,0,0,0,0,0
0.403424,0,0,0,0,0,0,0,0
0.404786,0,0,0,0,0,0,0,0
0.406147,0,0,0,0,0,0,0,0
0.407545,0,0,0,0,0,0,0,0
0.408943,0,0,0,0,0,0,0,0
0.410270,0,0,0,0,0,0,0,0
0.411690,0,0,0,0,0,0,0,0
0.413020,0,0,0,0,0,0,0,0
0.414349,0,0,0,0,0,0,0,0
0.415692,0,0,0,0,0,0,0,0
0.417022,0,0,0,0,0,0,0,0
0.418351,0,0,0,0,0,0,0,0
0.419690,0,0,0,0,0,0,0,0
0.421020,0,0,0,0,0,0,0,0
0.422350,0,0,0,0,0,0,0,0
0.423691,0,0,0,0,0,0,0,0
0.425060,0,0,0,0,0,0,0,0
0.426381,0,0,0,0,0,0,0,0
0.427698,0,0,0,0,0,0,0,0
0.429010,0,0,0,0,0,0,0,0
0.430323,0,0,0,0,0,0,0,0
0.431646,0,0,0,0,0,0,0,0
0.432961,0,0,0,0,0,0,0,0
0.434272,0,0,0,0,0,0,0,0
0.435608,0,0,0,0,0,0,0,0
0.436926,0,0,0,0,0,0,0,0
0.438237,0,0,0,0,0,0,0,0
0.439571,0,0,0,0,0,0,0,0
0.440874,0,0,0,0,0,0,0,0
0.442250,0,0,0,0,0,0,0,0
0.443646,0,0,0,0,0,0,0,0
0.445022,0,0,0,0,0,0,0,0
0.446398,0,0,0,0,0,0,0,0
0.447776,0,0,0,0,0,0,0,0
0.449209,0,0,0,0,0,0,0,0
0.450645,0,0,0,0,0,0,0,0
0.451980,0,0,0,0,0,0,0,0
0.453410,0,0,0,0,0,0,0,0
0.454729,0,0,0,0,0,0,0,0
0.456170,0,0,0,0,0,0,0,0
0.457596,0,0,0,0,0,0,0,0
0.459047,0,0,0,0,0,0,0,0
0.460448,0,0,0,0,0,0,0,0
0.461848,0,0,0,0,0,0,0,0
0.463262,0,0,0,0,0,0,0,0
0.465007,0,0,0,0,0,0,0,0
0.466397,0,0,0,0,0,0,0,0
0.467951,0,0,0,0,0,0,0,0
0.469353,0,0,0,0,0,0,0,0
0.470720,0,0,0,0,0,0,0,0
0.472105,0,0,0,0,0,0,0,0
0.473514,0,0,0,0,0,0,0,0
0.474971,0,0,0,0,0,0,0,0
0.476295,0,0,0,0,0,0,0,0
0.477712,0,0,0,0,0,0,0,0
0.479121,0,0,0,0,0,0,0,0
0.480542,0,0,0,0,0,0,0,0
0.481951,0,0,0,0,0,0,0,0
0.483789,0,0,0,0,0,0,0,0
0.485241,0,0,0,0,0,0,0,0
0.486895,0,0,0,0,0,0,0,0
0.488342,0,0,0,0,0,0,0,0
0.489745,0,0,0,0,0,0,0,0
0.491263,0,0,0,0,0,0,0,0
0.492666,0,0,0,0,0,0,0,0
0.494068,0,0,0,0,0,0,0,0
0.495468,0,0,0,0,0,0,0,0
0.496867,0,0,0,0,0,0,0,0
0.498266,0,0,0,0,0,0,0,0
0.499853,0,0,0,0,0,0,0,0
0.501265,0,0,0,0,0,0,0,0
0.504196,0,0,0,0,0,0,0,0
0.505599,0,0,0,0,0,0,0,0
0.507087,0,0,0,0,0,0,0,0
0.508490,0,0,0,0,0,0,0,0
0.509890,0,0,0,0,0,0,0,0
0.511307,0,0,0,0,0,0,0,0
0.512709,0,0,0,0,0,0,0,0
0.514110,0,0,0,0,0,0,0,0
0.515513,0,0,0,0,0,0,0,0
0.517019,0,0,0,0,0,0,0,0
0.518649,0,0,0,0,0,0,0,0
0.520258,0,0,0,0,0,0,0,0
0.521836,0,0,0,0,0,0,0,0
0.523277,0,0,0,0,0,0,0,0
0.524820,0,0,0,0,0,0,0,0
0.526391,0,0,0,0,0,0,0,0
0.527968,0,0,0,0,0,0,0,0
0.529538,0,0,0,0,0,0,0,0
0.531113,0,0,0,0,0,0,0,0
0.532698,0,0,0,0,0,0,0,0
0.534269,0,0,0,0,0,0,0,0
0.535845,0,0,0,0,0,0,0,0
0.537460,0,0,0,0,0,0,0,0
0.539034,0,0,0,0,0,0,0,0
0.540607,0,0,0,0,0,0,0,0
0.542177,0,0,0,0,0,0,0,0
0.543710,0,0,0,0,0,0,0,0
0.545252,0,0,0,0,0,0,0,0
0.546827,0,0,0,0,0,0,0,0
0.548400,0,0,0,0,0,0,0,0
0.549971,0,0,0,0,0,0,0,0
0.551415,0,0,0,0,0,0,0,0
0.552957,0,0,0,0,0,0,0,0
0.554604,0,0,0,0,0,0,0,0
0.556175,0,0,0,0,0,0,0,0
0.557744,0,0,0,0,0,0,0,0
0.559318,0,0,0,0,0,0,0,0
0.560892,0,0,0,0,0,0,0,0
0.562464,0,0,0,0,0,0,0,0
0.564042,0,0,0,0,0,0,0,0
0.565625,0,0,0,0,0,0,0,0
0.567198,0,0,0,0,0,0,0,0
0.568813,0,0,0,0,0,0,0,0
0.570384,0,0,0,0,0,0,0,0
0.571960,0,0,0,0,0,0,0,0
0.573531,0,0,0,0,0,0,0,0
0.575105,0,0,0,0,0,0,0,0
0.576690,0,0,0,0,0,0,0,0
0.578260,0,0,0,0,0,0,0,0
0.579835,0,0,0,0,0,0,0,0
0.581406,0,0,0,0,0,0,0,0
0.582979,0,0,0,0,0,0,0,0
0.584595,0,0,0,0,0,0,0,0
0.586167,0,0,0,0,0,0,0,0
0.587778,0,0,0,0,0,0,0,0
0.589202,0,0,0,0,0,0,0,0
0.590727,0,0,0,0,0,0,0,0
0.592224,0,0,0,0,0,0,0,0
0.593625,0,0,0,0,0,0,0,0
0.595025,0,0,0,0,0,0,0,0
0.596427,0,0,0,0,0,0,0,0
0.597835,0,0,0,0,0,0,0,0
0.599234,0,0,0,0,0,0,0,0
0.600678,0,0,0,0,0,0,0,0
0.602078,0,0,0,0,0,0,0,0
0.603477,0,0,0,0,0,0,0,0
0.604876,0,0,0,0,0,0,0,0
0.606279,0,0,0,0,0,0,0,0
0.607755,0,0,0,0,0,0,0,0
0.609164,0,0,0,0,0,0,0,0
0.610585,0,0,0,0,0,0,0,0
0.611986,0,0,0,0,0,0,0,0
0.613385,0,0,0,0,0,0,0,0
0.614790,0,0,0,0,0,0,0,0
0.616240,0,0,0,0,0,0,0,0
0.617616,0,0,0,0,0,0,0,0
0.618990,0,0,0,0,0,0,0,0
0.620368,0,0,0,0,0,0,0,0
0.621741,0,0,0,0,0,0,0,0
0.623138,0,0,0,0,0,0,0,0
0.624541,0,0,0,0,0,0,0,0
0.625914,0,0,0,0,0,0,0,0
0.627297,0,0,0,0,0,0,0,0
0.628671,0,0,0,0,0,0,0,0
0.630047,0,0,0,0,0,0,0,0
0.631430,0,0,0,0,0,0,0,0
0.632845,0,0,0,0,0,0,0,0
0.634170,0,0,0,0,0,0,0,0
0.635644,0,0,0,0,0,0,0,0
0.636930,0,0,0,0,0,0,0,0
0.638307,0,0,0,0,0,0,0,0
0.639694,0,0,0,0,0,0,0,0
0.641071,0,0,0,0,0,0,0,0
0.642453,0,0,0,0,0,0,0,0
0.643828,0,0,0,0,0,0,0,0
0.645259,0,0,0,0,0,0,0,0
0.646645,0,0,0,0,0,0,0,0
0.647989,0,0,0,0,0,0,0,0
0.649279,0,0,0,0,0,0,0,0
0.650656,0,0,0,0,0,0,0,0
0.652033,0,0,0,0,0,0,0,0
0.653412,0,0,0,0,0,0,0,0
0.654838,0,0,0,0,0,0,0,0
0.656214,0,0,0,0,0,0,0,0
0.657828,0,0,0,0,0,0,0,0
0.659303,0,0,0,0,0,0,0,0
0.660682,0,0,0,0,0,0,0,0
0.662058,0,0,0,0,0,0,0,0
0.663487,0,0,0,0,0,0,0,0
0.664756,0,0,0,0,0,0,0,0
0.666132,0,0,0,0,0,0,0,0
0.667530,0,0,0,0,0,0,0,0
0.668886,0,0,0,0,0,0,0,0
0.670238,0,0,0,0,0,0,0,0
0.671950,0,0,0,0,0,0,0,0
0.673357,0,0,0,0,0,0,0,0
0.674739,0,0,0,0,0,0,0,0
0.676112,0,0,0,0,0,0,0,0
0.677479,0,0,0,0,0,0,0,0
0.678847,0,0,0,0,0,0,0,0
0.680237,0,0,0,0,0,0,0,0
0.681668,0,0,0,0,0,0,0,0
0.683080,0,0,0,0,0,0,0,0
0.684504,0,0,0,0,0,0,0,0
0.685911,0,0,0,0,0,0,0,0
0.687605,0,0,0,0,0,0,0,0
0.689006,0,0,0,0,0,0,0,0
0.690407,0,0,0,0,0,0,0,0
0.691889,0,0,0,0,0,0,0,0
0.693287,0,0,0,0,0,0,0,0
0.696994,0,0,0,0,0,0,0,0
0.698397,0,0,0,0,0,0,0,0
0.699837,0,0,0,0,0,0,0,0
0.701238,0,0,0,0,0,0,0,0
0.702660,0,0,0,0,0,0,0,0
0.704062,0,0,0,0,0,0,0,0
0.705472,0,0,0,0,0,0,0,0
0.706876,0,0,0,0,0,0,0,0
0.708285,0,0,0,0,0,0,0,0
0.709694,0,0,0,0,0,0,0,0
0.711104,0,0,0,0,0,0,0,0
0.712553,0,0,0,0,0,0,0,0
0.714092,0,0,0,0,0,0,0,0
0.715552,0,0,0,0,0,0,0,0
0.716969,0,0,0,0,0,0,0,0
0.718380,0,0,0,0,0,0,0,0
0.719790,0,0,0,0,0,0,0,0
0.721198,0,0,0,0,0,0,0,0
0.722610,0,0,0,0,0,0,0,0
0.724147,0,0,0,0,0,0,0,0
0.725606,0,0,0,0,0,0,0,0
0.727025,0,0,0,0,0,0,0,0
0.728526,0,0,0,0,0,0,0,0
0.729936,0,0,0,0,0,0,0,0
0.731347,0,0,0,0,0,0,0,0
0.732756,0,0,0,0,0,0,0,0
0.734293,0,0,0,0,0,0,0,0
0.735885,0,0,0,0,0,0,0,0
0.737459,0,0,0,0,0,0,0,0
0.739034,0,0,0,0,0,0,0,0
0.740608,0,0,0,0,0,0,0,0
0.742180,0,0,0,0,0,0,0,0
0.743814,0,0,0,0,0,0,0,0
0.745432,0,0,0,0,0,0,0,0
0.747021,0,0,0,0,0,0,0,0
0.748597,0,0,0,0,0,0,0,0
0.750170,0,0,0,0,0,0,0,0
0.751796,0,0,0,0,0,0,0,0
0.753370,0,0,0,0,0,0,0,0
0.754945,0,0,0,0,0,0,0,0
0.756519,0,0,0,0,0,0,0,0
0.757979,0,0,0,0,0,0,0,0
0.759393,0,0,0,0,0,0,0,0
0.760977,0,0,0,0,0,0,0,0
0.762613,0,0,0,0,0,0,0,0
0.764185,0,0,0,0,0,0,0,0
0.765757,0,0,0,0,0,0,0,0
0.767332,0,0,0,0,0,0,0,0
0.768910,0,0,0,0,0,0,0,0
0.770473,0,0,0,0,0,0,0,0
0.772023,0,0,0,0,0,0,0,0
0.773594,0,0,0,0,0,0,0,0
0.775167,0,0,0,0,0,0,0,0
0.776781,0,0,0,0,0,0,0,0
0.778291,0,0,0,0,0,0,0,0
0.779880,0,0,0,0,0,0,0,0
0.781451,0,0,0,0,0,0,0,0
0.783025,0,0,0,0,0,0,0,0
0.785419,0,0,0,0,0,0,0,0
0.786867,0,0,0,0,0,0,0,0
0.788277,0,0,0,0,0,0,0,0
0.789677,0,0,0,0,0,0,0,0
0.791089,0,0,0,0,0,0,0,0
0.792531,0,0,0,0,0,0,0,0
0.793930,0,0,0,0,0,0,0,0
0.795330,0,0,0,0,0,0,0,0
0.796730,0,0,0,0,0,0,0,0
0.798128,0,0,0,0,0,0,0,0
0.799530,0,0,0,0,0,0,0,0
0.800933,0,0,0,0,0,0,0,0
0.802343,0,0,0,0,0,0,0,0
0.803712,0,0,0,0,0,0,0,0
0.805109,0,0,0,0,0,0,0,0
0.806513,0,0,0,0,0,0,0,0
0.807996,0,0,0,0,0,0,0,0
0.809427,0,0,0,0,0,0,0,0
0.810803,0,0,0,0,0,0,0,0
0.812177,0,0,0,0,0,0,0,0
0.813558,0,0,0,0,0,0,0,0
0.814932,0,0,0,0,0,0,0,0
0.816304,0,0,0,0,0,0,0,0
0.817681,0,0,0,0,0,0,0,0
0.819058,0,0,0,0,0,0,0,0
0.820432,0,0,0,0,0,0,0,0
0.821805,0,0,0,0,0,0,0,0
0.823178,0,0,0,0,0,0,0,0
0.824597,0,0,0,0,0,0,0,0
0.826028,0,0,0,0,0,0,0,0
0.827453,0,0,0,0,0,0,0,0
0.828878,0,0,0,0,0,0,0,0
0.830304,0,0,0,0,0,0,0,0
0.831729,0,0,0,0,0,0,0,0
0.833154,0,0,0,0,0,0,0,0
0.834554,0,0,0,0,0,0,0,0
0.835836,0,0,0,0,0,0,0,0
0.837213,0,0,0,0,0,0,0,0
0.838590,0,0,0,0,0,0,0,0
0.839983,0,0,0,0,0,0,0,0
0.841416,0,0,0,0,0,0,0,0
0.842848,0,0,0,0,0,0,0,0
0.844263,0,0,0,0,0,0,0,0
0.845683,0,0,0,0,0,0,0,0
0.847052,0,0,0,0,0,0,0,0
0.848420,0,0,0,0,0,0,0,0
0.849781,0,0,0,0,0,0,0,0
0.851144,0,0,0,0,0,0,0,0
0.852637,0,0,0,0,0,0,0,0
0.854003,0,0,0,0,0,0,0,0
0.855366,0,0,0,0,0,0,0,0
0.856753,0,0,0,0,0,0,0,0
0.858169,0,0,0,0,0,0,0,0
0.859576,0,0,0,0,0,0,0,0
0.860984,0,0,0,0,0,0,0,0
0.862394,0,0,0,0,0,0,0,0
0.863826,0,0,0,0,0,0,0,0
0.865234,0,0,0,0,0,0,0,0
0.866666,0,0,0,0,0,0,0,0
0.868087,0,0,0,0,0,0,0,0
0.869493,0,0,0,0,0,0,0,0
0.872221,0,0,0,0,0,0,0,0
0.873623,0,0,0,0,0,0,0,0
0.875084,0,0,0,0,0,0,0,0
0.876491,0,0,0,0,0,0,0,0
0.877893,0,0,0,0,0,0,0,0
0.879305,0,0,0,0,0,0,0,0
0.880707,0,0,0,0,0,0,0,0
0.882108,0,0,0,0,0,0,0,0
0.886618,0,0,0,0,0,0,0,0
0.888108,0,0,0,0,0,0,0,0
0.889565,0,0,0,0,0,0,0,0
0.891009,0,0,0,0,0,0,0,0
0.892413,0,0,0,0,0,0,0,0
0.893777,0,0,0,0,0,0,0,0
0.895138,0,0,0,0,0,0,0,0
0.896498,0,0,0,0,0,0,0,0
0.897856,0,0,0,0,0,0,0,0
0.899260,0,0,0,0,0,0,0,0
0.900635,0,0,0,0,0,0,0,0
0.902035,0,0,0,0,0,0,0,0
0.903392,0,0,0,0,0,0,0,0
0.904766,0,0,0,0,0,0,0,0
0.906171,0,0,0,0,0,0,0,0
0.909118,0,0,0,0,0,0,0,0
0.910773,0,0,0,0,0,0,0,0
0.912237,0,0,0,0,0,0,0,0
0.913653,0,0,0,0,0,0,0,0
0.915064,0,0,0,0,0,0,0,0
0.916472,0,0,0,0,0,0,0,0
0.917879,0,0,0,0,0,0,0,0
0.919289,0,0,0,0,0,0,0,0
0.920827,0,0,0,0,0,0,0,0
0.922286,0,0,0,0,0,0,0,0
0.923705,0,0,0,0,0,0,0,0
0.925112,0,0,0,0,0,0,0,0
0.926518,0,0,0,0,0,0,0,0
0.927949,0,0,0,0,0,0,0,0
0.929355,0,0,0,0,0,0,0,0
0.930764,0,0,0,0,0,0,0,0
0.932171,0,0,0,0,0,0,0,0
0.933587,0,0,0,0,0,0,0,0
0.934996,0,0,0,0,0,0,0,0
0.936446,0,0,0,0,0,0,0,0
0.937853,0,0,0,0,0,0,0,0
0.939261,0,0,0,0,0,0,0,0
0.940667,0,0,0,0,0,0,0,0
0.942202,0,0,0,0,0,0,0,0
0.943741,0,0,0,0,0,0,0,0
0.945283,0,0,0,0,0,0,0,0
0.946857,0,0,0,0,0,0,0,0
0.948429,0,0,0,0,0,0,0,0
0.950000,0,0,0,0,0,0,0,0
0.951574,0,0,0,0,0,0,0,0
0.953148,0,0,0,0,0,0,0,0
0.954737,0,0,0,0,0,0,0,0
0.956308,0,0,0,0,0,0,0,0
0.957887,0,0,0,0,0,0,0,0
0.959339,0,0,0,0,0,0,0,0
0.960755,0,0,0,0,0,0,0,0
0.962291,0,0,0,0,0,0,0,0
0.963868,0,0,0,0,0,0,0,0
0.965452,0,0,0,0,0,0,0,0
0.967025,0,0,0,0,0,0,0,0
0.968643,0,0,0,0,0,0,0,0
0.970214,0,0,0,0,0,0,0,0
0.971876,0,0,0,0,0,0,0,0
0.973447,0,0,0,0,0,0,0,0
0.975063,0,0,0,0,0,0,0,0
0.976647,0,0,0,0,0,0,0,0
0.978217,0,0,0,0,0,0,0,0
0.979844,0,0,0,0,0,0,0,0
0.981415,0,0,0,0,0,0,0,0
0.982989,0,0,0,0,0,0,0,0
0.984606,0,0,0,0,0,0,0,0
0.986177,0,0,0,0,0,0,0,0
0.987697,0,0,0,0,0,0,0,0
0.989238,0,0,0,0,0,0,0,0
0.990812,0,0,0,0,0,0,0,0
0.992384,0,0,0,0,0,0,0,0
0.993954,0,0,0,0,0,0,0,0
0.995527,0,0,0,0,0,0,0,0
0.996987,0,0,0,0,0,0,0,0
0.998567,0,0,0,0,0,0,0,0
1.000186,0,0,0,0,0,0,0,0
1.001755,0,0,0,0,0,0,0,0
1.003329,0,0,0,0,0,0,0,0
1.004899,0,0,0,0,0,0,0,0
1.006479,0,0,0,0,0,0,0,0
1.007913,0,0,0,0,0,0,0,0
1.009342,0,0,0,0,0,0,0,0
1.010749,0,0,0,0,0,0,0,0
1.012287,0,0,0,0,0,0,0,0
1.013858,0,0,0,0,0,0,0,0
1.015431,0,0,0,0,0,0,0,0
1.017004,0,0,0,0,0,0,0,0
1.018578,0,0,0,0,0,0,0,0
1.020165,0,0,0,0,0,0,0,0
1.021736,0,0,0,0,0,0,0,0
1.023311,0,0,0,0,0,0,0,0
1.024883,0,0,0,0,0,0,0,0
1.026455,0,0,0,0,0,0,0,0
1.028033,0,0,0,0,0,0,0,0
1.029604,0,0,0,0,0,0,0,0
1.031191,0,0,0,0,0,0,0,0
1.032807,0,0,0,0,0,0,0,0
1.034380,0,0,0,0,0,0,0,0
1.035960,0,0,0,0,0,0,0,0
1.037530,0,0,0,0,0,0,0,0
1.039105,0,0,0,0,0,0,0,0
1.040678,0,0,0,0,0,0,0,0
1.042262,0,0,0,0,0,0,0,0
1.043839,0,0,0,0,0,0,0,0
1.045412,0,0,0,0,0,0,0,0
1.046859,0,0,0,0,0,0,0,0
1.048445,0,0,0,0,0,0,0,0
1.050018,0,0,0,0,0,0,0,0
1.051592,0,0,0,0,0,0,0,0
1.053182,0,0,0,0,0,0,0,0
1.054760,0,0,0,0,0,0,0,0
1.056335,0,0,0,0,0,0,0,0
1.057907,0,0,0,0,0,0,0,0
1.059482,0,0,0,0,0,0,0,0
1.061056,0,0,0,0,0,0,0,0
1.062633,0,0,0,0,0,0,0,0
1.064264,0,0,0,0,0,0,0,0
1.065837,0,0,0,0,0,0,0,0
1.067413,0,0,0,0,0,0,0,0
1.068988,0,0,0,0,0,0,0,0
1.070564,0,0,0,0,0,0,0,0
1.072138,0,0,0,0,0,0,0,0
1.073712,0,0,0,0,0,0,0,0
1.075300,0,0,0,0,0,0,0,0
1.076875,0,0,0,0,0,0,0,0
1.078449,0,0,0,0,0,0,0,0
1.080028,0,0,0,0,0,0,0,0
1.081601,0,0,0,0,0,0,0,0
1.083177,0,0,0,0,0,0,0,0
1.084752,0,0,0,0,0,0,0,0
1.086338,0,0,0,0,0,0,0,0
1.087917,0,0,0,0,0,0,0,0
1.089489,0,0,0,0,0,0,0,0
1.091065,0,0,0,0,0,0,0,0
1.092640,0,0,0,0,0,0,0,0
1.094214,0,0,0,0,0,0,0,0
1.095749,0,0,0,0,0,0,0,0
1.097333,0,0,0,0,0,0,0,0
1.098776,0,0,0,0,0,0,0,0
1.100319,0,0,0,0,0,0,0,0
1.101892,0,0,0,0,0,0,0,0
1.103467,0,0,0,0,0,0,0,0
1.105043,0,0,0,0,0,0,0,0
1.106619,0,0,0,0,0,0,0,0
1.108206,0,0,0,0,0,0,0,0
1.109778,0,0,0,0,0,0,0,0
1.111356,0,0,0,0,0,0,0,0
1.112932,0,0,0,0,0,0,0,0
1.114505,0,0,0,0,0,0,0,0
1.116110,0,0,0,0,0,0,0,0
1.117682,0,0,0,0,0,0,0,0
1.119272,0,0,0,0,0,0,0,0
1.120839,0,0,0,0,0,0,0,0
1.122401,0,0,0,0,0,0,0,0
1.123829,0,0,0,0,0,0,0,0
1.125244,0,0,0,0,0,0,0,0
1.126785,0,0,0,0,0,0,0,0
1.128401,0,0,0,0,0,0,0,0
1.129988,0,0,0,0,0,0,0,0
1.131562,0,0,0,0,0,0,0,0
1.133136,0,0,0,0,0,0,0,0
1.134712,0,0,0,0,0,0,0,0
1.136287,0,0,0,0,0,0,0,0
1.137860,0,0,0,0,0,0,0,0
1.139434,0,0,0,0,0,0,0,0
1.141020,0,0,0,0,0,0,0,0
1.142597,0,0,0,0,0,0,0,0
1.144217,0,0,0,0,0,0,0,0
1.145790,0,0,0,0,0,0,0,0
1.147366,0,0,0,0,0,0,0,0
1.148940,0,0,0,0,0,0,0,0
1.150407,0,0,0,0,0,0,0,0
1.151881,0,0,0,0,0,0,0,0
1.153312,0,0,0,0,0,0,0,0
1.154714,0,0,0,0,0,0,0,0
1.156117,0,0,0,0,0,0,0,0
1.157522,0,0,0,0,0,0,0,0
1.160124,0,0,0,0,0,0,0,0
1.162639,0,0,0,0,0,0,0,0
1.164699,0,0,0,0,0,0,0,0
1.166122,0,0,0,0,0,0,0,0
1.167525,0,0,0,0,0,0,0,0
1.168928,0,0,0,0,0,0,0,0
1.170327,0,0,0,0,0,0,0,0
1.171773,0,0,0,0,0,0,0,0
1.173185,0,0,0,0,0,0,0,0
1.174773,0,0,0,0,0,0,0,0
1.176259,0,0,0,0,0,0,0,0
1.177666,0,0,0,0,0,0,0,0
1.179069,0,0,0,0,0,0,0,0
1.180474,0,0,0,0,0,0,0,0
1.181894,0,0,0,0,0,0,0,0
1.183302,0,0,0,0,0,0,0,0
1.184851,0,0,0,0,0,0,0,0
1.186421,0,0,0,0,0,0,0,0
1.187997,0,0,0,0,0,0,0,0
1.189568,0,0,0,0,0,0,0,0
1.191141,0,0,0,0,0,0,0,0
1.192757,0,0,0,0,0,0,0,0
1.194329,0,0,0,0,0,0,0,0
1.195918,0,0,0,0,0,0,0,0
1.197488,0,0,0,0,0,0,0,0
1.199063,0,0,0,0,0,0,0,0
1.200635,0,0,0,0,0,0,0,0
1.202206,0,0,0,0,0,0,0,0
1.203740,0,0,0,0,0,0,0,0
1.205283,0,0,0,0,0,0,0,0
1.206743,0,0,0,0,0,0,0,0
1.208201,0,0,0,0,0,0,0,0
1.209737,0,0,0,0,0,0,0,0
1.211178,0,0,0,0,0,0,0,0
1.212721,0,0,0,0,0,0,0,0
1.214293,0,0,0,0,0,0,0,0
1.215873,0,0,0,0,0,0,0,0
1.217458,0,0,0,0,0,0,0,0
1.219033,0,0,0,0,0,0,0,0
1.220607,0,0,0,0,0,0,0,0
1.222179,0,0,0,0,0,0,0,0
1.223813,0,0,0,0,0,0,0,0
1.225432,0,0,0,0,0,0,0,0
1.227007,0,0,0,0,0,0,0,0
1.228595,0,0,0,0,0,0,0,0
1.230168,0,0,0,0,0,0,0,0
1.231832,0,0,0,0,0,0,0,0
1.233405,0,0,0,0,0,0,0,0
1.234981,0,0,0,0,0,0,0,0
1.236556,0,0,0,0,0,0,0,0
1.238128,0,0,0,0,0,0,0,0
1.239584,0,0,0,0,0,0,0,0
1.241129,0,0,0,0,0,0,0,0
1.242844,0,0,0,0,0,0,0,0
1.244251,0,0,0,0,0,0,0,0
1.245665,0,0,0,0,0,0,0,0
1.247206,0,0,0,0,0,0,0,0
1.248770,0,0,0,0,0,0,0,0
1.250344,0,0,0,0,0,0,0,0
1.251872,0,0,0,0,0,0,0,0
1.253444,0,0,0,0,0,0,0,0
1.255020,0,0,0,0,0,0,0,0
1.256637,0,0,0,0,0,0,0,0
1.258210,0,0,0,0,0,0,0,0
1.259871,0,0,0,0,0,0,0,0
1.261455,0,0,0,0,0,0,0,0
1.263030,0,0,0,0,0,0,0,0
1.264605,0,0,0,0,0,0,0,0
1.266177,0,0,0,0,0,0,0,0
1.267796,0,0,0,0,0,0,0,0
1.269360,0,0,0,0,0,0,0,0
1.270801,0,0,0,0,0,0,0,0
1.272400,0,0,0,0,0,0,0,0
1.273972,0,0,0,0,0,0,0,0
1.275545,0,0,0,0,0,0,0,0
1.277120,0,0,0,0,0,0,0,0
1.278696,0,0,0,0,0,0,0,0
1.280259,0,0,0,0,0,0,0,0
1.281821,0,0,0,0,0,0,0,0
1.283275,0,0,0,0,0,0,0,0
1.284817,0,0,0,0,0,0,0,0
1.286691,0,0,0,0,0,0,0,0
1.288159,0,0,0,0,0,0,0,0
1.289566,0,0,0,0,0,0,0,0
1.290973,0,0,0,0,0,0,0,0
1.292381,0,0,0,0,0,0,0,0
1.293800,0,0,0,0,0,0,0,0
1.295159,0,0,0,0,0,0,0,0
1.296695,0,0,0,0,0,0,0,0
1.298265,0,0,0,0,0,0,0,0
1.299839,0,0,0,0,0,0,0,0
1.301409,0,0,0,0,0,0,0,0
1.302982,0,0,0,0,0,0,0,0
1.304610,0,0,0,0,0,0,0,0
1.306180,0,0,0,0,0,0,0,0
1.307812,0,0,0,0,0,0,0,0
1.309380,0,0,0,0,0,0,0,0
1.310951,0,0,0,0,0,0,0,0
1.312524,0,0,0,0,0,0,0,0
1.314095,0,0,0,0,0,0,0,0
1.315552,0,0,0,0,0,0,0,0
1.317095,0,0,0,0,0,0,0,0
1.318668,0,0,0,0,0,0,0,0
1.320284,0,0,0,0,0,0,0,0
1.321855,0,0,0,0,0,0,0,0
1.323428,0,0,0,0,0,0,0,0
1.325001,0,0,0,0,0,0,0,0
1.326589,0,0,0,0,0,0,0,0
1.328162,0,0,0,0,0,0,0,0
1.329733,0,0,0,0,0,0,0,0
1.331307,0,0,0,0,0,0,0,0
1.332881,0,0,0,0,0,0,0,0
1.334452,0,0,0,0,0,0,0,0
1.336029,0,0,0,0,0,0,0,0
1.337613,0,0,0,0,0,0,0,0
1.339187,0,0,0,0,0,0,0,0
1.340760,0,0,0,0,0,0,0,0
1.342330,0,0,0,0,0,0,0,0
1.343905,0,0,0,0,0,0,0,0
1.345353,0,0,0,0,0,0,0,0
1.346822,0,0,0,0,0,0,0,0
1.348477,0,0,0,0,0,0,0,0
1.350041,0,0,0,0,0,0,0,0
1.351481,0,0,0,0,0,0,0,0
1.353027,0,0,0,0,0,0,0,0
1.354602,0,0,0,0,0,0,0,0
1.356177,0,0,0,0,0,0,0,0
1.357749,0,0,0,0,0,0,0,0
1.359337,0,0,0,0,0,0,0,0
1.360912,0,0,0,0,0,0,0,0
1.362485,0,0,0,0,0,0,0,0
1.364098,0,0,0,0,0,0,0,0
1.365671,0,0,0,0,0,0,0,0
1.367246,0,0,0,0,0,0,0,0
1.368864,0,0,0,0,0,0,0,0
1.370450,0,0,0,0,0,0,0,0
1.372020,0,0,0,0,0,0,0,0
1.373582,0,0,0,0,0,0,0,0
1.375025,0,0,0,0,0,0,0,0
1.376566,0,0,0,0,0,0,0,0
1.378138,0,0,0,0,0,0,0,0
1.379711,0,0,0,0,0,0,0,0
1.381296,0,0,0,0,0,0,0,0
1.382870,0,0,0,0,0,0,0,0
1.384487,0,0,0,0,0,0,0,0
1.386058,0,0,0,0,0,0,0,0
1.387631,0,0,0,0,0,0,0,0
1.389204,0,0,0,0,0,0,0,0
1.390777,0,0,0,0,0,0,0,0
1.392365,0,0,0,0,0,0,0,0
1.393936,0,0,0,0,0,0,0,0
1.395508,0,0,0,0,0,0,0,0
1.397081,0,0,0,0,0,0,0,0
1.398656,0,0,0,0,0,0,0,0
1.400273,0,0,0,0,0,0,0,0
1.401844,0,0,0,0,0,0,0,0
1.403431,0,0,0,0,0,0,0,0
1.405003,0,0,0,0,0,0,0,0
1.406577,0,0,0,0,0,0,0,0
1.408023,0,0,0,0,0,0,0,0
1.409561,0,0,0,0,0,0,0,0
1.411052,0,0,0,0,0,0,0,0
1.412659,0,0,0,0,0,0,0,0
1.414234,0,0,0,0,0,0,0,0
1.415858,0,0,0,0,0,0,0,0
1.417474,0,0,0,0,0,0,0,0
1.419046,0,0,0,0,0,0,0,0
1.420616,0,0,0,0,0,0,0,0
1.422185,0,0,0,0,0,0,0,0
1.423807,0,0,0,0,0,0,0,0
1.425390,0,0,0,0,0,0,0,0
1.426963,0,0,0,0,0,0,0,0
1.428533,0,0,0,0,0,0,0,0
1.430104,0,0,0,0,0,0,0,0
1.431674,0,0,0,0,0,0,0,0
1.433244,0,0,0,0,0,0,0,0
1.434703,0,0,0,0,0,0,0,0
1.436302,0,0,0,0,0,0,0,0
1.437843,0,0,0,0,0,0,0,0
1.439544,0,0,0,0,0,0,0,0
1.441014,0,0,0,0,0,0,0,0
1.442557,0,0,0,0,0,0,0,0
1.444127,0,0,0,0,0,0,0,0
1.445695,0,0,0,0,0,0,0,0
1.447280,0,0,0,0,0,0,0,0
1.448893,0,0,0,0,0,0,0,0
1.450476,0,0,0,0,0,0,0,0
1.452056,0,0,0,0,0,0,0,0
1.453628,0,0,0,0,0,0,0,0
1.455203,0,0,0,0,0,0,0,0
1.456778,0,0,0,0,0,0,0,0
1.458364,0,0,0,0,0,0,0,0
1.459848,0,0,0,0,0,0,0,0
1.461260,0,0,0,0,0,0,0,0
1.462803,0,0,0,0,0,0,0,0
1.464421,0,0,0,0,0,0,0,0
1.465994,0,0,0,0,0,0,0,0
1.467570,0,0,0,0,0,0,0,0
1.469157,0,0,0,0,0,0,0,0
1.470732,0,0,0,0,0,0,0,0
1.472306,0,0,0,0,0,0,0,0
1.473879,0,0,0,0,0,0,0,0
1.475454,0,0,0,0,0,0,0,0
1.477017,0,0,0,0,0,0,0,0
1.478691,0,0,0,0,0,0,0,0
1.481029,0,0,0,0,0,0,0,0
1.482444,0,0,0,0,0,0,0,0
1.484032,0,0,0,0,0,0,0,0
1.485604,0,0,0,0,0,0,0,0
1.487180,0,0,0,0,0,0,0,0
1.488790,0,0,0,0,0,0,0,0
1.490362,0,0,0,0,0,0,0,0
1.491950,0,0,0,0,0,0,0,0
1.493522,0,0,0,0,0,0,0,0
1.495098,0,0,0,0,0,0,0,0
1.496716,0,0,0,0,0,0,0,0
1.498288,0,0,0,0,0,0,0,0
1.499867,0,0,0,0,0,0,0,0
1.501439,0,0,0,0,0,0,0,0
1.503027,0,0,0,0,0,0,0,0
1.504601,0,0,0,0,0,0,0,0
1.506173,0,0,0,0,0,0,0,0
1.507822,0,0,0,0,0,0,0,0
1.509394,0,0,0,0,0,0,0,0
1.510969,0,0,0,0,0,0,0,0
1.512587,0,0,0,0,0,0,0,0
1.514173,0,0,0,0,0,0,0,0
1.515798,0,0,0,0,0,0,0,0
1.517372,0,0,0,0,0,0,0,0
1.518948,0,0,0,0,0,0,0,0
1.520521,0,0,0,0,0,0,0,0
1.522094,0,0,0,0,0,0,0,0
1.523668,0,0,0,0,0,0,0,0
1.525127,0,0,0,0,0,0,0,0
1.526675,0,0,0,0,0,0,0,0
1.528294,0,0,0,0,0,0,0,0
1.529867,0,0,0,0,0,0,0,0
1.531440,0,0,0,0,0,0,0,0
1.533013,0,0,0,0,0,0,0,0
1.534589,0,0,0,0,0,0,0,0
1.536183,0,0,0,0,0,0,0,0
1.537755,0,0,0,0,0,0,0,0
1.539330,0,0,0,0,0,0,0,0
1.540905,0,0,0,0,0,0,0,0
1.542477,0,0,0,0,0,0,0,0
1.544054,0,0,0,0,0,0,0,0
1.545627,0,0,0,0,0,0,0,0
1.547216,0,0,0,0,0,0,0,0
1.548791,0,0,0,0,0,0,0,0
1.550363,0,0,0,0,0,0,0,0
1.551907,0,0,0,0,0,0,0,0
1.553320,0,0,0,0,0,0,0,0
1.554863,0,0,0,0,0,0,0,0
1.556437,0,0,0,0,0,0,0,0
1.558022,0,0,0,0,0,0,0,0
1.559597,0,0,0,0,0,0,0,0
1.561173,0,0,0,0,0,0,0,0
1.562748,0,0,0,0,0,0,0,0
1.564322,0,0,0,0,0,0,0,0
1.565895,0,0,0,0,0,0,0,0
1.567470,0,0,0,0,0,0,0,0
1.569057,0,0,0,0,0,0,0,0
1.570633,0,0,0,0,0,0,0,0
1.572207,0,0,0,0,0,0,0,0
1.573780,0,0,0,0,0,0,0,0
1.575355,0,0,0,0,0,0,0,0
1.576932,0,0,0,0,0,0,0,0
1.578502,0,0,0,0,0,0,0,0
1.579999,0,0,0,0,0,0,0,0
1.581534,0,0,0,0,0,0,0,0
1.582975,0,0,0,0,0,0,0,0
1.584387,0,0,0,0,0,0,0,0
1.585925,0,0,0,0,0,0,0,0
1.587498,0,0,0,0,0,0,0,0
1.589071,0,0,0,0,0,0,0,0
1.590658,0,0,0,0,0,0,0,0
1.592276,0,0,0,0,0,0,0,0
1.593847,0,0,0,0,0,0,0,0
1.595421,0,0,0,0,0,0,0,0
1.596994,0,0,0,0,0,0,0,0
1.598569,0,0,0,0,0,0,0,0
1.600142,0,0,0,0,0,0,0,0
1.601726,0,0,0,0,0,0,0,0
1.603301,0,0,0,0,0,0,0,0
1.604875,0,0,0,0,0,0,0,0
1.606446,0,0,0,0,0,0,0,0
1.608179,0,0,0,0,0,0,0,0
1.609671,0,0,0,0,0,0,0,0
1.611219,0,0,0,0,0,0,0,0
1.612681,0,0,0,0,0,0,0,0
1.614224,0,0,0,0,0,0,0,0
1.615888,0,0,0,0,0,0,0,0
1.617462,0,0,0,0,0,0,0,0
1.619040,0,0,0,0,0,0,0,0
1.620615,0,0,0,0,0,0,0,0
1.622187,0,0,0,0,0,0,0,0
1.623827,0,0,0,0,0,0,0,0
1.625445,0,0,0,0,0,0,0,0
1.627021,0,0,0,0,0,0,0,0
1.628595,0,0,0,0,0,0,0,0
1.630168,0,0,0,0,0,0,0,0
1.631812,0,0,0,0,0,0,0,0
1.633385,0,0,0,0,0,0,0,0
1.634850,0,0,0,0,0,0,0,0
1.636401,0,0,0,0,0,0,0,0
1.637978,0,0,0,0,0,0,0,0
1.639556,0,0,0,0,0,0,0,0
1.641137,0,0,0,0,0,0,0,0
1.642716,0,0,0,0,0,0,0,0
1.644294,0,0,0,0,0,0,0,0
1.645884,0,0,0,0,0,0,0,0
1.647461,0,0,0,0,0,0,0,0
1.649039,0,0,0,0,0,0,0,0
1.650620,0,0,0,0,0,0,0,0
1.652199,0,0,0,0,0,0,0,0
1.653775,0,0,0,0,0,0,0,0
1.655356,0,0,0,0,0,0,0,0
1.656947,0,0,0,0,0,0,0,0
1.658611,0,0,0,0,0,0,0,0
1.660064,0,0,0,0,0,0,0,0
1.661609,0,0,0,0,0,0,0,0
1.663189,0,0,0,0,0,0,0,0
1.664766,0,0,0,0,0,0,0,0
1.666343,0,0,0,0,0,0,0,0
1.667811,0,0,0,0,0,0,0,0
1.669476,0,0,0,0,0,0,0,0
1.671127,0,0,0,0,0,0,0,0
1.672631,0,0,0,0,0,0,0,0
1.674075,0,0,0,0,0,0,0,0
1.675498,0,0,0,0,0,0,0,0
1.676912,0,0,0,0,0,0,0,0
1.678339,0,0,0,0,0,0,0,0
1.679754,0,0,0,0,0,0,0,0
1.681167,0,0,0,0,0,0,0,0
1.682712,0,0,0,0,0,0,0,0
1.684281,0,0,0,0,0,0,0,0
1.685848,0,0,0,0,0,0,0,0
1.687290,0,0,0,0,0,0,0,0
1.688760,0,0,0,0,0,0,0,0
1.690304,0,0,0,0,0,0,0,0
1.691885,0,0,0,0,0,0,0,0
1.693460,0,0,0,0,0,0,0,0
1.695038,0,0,0,0,0,0,0,0
1.696613,0,0,0,0,0,0,0,0
1.698188,0,0,0,0,0,0,0,0
1.699705,0,0,0,0,0,0,0,0
1.701251,0,0,0,0,0,0,0,0
1.702829,0,0,0,0,0,0,0,0
1.704451,0,0,0,0,0,0,0,0
1.706027,0,0,0,0,0,0,0,0
1.707604,0,0,0,0,0,0,0,0
1.709180,0,0,0,0,0,0,0,0
1.710771,0,0,0,0,0,0,0,0
1.712349,0,0,0,0,0,0,0,0
1.713925,0,0,0,0,0,0,0,0
1.715501,0,0,0,0,0,0,0,0
1.717078,0,0,0,0,0,0,0,0
1.718523,0,0,0,0,0,0,0,0
1.720129,0,0,0,0,0,0,0,0
1.721717,0,0,0,0,0,0,0,0
1.723297,0,0,0,0,0,0,0,0
1.724875,0,0,0,0,0,0,0,0
1.726451,0,0,0,0,0,0,0,0
1.728033,0,0,0,0,0,0,0,0
1.729609,0,0,0,0,0,0,0,0
1.731188,0,0,0,0,0,0,0,0
1.732777,0,0,0,0,0,0,0,0
1.734353,0,0,0,0,0,0,0,0
1.735933,0,0,0,0,0,0,0,0
1.737554,0,0,0,0,0,0,0,0
1.739133,0,0,0,0,0,0,0,0
1.740712,0,0,0,0,0,0,0,0
1.742288,0,0,0,0,0,0,0,0
1.743918,0,0,0,0,0,0,0,0
1.745492,0,0,0,0,0,0,0,0
1.747067,0,0,0,0,0,0,0,0
1.748642,0,0,0,0,0,0,0,0
1.750216,0,0,0,0,0,0,0,0
1.751755,0,0,0,0,0,0,0,0
1.753303,0,0,0,0,0,0,0,0
1.754895,0,0,0,0,0,0,0,0
1.756473,0,0,0,0,0,0,0,0
1.758049,0,0,0,0,0,0,0,0
1.759626,0,0,0,0,0,0,0,0
1.761202,0,0,0,0,0,0,0,0
1.762781,0,0,0,0,0,0,0,0
1.764359,0,0,0,0,0,0,0,0
1.765949,0,0,0,0,0,0,0,0
1.767527,0,0,0,0,0,0,0,0
1.769106,0,0,0,0,0,0,0,0
1.770684,0,0,0,0,0,0,0,0
1.772263,0,0,0,0,0,0,0,0
1.773837,0,0,0,0,0,0,0,0
1.775415,0,0,0,0,0,0,0,0
1.777006,0,0,0,0,0,0,0,0
1.778586,0,0,0,0,0,0,0,0
1.780164,0,0,0,0,0,0,0,0
1.781740,0,0,0,0,0,0,0,0
1.783193,0,0,0,0,0,0,0,0
1.784791,0,0,0,0,0,0,0,0
1.786252,0,0,0,0,0,0,0,0
1.787699,0,0,0,0,0,0,0,0
1.789106,0,0,0,0,0,0,0,0
1.790493,0,0,0,0,0,0,0,0
1.791969,0,0,0,0,0,0,0,0
1.793374,0,0,0,0,0,0,0,0
1.794756,0,0,0,0,0,0,0,0
1.796296,0,0,0,0,0,0,0,0
1.797756,0,0,0,0,0,0,0,0
1.799303,0,0,0,0,0,0,0,0
1.800944,0,0,0,0,0,0,0,0
1.802498,0,0,0,0,0,0,0,0
1.803920,0,0,0,0,0,0,0,0
1.805329,0,0,0,0,0,0,0,0
1.806738,0,0,0,0,0,0,0,0
1.808162,0,0,0,0,0,0,0,0
1.809590,0,0,0,0,0,0,0,0
1.811011,0,0,0,0,0,0,0,0
1.812575,0,0,0,0,0,0,0,0
1.814145,0,0,0,0,0,0,0,0
1.815717,0,0,0,0,0,0,0,0
1.817287,0,0,0,0,0,0,0,0
1.818808,0,0,0,0,0,0,0,0
1.820222,0,0,0,0,0,0,0,0
1.821759,0,0,0,0,0,0,0,0
1.823332,0,0,0,0,0,0,0,0
1.824906,0,0,0,0,0,0,0,0
1.826476,0,0,0,0,0,0,0,0
1.827950,0,0,0,0,0,0,0,0
1.829384,0,0,0,0,0,0,0,0
1.830798,0,0,0,0,0,0,0,0
1.833468,0,0,0,0,0,0,0,0
1.835559,0,0,0,0,0,0,0,0
1.836969,0,0,0,0,0,0,0,0
1.838377,0,0,0,0,0,0,0,0
1.839796,0,0,0,0,0,0,0,0
1.841203,0,0,0,0,0,0,0,0
1.842612,0,0,0,0,0,0,0,0
1.844149,0,0,0,0,0,0,0,0
1.845720,0,0,0,0,0,0,0,0
1.847293,0,0,0,0,0,0,0,0
1.850824,0,0,0,0,0,0,0,0
1.855837,0,0,0,0,0,0,0,0
1.857264,0,0,0,0,0,0,0,0
1.858715,0,0,0,0,0,0,0,0
1.860156,0,0,0,0,0,0,0,0
1.861561,0,0,0,0,0,0,0,0
1.862967,0,0,0,0,0,0,0,0
1.864417,0,0,0,0,0,0,0,0
1.865843,0,0,0,0,0,0,0,0
1.867252,0,0,0,0,0,0,0,0
1.868661,0,0,0,0,0,0,0,0
1.870069,0,0,0,0,0,0,0,0
1.871479,0,0,0,0,0,0,0,0
1.872888,0,0,0,0,0,0,0,0
1.874296,0,0,0,0,0,0,0,0
1.875706,0,0,0,0,0,0,0,0
1.877125,0,0,0,0,0,0,0,0
1.878534,0,0,0,0,0,0,0,0
1.879943,0,0,0,0,0,0,0,0
1.881387,0,0,0,0,0,0,0,0
1.882797,0,0,0,0,0,0,0,0
1.884206,0,0,0,0,0,0,0,0
1.885613,0,0,0,0,0,0,0,0
1.887023,0,0,0,0,0,0,0,0
1.888447,0,0,0,0,0,0,0,0
1.889855,0,0,0,0,0,0,0,0
1.891265,0,0,0,0,0,0,0,0
1.892667,0,0,0,0,0,0,0,0
1.894069,0,0,0,0,0,0,0,0
1.895472,0,0,0,0,0,0,0,0
1.897011,0,0,0,0,0,0,0,0
1.898597,0,0,0,0,0,0,0,0
1.900170,0,0,0,0,0,0,0,0
1.901741,0,0,0,0,0,0,0,0
1.903314,0,0,0,0,0,0,0,0
1.904887,0,0,0,0,0,0,0,0
1.906459,0,0,0,0,0,0,0,0
1.908037,0,0,0,0,0,0,0,0
1.909495,0,0,0,0,0,0,0,0
1.911045,0,0,0,0,0,0,0,0
1.912665,0,0,0,0,0,0,0,0
1.914240,0,0,0,0,0,0,0,0
1.915910,0,0,0,0,0,0,0,0
1.917483,0,0,0,0,0,0,0,0
1.919062,0,0,0,0,0,0,0,0
1.920650,0,0,0,0,0,0,0,0
1.922225,0,0,0,0,0,0,0,0
1.923856,0,0,0,0,0,0,0,0
1.925431,0,0,0,0,0,0,0,0
1.927009,0,0,0,0,0,0,0,0
1.928629,0,0,0,0,0,0,0,0
1.930204,0,0,0,0,0,0,0,0
1.931873,0,0,0,0,0,0,0,0
1.933448,0,0,0,0,0,0,0,0
1.935026,0,0,0,0,0,0,0,0
1.936602,0,0,0,0,0,0,0,0
1.938177,0,0,0,0,0,0,0,0
1.939689,0,0,0,0,0,0,0,0
1.941235,0,0,0,0,0,0,0,0
1.942825,0,0,0,0,0,0,0,0
1.944445,0,0,0,0,0,0,0,0
1.945989,0,0,0,0,0,0,0,0
1.947566,0,0,0,0,0,0,0,0
1.949142,0,0,0,0,0,0,0,0
1.950722,0,0,0,0,0,0,0,0
1.952299,0,0,0,0,0,0,0,0
1.953888,0,0,0,0,0,0,0,0
1.955465,0,0,0,0,0,0,0,0
1.957043,0,0,0,0,0,0,0,0
1.958621,0,0,0,0,0,0,0,0
1.960243,0,0,0,0,0,0,0,0
1.961820,0,0,0,0,0,0,0,0
1.963396,0,0,0,0,0,0,0,0
1.964861,0,0,0,0,0,0,0,0
1.966408,0,0,0,0,0,0,0,0
1.967991,0,0,0,0,0,0,0,0
1.969567,0,0,0,0,0,0,0,0
1.971145,0,0,0,0,0,0,0,0
1.972723,0,0,0,0,0,0,0,0
1.974299,0,0,0,0,0,0,0,0
1.975894,0,0,0,0,0,0,0,0
1.977515,0,0,0,0,0,0,0,0
1.979094,0,0,0,0,0,0,0,0
1.980669,0,0,0,0,0,0,0,0
1.982267,0,0,0,0,0,0,0,0
1.983721,0,0,0,0,0,0,0,0
1.985263,0,0,0,0,0,0,0,0
1.986725,0,0,0,0,0,0,0,0
1.988274,0,0,0,0,0,0,0,0
1.989851,0,0,0,0,0,0,0,0
1.991429,0,0,0,0,0,0,0,0
1.993008,0,0,0,0,0,0,0,0
1.994587,0,0,0,0,0,0,0,0
1.996157,0,0,0,0,0,0,0,0
1.997739,0,0,0,0,0,0,0,0
1.999181,0,0,0,0,0,0,0,0
2.000765,0,0,0,0,0,0,0,0
2.002340,0,0,0,0,0,0,0,0
2.003920,0,0,0,0,0,0,0,0
2.005493,0,0,0,0,0,0,0,0
2.007071,0,0,0,0,0,0,0,0
2.008703,0,0,0,0,0,0,0,0
2.010201,0,0,0,0,0,0,0,0
2.011678,0,0,0,0,0,0,0,0
2.013220,0,0,0,0,0,0,0,0
2.014798,0,0,0,0,0,0,0,0
2.016376,0,0,0,0,0,0,0,0
2.017951,0,0,0,0,0,0,0,0
2.019542,0,0,0,0,0,0,0,0
2.021121,0,0,0,0,0,0,0,0
2.022699,0,0,0,0,0,0,0,0
2.024320,0,0,0,0,0,0,0,0
2.025895,0,0,0,0,0,0,0,0
2.027473,0,0,0,0,0,0,0,0
2.029051,0,0,0,0,0,0,0,0
2.030644,0,0,0,0,0,0,0,0
2.032219,0,0,0,0,0,0,0,0
2.033905,0,0,0,0,0,0,0,0
2.035485,0,0,0,0,0,0,0,0
2.037065,0,0,0,0,0,0,0,0
2.038645,0,0,0,0,0,0,0,0
2.040271,0,0,0,0,0,0,0,0
2.041863,0,0,0,0,0,0,0,0
2.043442,0,0,0,0,0,0,0,0
2.045020,0,0,0,0,0,0,0,0
2.046601,0,0,0,0,0,0,0,0
2.048179,0,0,0,0,0,0,0,0
2.049754,0,0,0,0,0,0,0,0
2.051335,0,0,0,0,0,0,0,0
2.052925,0,0,0,0,0,0,0,0
2.054501,0,0,0,0,0,0,0,0
2.055901,0,0,0,0,0,0,0,0
2.057320,0,0,0,0,0,0,0,0
2.058866,0,0,0,0,0,0,0,0
2.060444,0,0,0,0,0,0,0,0
2.062021,0,0,0,0,0,0,0,0
2.063612,0,0,0,0,0,0,0,0
2.065191,0,0,0,0,0,0,0,0
2.066771,0,0,0,0,0,0,0,0
2.068350,0,0,0,0,0,0,0,0
2.069926,0,0,0,0,0,0,0,0
2.071507,0,0,0,0,0,0,0,0
2.073087,0,0,0,0,0,0,0,0
2.074555,0,0,0,0,0,0,0,0
2.076107,0,0,0,0,0,0,0,0
2.077682,0,0,0,0,0,0,0,0
2.079263,0,0,0,0,0,0,0,0
2.080842,0,0,0,0,0,0,0,0
2.082418,0,0,0,0,0,0,0,0
2.084001,0,0,0,0,0,0,0,0
2.085597,0,0,0,0,0,0,0,0
2.087177,0,0,0,0,0,0,0,0
2.088799,0,0,0,0,0,0,0,0
2.090376,0,0,0,0,0,0,0,0
2.091997,0,0,0,0,0,0,0,0
2.093573,0,0,0,0,0,0,0,0
2.095154,0,0,0,0,0,0,0,0
2.096746,0,0,0,0,0,0,0,0
2.098324,0,0,0,0,0,0,0,0
2.099901,0,0,0,0,0,0,0,0
2.101469,0,0,0,0,0,0,0,0
2.102914,0,0,0,0,0,0,0,0
2.104505,0,0,0,0,0,0,0,0
2.106081,0,0,0,0,0,0,0,0
2.107673,0,0,0,0,0,0,0,0
2.109250,0,0,0,0,0,0,0,0
2.110830,0,0,0,0,0,0,0,0
2.112407,0,0,0,0,0,0,0,0
2.113982,0,0,0,0,0,0,0,0
2.115560,0,0,0,0,0,0,0,0
2.117138,0,0,0,0,0,0,0,0
2.118728,0,0,0,0,0,0,0,0
2.120361,0,0,0,0,0,0,0,0
2.121938,0,0,0,0,0,0,0,0
2.123518,0,0,0,0,0,0,0,0
2.125096,0,0,0,0,0,0,0,0
2.126677,0,0,0,0,0,0,0,0
2.128256,0,0,0,0,0,0,0,0
2.129721,0,0,0,0,0,0,0,0
2.131273,0,0,0,0,0,0,0,0
2.132853,0,0,0,0,0,0,0,0
2.134430,0,0,0,0,0,0,0,0
2.136013,0,0,0,0,0,0,0,0
2.137636,0,0,0,0,0,0,0,0
2.139217,0,0,0,0,0,0,0,0
2.140810,0,0,0,0,0,0,0,0
2.142387,0,0,0,0,0,0,0,0
2.143964,0,0,0,0,0,0,0,0
2.145531,0,0,0,0,0,0,0,0
2.146980,0,0,0,0,0,0,0,0
2.148533,0,0,0,0,0,0,0,0
2.150109,0,0,0,0,0,0,0,0
2.151700,0,0,0,0,0,0,0,0
2.153279,0,0,0,0,0,0,0,0
2.154859,0,0,0,0,0,0,0,0
2.156438,0,0,0,0,0,0,0,0
2.158015,0,0,0,0,0,0,0,0
2.159593,0,0,0,0,0,0,0,0
2.161171,0,0,0,0,0,0,0,0
2.162766,0,0,0,0,0,0,0,0
2.164345,0,0,0,0,0,0,0,0
2.165923,0,0,0,0,0,0,0,0
2.167503,0,0,0,0,0,0,0,0
2.169082,0,0,0,0,0,0,0,0
2.170664,0,0,0,0,0,0,0,0
2.172244,0,0,0,0,0,0,0,0
2.173834,0,0,0,0,0,0,0,0
2.175413,0,0,0,0,0,0,0,0
2.176992,0,0,0,0,0,0,0,0
2.178574,0,0,0,0,0,0,0,0
2.180151,0,0,0,0,0,0,0,0
2.181728,0,0,0,0,0,0,0,0
2.183310,0,0,0,0,0,0,0,0
2.184834,0,0,0,0,0,0,0,0
2.186437,0,0,0,0,0,0,0,0
2.188074,0,0,0,0,0,0,0,0
2.189703,0,0,0,0,0,0,0,0
2.191338,0,0,0,0,0,0,0,0
2.192964,0,0,0,0,0,0,0,0
2.194599,0,0,0,0,0,0,0,0
2.196245,0,0,0,0,0,0,0,0
2.197875,0,0,0,0,0,0,0,0
2.199508,0,0,0,0,0,0,0,0
2.201142,0,0,0,0,0,0,0,0
2.202775,0,0,0,0,0,0,0,0
2.204397,0,0,0,0,0,0,0,0
2.206018,0,0,0,0,0,0,0,0
2.207521,0,0,0,0,0,0,0,0
2.209119,0,0,0,0,0,0,0,0
2.210599,0,0,0,0,0,0,0,0
2.212206,0,0,0,0,0,0,0,0
2.213834,0,0,0,0,0,0,0,0
2.215464,0,0,0,0,0,0,0,0
2.217096,0,0,0,0,0,0,0,0
2.218740,0,0,0,0,0,0,0,0
2.220370,0,0,0,0,0,0,0,0
2.221997,0,0,0,0,0,0,0,0
2.223629,0,0,0,0,0,0,0,0
2.225258,0,0,0,0,0,0,0,0
2.226888,0,0,0,0,0,0,0,0
2.228517,0,0,0,0,0,0,0,0
2.230158,0,0,0,0,0,0,0,0
2.231885,0,0,0,0,0,0,0,0
2.233513,0,0,0,0,0,0,0,0
2.235140,0,0,0,0,0,0,0,0
2.236764,0,0,0,0,0,0,0,0
2.238381,0,0,0,0,0,0,0,0
2.239961,0,0,0,0,0,0,0,0
2.241549,0,0,0,0,0,0,0,0
2.243124,0,0,0,0,0,0,0,0
2.244699,0,0,0,0,0,0,0,0
2.246279,0,0,0,0,0,0,0,0
2.247911,0,0,0,0,0,0,0,0
2.249588,0,0,0,0,0,0,0,0
2.251216,0,0,0,0,0,0,0,0
2.252854,0,0,0,0,0,0,0,0
2.254478,0,0,0,0,0,0,0,0
2.256029,0,0,0,0,0,0,0,0
2.257494,0,0,0,0,0,0,0,0
2.259093,0,0,0,0,0,0,0,0
2.260760,0,0,0,0,0,0,0,0
2.262391,0,0,0,0,0,0,0,0
2.264039,0,0,0,0,0,0,0,0
2.265667,0,0,0,0,0,0,0,0
2.267322,0,0,0,0,0,0,0,0
2.268952,0,0,0,0,0,0,0,0
2.270584,0,0,0,0,0,0,0,0
2.272215,0,0,0,0,0,0,0,0
2.273844,0,0,0,0,0,0,0,0
2.275357,0,0,0,0,0,0,0,0
2.276958,0,0,0,0,0,0,0,0
2.278587,0,0,0,0,0,0,0,0
2.280253,0,0,0,0,0,0,0,0
2.281949,0,0,0,0,0,0,0,0
2.283580,0,0,0,0,0,0,0,0
2.285209,0,0,0,0,0,0,0,0
2.286856,0,0,0,0,0,0,0,0
2.288636,0,0,0,0,0,0,0,0
2.290701,0,0,0,0,0,0,0,0
2.292184,0,0,0,0,0,0,0,0
2.293654,0,0,0,0,0,0,0,0
2.295110,0,0,0,0,0,0,0,0
2.296613,0,0,0,0,0,0,0,0
2.298078,0,0,0,0,0,0,0,0
2.299532,0,0,0,0,0,0,0,0
2.301083,0,0,0,0,0,0,0,0
2.302651,0,0,0,0,0,0,0,0
2.304246,0,0,0,0,0,0,0,0
2.305867,0,0,0,0,0,0,0,0
2.307356,0,0,0,0,0,0,0,0
2.308960,0,0,0,0,0,0,0,0
2.310679,0,0,0,0,0,0,0,0
2.312359,0,0,0,0,0,0,0,0
2.313989,0,0,0,0,0,0,0,0
2.315621,0,0,0,0,0,0,0,0
2.317251,0,0,0,0,0,0,0,0
2.318885,0,0,0,0,0,0,0,0
2.320398,0,0,0,0,0,0,0,0
2.321999,0,0,0,0,0,0,0,0
2.323630,0,0,0,0,0,0,0,0
2.325260,0,0,0,0,0,0,0,0
2.326892,0,0,0,0,0,0,0,0
2.328575,0,0,0,0,0,0,0,0
2.330205,0,0,0,0,0,0,0,0
2.331942,0,0,0,0,0,0,0,0
2.333572,0,0,0,0,0,0,0,0
2.335083,0,0,0,0,0,0,0,0
2.336676,0,0,0,0,0,0,0,0
2.338295,0,0,0,0,0,0,0,0
2.339812,0,0,0,0,0,0,0,0
2.341411,0,0,0,0,0,0,0,0
2.343053,0,0,0,0,0,0,0,0
2.344734,0,0,0,0,0,0,0,0
2.346361,0,0,0,0,0,0,0,0
2.348019,0,0,0,0,0,0,0,0
2.349647,0,0,0,0,0,0,0,0
2.351277,0,0,0,0,0,0,0,0
2.352908,0,0,0,0,0,0,0,0
2.354418,0,0,0,0,0,0,0,0
2.356023,0,0,0,0,0,0,0,0
2.357651,0,0,0,0,0,0,0,0
2.359285,0,0,0,0,0,0,0,0
2.360917,0,0,0,0,0,0,0,0
2.362616,0,0,0,0,0,0,0,0
2.364045,0,0,0,0,0,0,0,0
2.365653,0,0,0,0,0,0,0,0
2.367283,0,0,0,0,0,0,0,0
2.368904,0,0,0,0,0,0,0,0
2.370523,0,0,0,0,0,0,0,0
2.372095,0,0,0,0,0,0,0,0
2.373589,0,0,0,0,0,0,0,0
2.375053,0,0,0,0,0,0,0,0
2.376572,0,0,0,0,0,0,0,0
2.378031,0,0,0,0,0,0,0,0
2.379491,0,0,0,0,0,0,0,0
2.380949,0,0,0,0,0,0,0,0
2.382636,0,0,0,0,0,0,0,0
2.384078,0,0,0,0,0,0,0,0
2.385541,0,0,0,0,0,0,0,0
2.387148,0,0,0,0,0,0,0,0
2.388791,0,0,0,0,0,0,0,0
2.390419,0,0,0,0,0,0,0,0
2.392120,0,0,0,0,0,0,0,0
2.393635,0,0,0,0,0,0,0,0
2.395103,0,0,0,0,0,0,0,0
2.396701,0,0,0,0,0,0,0,0
2.398344,0,0,0,0,0,0,0,0
2.399977,0,0,0,0,0,0,0,0
2.401605,0,0,0,0,0,0,0,0
2.403236,0,0,0,0,0,0,0,0
2.404866,0,0,0,0,0,0,0,0
2.406496,0,0,0,0,0,0,0,0
2.407989,0,0,0,0,0,0,0,0
2.409510,0,0,0,0,0,0,0,0
2.410997,0,0,0,0,0,0,0,0
2.412599,0,0,0,0,0,0,0,0
2.414228,0,0,0,0,0,0,0,0
2.415920,0,0,0,0,0,0,0,0
2.417550,0,0,0,0,0,0,0,0
2.419183,0,0,0,0,0,0,0,0
2.420827,0,0,0,0,0,0,0,0
2.422455,0,0,0,0,0,0,0,0
2.424140,0,0,0,0,0,0,0,0
2.425769,0,0,0,0,0,0,0,0
2.427404,0,0,0,0,0,0,0,0
2.429035,0,0,0,0,0,0,0,0
2.430667,0,0,0,0,0,0,0,0
2.432313,0,0,0,0,0,0,0,0
2.433943,0,0,0,0,0,0,0,0
2.435575,0,0,0,0,0,0,0,0
2.438066,0,0,0,0,0,0,0,0
2.439915,0,0,0,0,0,0,0,0
2.441431,0,0,0,0,0,0,0,0
2.443095,0,0,0,0,0,0,0,0
2.444574,0,0,0,0,0,0,0,0
2.446276,0,0,0,0,0,0,0,0
2.448906,0,0,0,0,0,0,0,0
2.450406,0,0,0,0,0,0,0,0
2.451990,0,0,0,0,0,0,0,0
2.453573,0,0,0,0,0,0,0,0
2.455040,0,0,0,0,0,0,0,0
2.456541,0,0,0,0,0,0,0,0
2.457991,0,0,0,0,0,0,0,0
2.459443,0,0,0,0,0,0,0,0
2.460894,0,0,0,0,0,0,0,0
2.462346,0,0,0,0,0,0,0,0
2.463815,0,0,0,0,0,0,0,0
2.465270,0,0,0,0,0,0,0,0
2.466725,0,0,0,0,0,0,0,0
2.468180,0,0,0,0,0,0,0,0
2.469635,0,0,0,0,0,0,0,0
2.471091,0,0,0,0,0,0,0,0
2.472605,0,0,0,0,0,0,0,0
2.474043,0,0,0,0,0,0,0,0
2.475474,0,0,0,0,0,0,0,0
2.476904,0,0,0,0,0,0,0,0
2.478332,0,0,0,0,0,0,0,0
2.479843,0,0,0,0,0,0,0,0
2.481271,0,0,0,0,0,0,0,0
2.482699,0,0,0,0,0,0,0,0
2.484133,0,0,0,0,0,0,0,0
2.485561,0,0,0,0,0,0,0,0
2.486987,0,0,0,0,0,0,0,0
2.488458,0,0,0,0,0,0,0,0
2.489868,0,0,0,0,0,0,0,0
2.491277,0,0,0,0,0,0,0,0
2.492686,0,0,0,0,0,0,0,0
2.494096,0,0,0,0,0,0,0,0
2.495512,0,0,0,0,0,0,0,0
2.496922,0,0,0,0,0,0,0,0
2.498330,0,0,0,0,0,0,0,0
2.499760,0,0,0,0,0,0,0,0
2.501169,0,0,0,0,0,0,0,0
2.502582,0,0,0,0,0,0,0,0
2.503994,0,0,0,0,0,0,0,0
2.505429,0,0,0,0,0,0,0,0
2.506827,0,0,0,0,0,0,0,0
2.508223,0,0,0,0,0,0,0,0
2.509619,0,0,0,0,0,0,0,0
2.511012,0,0,0,0,0,0,0,0
2.512405,0,0,0,0,0,0,0,0
2.513798,0,0,0,0,0,0,0,0
2.515191,0,0,0,0,0,0,0,0
2.516584,0,0,0,0,0,0,0,0
2.518012,0,0,0,0,0,0,0,0
2.519405,0,0,0,0,0,0,0,0
2.520833,0,0,0,0,0,0,0,0
2.522220,0,0,0,0,0,0,0,0
2.523643,0,0,0,0,0,0,0,0
2.525032,0,0,0,0,0,0,0,0
2.526418,0,0,0,0,0,0,0,0
2.527869,0,0,0,0,0,0,0,0
2.529222,0,0,0,0,0,0,0,0
2.530558,0,0,0,0,0,0,0,0
2.531895,0,0,0,0,0,0,0,0
2.533231,0,0,0,0,0,0,0,0
2.534566,0,0,0,0,0,0,0,0
2.535901,0,0,0,0,0,0,0,0
2.537270,0,0,0,0,0,0,0,0
2.538598,0,0,0,0,0,0,0,0
2.539933,0,0,0,0,0,0,0,0
2.541263,0,0,0,0,0,0,0,0
2.542593,0,0,0,0,0,0,0,0
2.543923,0,0,0,0,0,0,0,0
2.545252,0,0,0,0,0,0,0,0
2.546579,0,0,0,0,0,0,0,0
2.547909,0,0,0,0,0,0,0,0
2.549237,0,0,0,0,0,0,0,0
2.550570,0,0,0,0,0,0,0,0
2.551966,0,0,0,0,0,0,0,0
2.553265,0,0,0,0,0,0,0,0
2.554540,0,0,0,0,0,0,0,0
2.555819,0,0,0,0,0,0,0,0
2.557094,0,0,0,0,0,0,0,0
2.558371,0,0,0,0,0,0,0,0
2.559657,0,0,0,0,0,0,0,0
2.560937,0,0,0,0,0,0,0,0
2.562212,0,0,0,0,0,0,0,0
2.563538,0,0,0,0,0,0,0,0
2.564955,0,0,0,0,0,0,0,0
2.566258,0,0,0,0,0,0,0,0
2.567554,0,0,0,0,0,0,0,0
2.568851,0,0,0,0,0,0,0,0
2.570231,0,0,0,0,0,0,0,0
2.571556,0,0,0,0,0,0,0,0
2.572947,0,0,0,0,0,0,0,0
2.574350,0,0,0,0,0,0,0,0
2.575633,0,0,0,0,0,0,0,0
2.576912,0,0,0,0,0,0,0,0
2.578186,0,0,0,0,0,0,0,0
2.579459,0,0,0,0,0,0,0,0
2.580741,0,0,0,0,0,0,0,0
2.582022,0,0,0,0,0,0,0,0
2.583345,0,0,0,0,0,0,0,0
2.584651,0,0,0,0,0,0,0,0
2.585922,0,0,0,0,0,0,0,0
2.587198,0,0,0,0,0,0,0,0
2.588469,0,0,0,0,0,0,0,0
2.589740,0,0,0,0,0,0,0,0
2.591060,0,0,0,0,0,0,0,0
2.592335,0,0,0,0,0,0,0,0
2.593605,0,0,0,0,0,0,0,0
2.595013,0,0,0,0,0,0,0,0
2.596339,0,0,0,0,0,0,0,0
2.597609,0,0,0,0,0,0,0,0
2.598879,0,0,0,0,0,0,0,0
2.600163,0,0,0,0,0,0,0,0
2.601432,0,0,0,0,0,0,0,0
2.602753,0,0,0,0,0,0,0,0
2.604053,0,0,0,0,0,0,0,0
2.605333,0,0,0,0,0,0,0,0
2.606603,0,0,0,0,0,0,0,0
2.607873,0,0,0,0,0,0,0,0
2.609143,0,0,0,0,0,0,0,0
2.610464,0,0,0,0,0,0,0,0
2.611737,0,0,0,0,0,0,0,0
2.613010,0,0,0,0,0,0,0,0
2.614282,0,0,0,0,0,0,0,0
2.615583,0,0,0,0,0,0,0,0
2.616877,0,0,0,0,0,0,0,0
2.618154,0,0,0,0,0,0,0,0
2.619476,0,0,0,0,0,0,0,0
2.620781,0,0,0,0,0,0,0,0
2.622104,0,0,0,0,0,0,0,0
2.623430,0,0,0,0,0,0,0,0
2.624703,0,0,0,0,0,0,0,0
2.625975,0,0,0,0,0,0,0,0
2.627296,0,0,0,0,0,0,0,0
2.628579,0,0,0,0,0,0,0,0
2.629862,0,0,0,0,0,0,0,0
2.631133,0,0,0,0,0,0,0,0
2.632409,0,0,0,0,0,0,0,0
2.633688,0,0,0,0,0,0,0,0
2.634963,0,0,0,0,0,0,0,0
2.636238,0,0,0,0,0,0,0,0
2.637512,0,0,0,0,0,0,0,0
2.638788,0,0,0,0,0,0,0,0
2.640063,0,0,0,0,0,0,0,0
2.641341,0,0,0,0,0,0,0,0
2.642775,0,0,0,0,0,0,0,0
2.644053,0,0,0,0,0,0,0,0
2.645328,0,0,0,0,0,0,0,0
2.646760,0,0,0,0,0,0,0,0
2.648033,0,0,0,0,0,0,0,0
2.649305,0,0,0,0,0,0,0,0
2.650626,0,0,0,0,0,0,0,0
2.651901,0,0,0,0,0,0,0,0
2.653173,0,0,0,0,0,0,0,0
2.654448,0,0,0,0,0,0,0,0
2.655719,0,0,0,0,0,0,0,0
2.656991,0,0,0,0,0,0,0,0
2.658263,0,0,0,0,0,0,0,0
2.659551,0,0,0,0,0,0,0,0
2.660824,0,0,0,0,0,0,0,0
2.662095,0,0,0,0,0,0,0,0
2.663416,0,0,0,0,0,0,0,0
2.664715,0,0,0,0,0,0,0,0
2.665987,0,0,0,0,0,0,0,0
2.667258,0,0,0,0,0,0,0,0
2.668529,0,0,0,0,0,0,0,0
2.669802,0,0,0,0,0,0,0,0
2.671073,0,0,0,0,0,0,0,0
2.672344,0,0,0,0,0,0,0,0
2.673616,0,0,0,0,0,0,0,0
2.674891,0,0,0,0,0,0,0,0
2.676163,0,0,0,0,0,0,0,0
2.677434,0,0,0,0,0,0,0,0
2.678704,0,0,0,0,0,0,0,0
2.679975,0,0,0,0,0,0,0,0
2.681267,0,0,0,0,0,0,0,0
2.682539,0,0,0,0,0,0,0,0
2.683812,0,0,0,0,0,0,0,0
2.685089,0,0,0,0,0,0,0,0
2.686362,0,0,0,0,0,0,0,0
2.687636,0,0,0,0,0,0,0,0
2.688909,0,0,0,0,0,0,0,0
2.690182,0,0,0,0,0,0,0,0
2.691454,0,0,0,0,0,0,0,0
2.692726,0,0,0,0,0,0,0,0
2.693999,0,0,0,0,0,0,0,0
2.695276,0,0,0,0,0,0,0,0
2.696567,0,0,0,0,0,0,0,0
2.697840,0,0,0,0,0,0,0,0
2.699113,0,0,0,0,0,0,0,0
2.700385,0,0,0,0,0,0,0,0
2.701658,0,0,0,0,0,0,0,0
2.702931,0,0,0,0,0,0,0,0
2.704205,0,0,0,0,0,0,0,0
2.705530,0,0,0,0,0,0,0,0
2.706809,0,0,0,0,0,0,0,0
2.708082,0,0,0,0,0,0,0,0
2.709467,0,0,0,0,0,0,0,0
2.710787,0,0,0,0,0,0,0,0
2.712080,0,0,0,0,0,0,0,0
2.713354,0,0,0,0,0,0,0,0
2.714679,0,0,0,0,0,0,0,0
2.716126,0,0,0,0,0,0,0,0
2.717544,0,0,0,0,0,0,0,0
2.718899,0,0,0,0,0,0,0,0
2.720223,0,0,0,0,0,0,0,0
2.721654,0,0,0,0,0,0,0,0
2.723016,0,0,0,0,0,0,0,0
2.724422,0,0,0,0,0,0,0,0
2.725809,0,0,0,0,0,0,0,0
2.727198,0,0,0,0,0,0,0,0
2.728664,0,0,0,0,0,0,0,0
2.730003,0,0,0,0,0,0,0,0
2.731341,0,0,0,0,0,0,0,0
2.732737,0,0,0,0,0,0,0,0
2.734076,0,0,0,0,0,0,0,0
2.735414,0,0,0,0,0,0,0,0
2.736753,0,0,0,0,0,0,0,0
2.738097,0,0,0,0,0,0,0,0
2.739436,0,0,0,0,0,0,0,0
2.740774,0,0,0,0,0,0,0,0
2.742112,0,0,0,0,0,0,0,0
2.743451,0,0,0,0,0,0,0,0
2.744829,0,0,0,0,0,0,0,0
2.746239,0,0,0,0,0,0,0,0
2.747766,0,0,0,0,0,0,0,0
2.749189,0,0,0,0,0,0,0,0
2.750602,0,0,0,0,0,0,0,0
2.752013,0,0,0,0,0,0,0,0
2.753424,0,0,0,0,0,0,0,0
2.754836,0,0,0,0,0,0,0,0
2.756247,0,0,0,0,0,0,0,0
2.757656,0,0,0,0,0,0,0,0
2.759067,0,0,0,0,0,0,0,0
2.760531,0,0,0,0,0,0,0,0
2.761942,0,0,0,0,0,0,0,0
2.763355,0,0,0,0,0,0,0,0
2.764761,0,0,0,0,0,0,0,0
2.766165,0,0,0,0,0,0,0,0
2.767652,0,0,0,0,0,0,0,0
2.769062,0,0,0,0,0,0,0,0
2.770471,0,0,0,0,0,0,0,0
2.771893,0,0,0,0,0,0,0,0
2.773301,0,0,0,0,0,0,0,0
2.774711,0,0,0,0,0,0,0,0
2.776267,0,0,0,0,0,0,0,0
2.777916,0,0,0,0,0,0,0,0
2.779548,0,0,0,0,0,0,0,0
2.781180,0,0,0,0,0,0,0,0
2.782696,0,0,0,0,0,0,0,0
2.784170,0,0,0,0,0,0,0,0
2.785635,0,0,0,0,0,0,0,0
2.787099,0,0,0,0,0,0,0,0
2.788559,0,0,0,0,0,0,0,0
2.790019,0,0,0,0,0,0,0,0
2.791569,0,0,0,0,0,0,0,0
2.793082,0,0,0,0,0,0,0,0
2.794552,0,0,0,0,0,0,0,0
2.796014,0,0,0,0,0,0,0,0
2.797474,0,0,0,0,0,0,0,0
2.798935,0,0,0,0,0,0,0,0
2.800395,0,0,0,0,0,0,0,0
2.801989,0,0,0,0,0,0,0,0
2.803502,0,0,0,0,0,0,0,0
2.805211,0,0,0,0,0,0,0,0
2.806953,0,0,0,0,0,0,0,0
2.808773,0,0,0,0,0,0,0,0
2.810604,0,0,0,0,0,0,0,0
2.812159,0,0,0,0,0,0,0,0
2.813739,0,0,0,0,0,0,0,0
2.815445,0,0,0,0,0,0,0,0
2.817177,0,0,0,0,0,0,0,0
2.818780,0,0,0,0,0,0,0,0
2.820493,0,0,0,0,0,0,0,0
2.822232,0,0,0,0,0,0,0,0
2.823992,0,0,0,0,0,0,0,0
2.825796,0,0,0,0,0,0,0,0
2.827536,0,0,0,0,0,0,0,0
2.829276,0,0,0,0,0,0,0,0
2.831018,0,0,0,0,0,0,0,0
2.832759,0,0,0,0,0,0,0,0
2.834365,0,0,0,0,0,0,0,0
2.836101,0,0,0,0,0,0,0,0
2.837839,0,0,0,0,0,0,0,0
2.839581,0,0,0,0,0,0,0,0
2.841322,0,0,0,0,0,0,0,0
2.843065,0,0,0,0,0,0,0,0
2.844822,0,0,0,0,0,0,0,0
2.846565,0,0,0,0,0,0,0,0
2.848304,0,0,0,0,0,0,0,0
2.850043,0,0,0,0,0,0,0,0
2.851746,0,0,0,0,0,0,0,0
2.853455,0,0,0,0,0,0,0,0
2.855210,0,0,0,0,0,0,0,0
2.856952,0,0,0,0,0,0,0,0
2.858694,0,0,0,0,0,0,0,0
2.860432,0,0,0,0,0,0,0,0
2.862171,0,0,0,0,0,0,0,0
2.863985,0,0,0,0,0,0,0,0
2.865771,0,0,0,0,0,0,0,0
2.867379,0,0,0,0,0,0,0,0
2.869004,0,0,0,0,0,0,0,0
2.870838,0,0,0,0,0,0,0,0
2.872425,0,0,0,0,0,0,0,0
2.873950,0,0,0,0,0,0,0,0
2.875949,0,0,0,0,0,0,0,0
2.877490,0,0,0,0,0,0,0,0
2.879088,0,0,0,0,0,0,0,0
2.881440,0,0,0,0,0,0,0,0
2.883272,0,0,0,0,0,0,0,0
2.884748,0,0,0,0,0,0,0,0
2.886815,0,0,0,0,0,0,0,0
2.889125,0,0,0,0,0,0,0,0
2.890966,0,0,0,0,0,0,0,0
2.892808,0,0,0,0,0,0,0,0
2.894637,0,0,0,0,0,0,0,0
2.896362,0,0,0,0,0,0,0,0
2.898094,0,0,0,0,0,0,0,0
2.899777,0,0,0,0,0,0,0,0
2.901280,0,0,0,0,0,0,0,0
2.903151,0,0,0,0,0,0,0,0
2.904771,0,0,0,0,0,0,0,0
2.906307,0,0,0,0,0,0,0,0
2.907828,0,0,0,0,0,0,0,0
2.909332,0,0,0,0,0,0,0,0
2.910836,0,0,0,0,0,0,0,0
2.912336,0,0,0,0,0,0,0,0
2.913839,0,0,0,0,0,0,0,0
2.915342,0,0,0,0,0,0,0,0
2.916864,0,0,0,0,0,0,0,0
2.918366,0,0,0,0,0,0,0,0
2.919916,0,0,0,0,0,0,0,0
2.921536,0,0,0,0,0,0,0,0
2.923102,0,0,0,0,0,0,0,0
2.924655,0,0,0,0,0,0,0,0
2.926204,0,0,0,0,0,0,0,0
2.927851,0,0,0,0,0,0,0,0
2.929401,0,0,0,0,0,0,0,0
2.930954,0,0,0,0,0,0,0,0
2.932504,0,0,0,0,0,0,0,0
2.934053,0,0,0,0,0,0,0,0
2.935602,0,0,0,0,0,0,0,0
2.937303,0,0,0,0,0,0,0,0
2.938912,0,0,0,0,0,0,0,0
2.940470,0,0,0,0,0,0,0,0
2.942021,0,0,0,0,0,0,0,0
2.943572,0,0,0,0,0,0,0,0
2.945128,0,0,0,0,0,0,0,0
2.946685,0,0,0,0,0,0,0,0
2.948385,0,0,0,0,0,0,0,0
2.949987,0,0,0,0,0,0,0,0
2.951547,0,0,0,0,0,0,0,0
2.953704,0,0,0,0,0,0,0,0
2.955266,0,0,0,0,0,0,0,0
2.956816,0,0,0,0,0,0,0,0
2.958365,0,0,0,0,0,0,0,0
2.959941,0,0,0,0,0,0,0,0
2.961501,0,0,0,0,0,0,0,0
2.963052,0,0,0,0,0,0,0,0
2.964602,0,0,0,0,0,0,0,0
2.966150,0,0,0,0,0,0,0,0
2.967759,0,0,0,0,0,0,0,0
2.969365,0,0,0,0,0,0,0,0
2.971068,0,0,0,0,0,0,0,0
2.972673,0,0,0,0,0,0,0,0
2.974380,0,0,0,0,0,0,0,0
2.976062,0,0,0,0,0,0,0,0
2.977767,0,0,0,0,0,0,0,0
2.979507,0,0,0,0,0,0,0,0
2.981246,0,0,0,0,0,0,0,0
2.982858,0,0,0,0,0,0,0,0
2.984495,0,0,0,0,0,0,0,0
2.986179,0,0,0,0,0,0,0,0
2.988033,0,0,0,0,0,0,0,0
2.989817,0,0,0,0,0,0,0,0
2.992120,0,0,0,0,0,0,0,0
2.993765,0,0,0,0,0,0,0,0
2.995376,0,0,0,0,0,0,0,0
2.997001,0,0,0,0,0,0,0,0
3.000424,0,0,0,0,0,0,0,0
3.001965,0,0,0,0,0,0,0,0
3.003506,0,0,0,0,0,0,0,0
3.005065,0,0,0,0,0,0,0,0
3.006631,0,0,0,0,0,0,0,0
3.008214,0,0,0,0,0,0,0,0
3.009760,0,0,0,0,0,0,0,0
3.011308,0,0,0,0,0,0,0,0
3.012899,0,0,0,0,0,0,0,0
3.014479,0,0,0,0,0,0,0,0
3.016234,0,0,0,0,0,0,0,0
3.017800,0,0,0,0,0,0,0,0
3.019353,0,0,0,0,0,0,0,0
3.020904,0,0,0,0,0,0,0,0
3.022454,0,0,0,0,0,0,0,0
3.024005,0,0,0,0,0,0,0,0
3.025806,0,0,0,0,0,0,0,0
3.027414,0,0,0,0,0,0,0,0
3.028972,0,0,0,0,0,0,0,0
3.030522,0,0,0,0,0,0,0,0
3.032314,0,0,0,0,0,0,0,0
3.033863,0,0,0,0,0,0,0,0
3.035470,0,0,0,0,0,0,0,0
3.037022,0,0,0,0,0,0,0,0
3.038796,0,0,0,0,0,0,0,0
3.040259,0,0,0,0,0,0,0,0
3.041718,0,0,0,0,0,0,0,0
3.043179,0,0,0,0,0,0,0,0
3.044637,0,0,0,0,0,0,0,0
3.046096,0,0,0,0,0,0,0,0
3.047554,0,0,0,0,0,0,0,0
3.049028,0,0,0,0,0,0,0,0
3.050733,0,0,0,0,0,0,0,0
3.052473,0,0,0,0,0,0,0,0
3.054212,0,0,0,0,0,0,0,0
3.055938,0,0,0,0,0,0,0,0
3.057494,0,0,0,0,0,0,0,0
3.059058,0,0,0,0,0,0,0,0
3.060610,0,0,0,0,0,0,0,0
3.062162,0,0,0,0,0,0,0,0
3.063764,0,0,0,0,0,0,0,0
3.065389,0,0,0,0,0,0,0,0
3.066941,0,0,0,0,0,0,0,0
3.068645,0,0,0,0,0,0,0,0
3.070252,0,0,0,0,0,0,0,0
3.071817,0,0,0,0,0,0,0,0
3.073370,0,0,0,0,0,0,0,0
3.074924,0,0,0,0,0,0,0,0
3.076471,0,0,0,0,0,0,0,0
3.078015,0,0,0,0,0,0,0,0
3.079562,0,0,0,0,0,0,0,0
3.081126,0,0,0,0,0,0,0,0
3.082677,0,0,0,0,0,0,0,0
3.084228,0,0,0,0,0,0,0,0
3.085778,0,0,0,0,0,0,0,0
3.087329,0,0,0,0,0,0,0,0
3.088878,0,0,0,0,0,0,0,0
3.090582,0,0,0,0,0,0,0,0
3.092334,0,0,0,0,0,0,0,0
3.094071,0,0,0,0,0,0,0,0
3.095776,0,0,0,0,0,0,0,0
3.097545,0,0,0,0,0,0,0,0
3.099286,0,0,0,0,0,0,0,0
3.101026,0,0,0,0,0,0,0,0
3.102635,0,0,0,0,0,0,0,0
3.104343,0,0,0,0,0,0,0,0
3.106080,0,0,0,0,0,0,0,0
3.107889,0,0,0,0,0,0,0,0
3.109626,0,0,0,0,0,0,0,0
3.111365,0,0,0,0,0,0,0,0
3.113120,0,0,0,0,0,0,0,0
3.114862,0,0,0,0,0,0,0,0
3.116603,0,0,0,0,0,0,0,0
3.118341,0,0,0,0,0,0,0,0
3.120111,0,0,0,0,0,0,0,0
3.121848,0,0,0,0,0,0,0,0
3.123601,0,0,0,0,0,0,0,0
3.125340,0,0,0,0,0,0,0,0
3.127082,0,0,0,0,0,0,0,0
3.128885,0,0,0,0,0,0,0,0
3.130625,0,0,0,0,0,0,0,0
3.132365,0,0,0,0,0,0,0,0
3.133970,0,0,0,0,0,0,0,0
3.135679,0,0,0,0,0,0,0,0
3.137418,0,0,0,0,0,0,0,0
3.139159,0,0,0,0,0,0,0,0
3.140898,0,0,0,0,0,0,0,0
3.142638,0,0,0,0,0,0,0,0
3.144455,0,0,0,0,0,0,0,0
3.146193,0,0,0,0,0,0,0,0
3.147915,0,0,0,0,0,0,0,0
3.149620,0,0,0,0,0,0,0,0
3.151359,0,0,0,0,0,0,0,0
3.153097,0,0,0,0,0,0,0,0
3.154852,0,0,0,0,0,0,0,0
3.156499,0,0,0,0,0,0,0,0
3.158210,0,0,0,0,0,0,0,0
3.160037,0,0,0,0,0,0,0,0
3.161797,0,0,0,0,0,0,0,0
3.163537,0,0,0,0,0,0,0,0
3.165145,0,0,0,0,0,0,0,0
3.166855,0,0,0,0,0,0,0,0
3.168586,0,0,0,0,0,0,0,0
3.170315,0,0,0,0,0,0,0,0
3.172210,0,0,0,0,0,0,0,0
3.173950,0,0,0,0,0,0,0,0
3.175698,0,0,0,0,0,0,0,0
3.177431,0,0,0,0,0,0,0,0
3.179063,0,0,0,0,0,0,0,0
3.180637,0,0,0,0,0,0,0,0
3.182205,0,0,0,0,0,0,0,0
3.183875,0,0,0,0,0,0,0,0
3.185447,0,0,0,0,0,0,0,0
3.187037,0,0,0,0,0,0,0,0
3.188639,0,0,0,0,0,0,0,0
3.190372,0,0,0,0,0,0,0,0
3.192171,0,0,0,0,0,0,0,0
3.193904,0,0,0,0,0,0,0,0
3.195650,0,0,0,0,0,0,0,0
3.197258,0,0,0,0,0,0,0,0
3.198971,0,0,0,0,0,0,0,0
3.200713,0,0,0,0,0,0,0,0
3.202454,0,0,0,0,0,0,0,0
3.204201,0,0,0,0,0,0,0,0
3.205941,0,0,0,0,0,0,0,0
3.207560,0,0,0,0,0,0,0,0
3.209273,0,0,0,0,0,0,0,0
3.211017,0,0,0,0,0,0,0,0
3.212822,0,0,0,0,0,0,0,0
3.214464,0,0,0,0,0,0,0,0
3.216182,0,0,0,0,0,0,0,0
3.217788,0,0,0,0,0,0,0,0
3.219497,0,0,0,0,0,0,0,0
3.221238,0,0,0,0,0,0,0,0
3.222982,0,0,0,0,0,0,0,0
3.224788,0,0,0,0,0,0,0,0
3.226620,0,0,0,0,0,0,0,0
3.228245,0,0,0,0,0,0,0,0
3.229953,0,0,0,0,0,0,0,0
3.231694,0,0,0,0,0,0,0,0
3.233436,0,0,0,0,0,0,0,0
3.235180,0,0,0,0,0,0,0,0
3.236923,0,0,0,0,0,0,0,0
3.238681,0,0,0,0,0,0,0,0
3.240488,0,0,0,0,0,0,0,0
3.242230,0,0,0,0,0,0,0,0
3.243976,0,0,0,0,0,0,0,0
3.245717,0,0,0,0,0,0,0,0
3.247459,0,0,0,0,0,0,0,0
3.249217,0,0,0,0,0,0,0,0
3.250961,0,0,0,0,0,0,0,0
3.252704,0,0,0,0,0,0,0,0
3.254443,0,0,0,0,0,0,0,0
3.256252,0,0,0,0,0,0,0,0
3.257992,0,0,0,0,0,0,0,0
3.259599,0,0,0,0,0,0,0,0
3.261309,0,0,0,0,0,0,0,0
3.263053,0,0,0,0,0,0,0,0
3.264786,0,0,0,0,0,0,0,0
3.266516,0,0,0,0,0,0,0,0
3.268337,0,0,0,0,0,0,0,0
3.270090,0,0,0,0,0,0,0,0
3.271929,0,0,0,0,0,0,0,0
3.273734,0,0,0,0,0,0,0,0
3.275476,0,0,0,0,0,0,0,0
3.277217,0,0,0,0,0,0,0,0
3.278949,0,0,0,0,0,0,0,0
3.280705,0,0,0,0,0,0,0,0
3.282421,0,0,0,0,0,0,0,0
3.284051,0,0,0,0,0,0,0,0
3.285673,0,0,0,0,0,0,0,0
3.287164,0,0,0,0,0,0,0,0
3.288813,0,0,0,0,0,0,0,0
3.290442,0,0,0,0,0,0,0,0
3.292092,0,0,0,0,0,0,0,0
3.293722,0,0,0,0,0,0,0,0
3.295218,0,0,0,0,0,0,0,0
3.296818,0,0,0,0,0,0,0,0
3.298448,0,0,0,0,0,0,0,0
3.300110,0,0,0,0,0,0,0,0
3.301738,0,0,0,0,0,0,0,0
3.303382,0,0,0,0,0,0,0,0
3.305015,0,0,0,0,0,0,0,0
3.306648,0,0,0,0,0,0,0,0
3.308278,0,0,0,0,0,0,0,0
3.309907,0,0,0,0,0,0,0,0
3.311991,0,0,0,0,0,0,0,0
3.313502,0,0,0,0,0,0,0,0
3.315114,0,0,0,0,0,0,0,0
3.316581,0,0,0,0,0,0,0,0
3.318040,0,0,0,0,0,0,0,0
3.319501,0,0,0,0,0,0,0,0
3.320960,0,0,0,0,0,0,0,0
3.322421,0,0,0,0,0,0,0,0
3.324034,0,0,0,0,0,0,0,0
3.325663,0,0,0,0,0,0,0,0
3.327295,0,0,0,0,0,0,0,0
3.328784,0,0,0,0,0,0,0,0
3.330377,0,0,0,0,0,0,0,0
3.332029,0,0,0,0,0,0,0,0
3.333525,0,0,0,0,0,0,0,0
3.335140,0,0,0,0,0,0,0,0
3.336823,0,0,0,0,0,0,0,0
3.338455,0,0,0,0,0,0,0,0
3.340093,0,0,0,0,0,0,0,0
3.341723,0,0,0,0,0,0,0,0
3.343358,0,0,0,0,0,0,0,0
3.344992,0,0,0,0,0,0,0,0
3.346640,0,0,0,0,0,0,0,0
3.348272,0,0,0,0,0,0,0,0
3.349903,0,0,0,0,0,0,0,0
3.351536,0,0,0,0,0,0,0,0
3.353169,0,0,0,0,0,0,0,0
3.354804,0,0,0,0,0,0,0,0
3.356438,0,0,0,0,0,0,0,0
3.357951,0,0,0,0,0,0,0,0
3.359555,0,0,0,0,0,0,0,0
3.361190,0,0,0,0,0,0,0,0
3.362827,0,0,0,0,0,0,0,0
3.364462,0,0,0,0,0,0,0,0
3.366095,0,0,0,0,0,0,0,0
3.367729,0,0,0,0,0,0,0,0
3.369424,0,0,0,0,0,0,0,0
3.371061,0,0,0,0,0,0,0,0
3.372695,0,0,0,0,0,0,0,0
3.374330,0,0,0,0,0,0,0,0
3.375966,0,0,0,0,0,0,0,0
3.377600,0,0,0,0,0,0,0,0
3.379236,0,0,0,0,0,0,0,0
3.380885,0,0,0,0,0,0,0,0
3.382517,0,0,0,0,0,0,0,0
3.384147,0,0,0,0,0,0,0,0
3.385616,0,0,0,0,0,0,0,0
3.387220,0,0,0,0,0,0,0,0
3.388844,0,0,0,0,0,0,0,0
3.390468,0,0,0,0,0,0,0,0
3.392119,0,0,0,0,0,0,0,0
3.393757,0,0,0,0,0,0,0,0
3.395248,0,0,0,0,0,0,0,0
3.396891,0,0,0,0,0,0,0,0
3.398522,0,0,0,0,0,0,0,0
3.400341,0,0,0,0,0,0,0,0
3.401973,0,0,0,0,0,0,0,0
3.403484,0,0,0,0,0,0,0,0
3.404971,0,0,0,0,0,0,0,0
3.406436,0,0,0,0,0,0,0,0
3.407900,0,0,0,0,0,0,0,0
3.409361,0,0,0,0,0,0,0,0
3.410823,0,0,0,0,0,0,0,0
3.412316,0,0,0,0,0,0,0,0
3.413951,0,0,0,0,0,0,0,0
3.415418,0,0,0,0,0,0,0,0
3.416877,0,0,0,0,0,0,0,0
3.418334,0,0,0,0,0,0,0,0
3.419852,0,0,0,0,0,0,0,0
3.421310,0,0,0,0,0,0,0,0
3.422814,0,0,0,0,0,0,0,0
3.424319,0,0,0,0,0,0,0,0
3.425772,0,0,0,0,0,0,0,0
3.427228,0,0,0,0,0,0,0,0
3.428884,0,0,0,0,0,0,0,0
3.430509,0,0,0,0,0,0,0,0
3.432029,0,0,0,0,0,0,0,0
3.433489,0,0,0,0,0,0,0,0
3.434959,0,0,0,0,0,0,0,0
3.436565,0,0,0,0,0,0,0,0
3.438101,0,0,0,0,0,0,0,0
3.439566,0,0,0,0,0,0,0,0
3.441031,0,0,0,0,0,0,0,0
3.442493,0,0,0,0,0,0,0,0
3.443958,0,0,0,0,0,0,0,0
3.445431,0,0,0,0,0,0,0,0
3.447035,0,0,0,0,0,0,0,0
3.448719,0,0,0,0,0,0,0,0
3.450389,0,0,0,0,0,0,0,0
3.452136,0,0,0,0,0,0,0,0
3.453875,0,0,0,0,0,0,0,0
3.455631,0,0,0,0,0,0,0,0
3.457362,0,0,0,0,0,0,0,0
3.458944,0,0,0,0,0,0,0,0
3.460644,0,0,0,0,0,0,0,0
3.462374,0,0,0,0,0,0,0,0
3.464295,0,0,0,0,0,0,0,0
3.465858,0,0,0,0,0,0,0,0
3.467409,0,0,0,0,0,0,0,0
3.469116,0,0,0,0,0,0,0,0
3.470861,0,0,0,0,0,0,0,0
3.472602,0,0,0,0,0,0,0,0
3.474344,0,0,0,0,0,0,0,0
3.475970,0,0,0,0,0,0,0,0
3.477684,0,0,0,0,0,0,0,0
3.479430,0,0,0,0,0,0,0,0
3.481178,0,0,0,0,0,0,0,0
3.482925,0,0,0,0,0,0,0,0
3.484670,0,0,0,0,0,0,0,0
3.486428,0,0,0,0,0,0,0,0
3.488179,0,0,0,0,0,0,0,0
3.489923,0,0,0,0,0,0,0,0
3.491668,0,0,0,0,0,0,0,0
3.493402,0,0,0,0,0,0,0,0
3.494991,0,0,0,0,0,0,0,0
3.496777,0,0,0,0,0,0,0,0
3.498520,0,0,0,0,0,0,0,0
3.500318,0,0,0,0,0,0,0,0
3.502059,0,0,0,0,0,0,0,0
3.503720,0,0,0,0,0,0,0,0
3.505430,0,0,0,0,0,0,0,0
3.507190,0,0,0,0,0,0,0,0
3.508933,0,0,0,0,0,0,0,0
3.510676,0,0,0,0,0,0,0,0
3.512482,0,0,0,0,0,0,0,0
3.514223,0,0,0,0,0,0,0,0
3.515971,0,0,0,0,0,0,0,0
3.517577,0,0,0,0,0,0,0,0
3.519290,0,0,0,0,0,0,0,0
3.521034,0,0,0,0,0,0,0,0
3.522779,0,0,0,0,0,0,0,0
3.524523,0,0,0,0,0,0,0,0
3.526264,0,0,0,0,0,0,0,0
3.528026,0,0,0,0,0,0,0,0
3.529789,0,0,0,0,0,0,0,0
3.531532,0,0,0,0,0,0,0,0
3.533276,0,0,0,0,0,0,0,0
3.535021,0,0,0,0,0,0,0,0
3.536765,0,0,0,0,0,0,0,0
3.538372,0,0,0,0,0,0,0,0
3.540208,0,0,0,0,0,0,0,0
3.541949,0,0,0,0,0,0,0,0
3.543692,0,0,0,0,0,0,0,0
3.545435,0,0,0,0,0,0,0,0
3.547181,0,0,0,0,0,0,0,0
3.548940,0,0,0,0,0,0,0,0
3.550685,0,0,0,0,0,0,0,0
3.552428,0,0,0,0,0,0,0,0
3.554169,0,0,0,0,0,0,0,0
3.556020,0,0,0,0,0,0,0,0
3.557762,0,0,0,0,0,0,0,0
3.559371,0,0,0,0,0,0,0,0
3.561173,0,0,0,0,0,0,0,0
3.562923,0,0,0,0,0,0,0,0
3.564664,0,0,0,0,0,0,0,0
3.566281,0,0,0,0,0,0,0,0
3.568001,0,0,0,0,0,0,0,0
3.569759,0,0,0,0,0,0,0,0
3.571501,0,0,0,0,0,0,0,0
3.573245,0,0,0,0,0,0,0,0
3.574989,0,0,0,0,0,0,0,0
3.576793,0,0,0,0,0,0,0,0
3.578628,0,0,0,0,0,0,0,0
3.580406,0,0,0,0,0,0,0,0
3.582148,0,0,0,0,0,0,0,0
3.583990,0,0,0,0,0,0,0,0
3.585748,0,0,0,0,0,0,0,0
3.587491,0,0,0,0,0,0,0,0
3.589236,0,0,0,0,0,0,0,0
3.590996,0,0,0,0,0,0,0,0
3.592802,0,0,0,0,0,0,0,0
3.594670,0,0,0,0,0,0,0,0
3.596456,0,0,0,0,0,0,0,0
3.598006,0,0,0,0,0,0,0,0
3.599564,0,0,0,0,0,0,0,0
3.601284,0,0,0,0,0,0,0,0
3.603030,0,0,0,0,0,0,0,0
3.604772,0,0,0,0,0,0,0,0
3.606514,0,0,0,0,0,0,0,0
3.608377,0,0,0,0,0,0,0,0
3.610119,0,0,0,0,0,0,0,0
3.611969,0,0,0,0,0,0,0,0
3.613709,0,0,0,0,0,0,0,0
3.615462,0,0,0,0,0,0,0,0
3.617030,0,0,0,0,0,0,0,0
3.618588,0,0,0,0,0,0,0,0
3.620144,0,0,0,0,0,0,0,0
3.621697,0,0,0,0,0,0,0,0
3.623264,0,0,0,0,0,0,0,0
3.624972,0,0,0,0,0,0,0,0
3.626715,0,0,0,0,0,0,0,0
3.628577,0,0,0,0,0,0,0,0
3.630161,0,0,0,0,0,0,0,0
3.631700,0,0,0,0,0,0,0,0
3.633267,0,0,0,0,0,0,0,0
3.634824,0,0,0,0,0,0,0,0
3.636380,0,0,0,0,0,0,0,0
3.637933,0,0,0,0,0,0,0,0
3.639641,0,0,0,0,0,0,0,0
3.641382,0,0,0,0,0,0,0,0
3.643127,0,0,0,0,0,0,0,0
3.644738,0,0,0,0,0,0,0,0
3.646450,0,0,0,0,0,0,0,0
3.648197,0,0,0,0,0,0,0,0
3.649937,0,0,0,0,0,0,0,0
3.651681,0,0,0,0,0,0,0,0
3.653424,0,0,0,0,0,0,0,0
3.655180,0,0,0,0,0,0,0,0
3.656982,0,0,0,0,0,0,0,0
3.658725,0,0,0,0,0,0,0,0
3.660469,0,0,0,0,0,0,0,0
3.662215,0,0,0,0,0,0,0,0
3.663952,0,0,0,0,0,0,0,0
3.665674,0,0,0,0,0,0,0,0
3.667421,0,0,0,0,0,0,0,0
3.669166,0,0,0,0,0,0,0,0
3.670912,0,0,0,0,0,0,0,0
3.672720,0,0,0,0,0,0,0,0
3.674463,0,0,0,0,0,0,0,0
3.676228,0,0,0,0,0,0,0,0
3.677972,0,0,0,0,0,0,0,0
3.679717,0,0,0,0,0,0,0,0
3.681461,0,0,0,0,0,0,0,0
3.683208,0,0,0,0,0,0,0,0
3.684955,0,0,0,0,0,0,0,0
3.686567,0,0,0,0,0,0,0,0
3.688341,0,0,0,0,0,0,0,0
3.690084,0,0,0,0,0,0,0,0
3.691950,0,0,0,0,0,0,0,0
3.693691,0,0,0,0,0,0,0,0
3.695436,0,0,0,0,0,0,0,0
3.697194,0,0,0,0,0,0,0,0
3.698940,0,0,0,0,0,0,0,0
3.700674,0,0,0,0,0,0,0,0
3.702406,0,0,0,0,0,0,0,0
3.704160,0,0,0,0,0,0,0,0
3.705871,0,0,0,0,0,0,0,0
3.707476,0,0,0,0,0,0,0,0
3.709190,0,0,0,0,0,0,0,0
3.710935,0,0,0,0,0,0,0,0
3.712679,0,0,0,0,0,0,0,0
3.714421,0,0,0,0,0,0,0,0
3.716169,0,0,0,0,0,0,0,0
3.717924,0,0,0,0,0,0,0,0
3.719668,0,0,0,0,0,0,0,0
3.721410,0,0,0,0,0,0,0,0
3.723153,0,0,0,0,0,0,0,0
3.724897,0,0,0,0,0,0,0,0
3.726643,0,0,0,0,0,0,0,0
3.728253,0,0,0,0,0,0,0,0
3.729963,0,0,0,0,0,0,0,0
3.731556,0,0,0,0,0,0,0,0
3.733266,0,0,0,0,0,0,0,0
3.735011,0,0,0,0,0,0,0,0
3.736816,0,0,0,0,0,0,0,0
3.738574,0,0,0,0,0,0,0,0
3.740318,0,0,0,0,0,0,0,0
3.742060,0,0,0,0,0,0,0,0
3.743767,0,0,0,0,0,0,0,0
3.745476,0,0,0,0,0,0,0,0
3.747221,0,0,0,0,0,0,0,0
3.748828,0,0,0,0,0,0,0,0
3.750596,0,0,0,0,0,0,0,0
3.752362,0,0,0,0,0,0,0,0
3.753995,0,0,0,0,0,0,0,0
3.755631,0,0,0,0,0,0,0,0
3.757264,0,0,0,0,0,0,0,0
3.758900,0,0,0,0,0,0,0,0
3.760549,0,0,0,0,0,0,0,0
3.762181,0,0,0,0,0,0,0,0
3.763906,0,0,0,0,0,0,0,0
3.765540,0,0,0,0,0,0,0,0
3.767177,0,0,0,0,0,0,0,0
3.768862,0,0,0,0,0,0,0,0
3.770491,0,0,0,0,0,0,0,0
3.772216,0,0,0,0,0,0,0,0
3.773850,0,0,0,0,0,0,0,0
3.775484,0,0,0,0,0,0,0,0
3.777117,0,0,0,0,0,0,0,0
3.778753,0,0,0,0,0,0,0,0
3.780388,0,0,0,0,0,0,0,0
3.782020,0,0,0,0,0,0,0,0
3.783802,0,0,0,0,0,0,0,0
3.785467,0,0,0,0,0,0,0,0
3.787103,0,0,0,0,0,0,0,0
3.788740,0,0,0,0,0,0,0,0
3.790373,0,0,0,0,0,0,0,0
3.791951,0,0,0,0,0,0,0,0
3.793418,0,0,0,0,0,0,0,0
3.794893,0,0,0,0,0,0,0,0
3.796493,0,0,0,0,0,0,0,0
3.798126,0,0,0,0,0,0,0,0
3.799814,0,0,0,0,0,0,0,0
3.801502,0,0,0,0,0,0,0,0
3.803139,0,0,0,0,0,0,0,0
3.804766,0,0,0,0,0,0,0,0
3.806403,0,0,0,0,0,0,0,0
3.808114,0,0,0,0,0,0,0,0
3.809744,0,0,0,0,0,0,0,0
3.811377,0,0,0,0,0,0,0,0
3.813011,0,0,0,0,0,0,0,0
3.814646,0,0,0,0,0,0,0,0
3.816281,0,0,0,0,0,0,0,0
3.817768,0,0,0,0,0,0,0,0
3.819290,0,0,0,0,0,0,0,0
3.820755,0,0,0,0,0,0,0,0
3.822354,0,0,0,0,0,0,0,0
3.824018,0,0,0,0,0,0,0,0
3.825652,0,0,0,0,0,0,0,0
3.827288,0,0,0,0,0,0,0,0
3.828939,0,0,0,0,0,0,0,0
3.830575,0,0,0,0,0,0,0,0
3.832260,0,0,0,0,0,0,0,0
3.833893,0,0,0,0,0,0,0,0
3.835530,0,0,0,0,0,0,0,0
3.837166,0,0,0,0,0,0,0,0
3.838801,0,0,0,0,0,0,0,0
3.840440,0,0,0,0,0,0,0,0
3.842064,0,0,0,0,0,0,0,0
3.843559,0,0,0,0,0,0,0,0
3.845163,0,0,0,0,0,0,0,0
3.846800,0,0,0,0,0,0,0,0
3.848485,0,0,0,0,0,0,0,0
3.850118,0,0,0,0,0,0,0,0
3.851823,0,0,0,0,0,0,0,0
3.853458,0,0,0,0,0,0,0,0
3.855094,0,0,0,0,0,0,0,0
3.856729,0,0,0,0,0,0,0,0
3.858266,0,0,0,0,0,0,0,0
3.859878,0,0,0,0,0,0,0,0
3.861512,0,0,0,0,0,0,0,0
3.863161,0,0,0,0,0,0,0,0
3.864841,0,0,0,0,0,0,0,0
3.866484,0,0,0,0,0,0,0,0
3.868160,0,0,0,0,0,0,0,0
3.869792,0,0,0,0,0,0,0,0
3.871429,0,0,0,0,0,0,0,0
3.873065,0,0,0,0,0,0,0,0
3.874716,0,0,0,0,0,0,0,0
3.876352,0,0,0,0,0,0,0,0
3.877986,0,0,0,0,0,0,0,0
3.879623,0,0,0,0,0,0,0,0
3.881261,0,0,0,0,0,0,0,0
3.882899,0,0,0,0,0,0,0,0
3.884534,0,0,0,0,0,0,0,0
3.886184,0,0,0,0,0,0,0,0
3.887928,0,0,0,0,0,0,0,0
3.889563,0,0,0,0,0,0,0,0
3.891201,0,0,0,0,0,0,0,0
3.892834,0,0,0,0,0,0,0,0
3.894469,0,0,0,0,0,0,0,0
3.896159,0,0,0,0,0,0,0,0
3.897805,0,0,0,0,0,0,0,0
3.899442,0,0,0,0,0,0,0,0
3.901077,0,0,0,0,0,0,0,0
3.902716,0,0,0,0,0,0,0,0
3.904344,0,0,0,0,0,0,0,0
3.905970,0,0,0,0,0,0,0,0
3.907462,0,0,0,0,0,0,0,0
3.909107,0,0,0,0,0,0,0,0
3.910753,0,0,0,0,0,0,0,0
3.912438,0,0,0,0,0,0,0,0
3.914074,0,0,0,0,0,0,0,0
3.915711,0,0,0,0,0,0,0,0
3.917348,0,0,0,0,0,0,0,0
3.918986,0,0,0,0,0,0,0,0
3.920655,0,0,0,0,0,0,0,0
3.922396,0,0,0,0,0,0,0,0
3.924145,0,0,0,0,0,0,0,0
3.925885,0,0,0,0,0,0,0,0
3.927629,0,0,0,0,0,0,0,0
3.929372,0,0,0,0,0,0,0,0
3.931133,0,0,0,0,0,0,0,0
3.932879,0,0,0,0,0,0,0,0
3.934625,0,0,0,0,0,0,0,0
3.936369,0,0,0,0,0,0,0,0
3.938113,0,0,0,0,0,0,0,0
3.939824,0,0,0,0,0,0,0,0
3.941546,0,0,0,0,0,0,0,0
3.943292,0,0,0,0,0,0,0,0
3.945038,0,0,0,0,0,0,0,0
3.946784,0,0,0,0,0,0,0,0
3.948529,0,0,0,0,0,0,0,0
3.950272,0,0,0,0,0,0,0,0
3.951889,0,0,0,0,0,0,0,0
3.953600,0,0,0,0,0,0,0,0
3.955344,0,0,0,0,0,0,0,0
3.957089,0,0,0,0,0,0,0,0
3.958834,0,0,0,0,0,0,0,0
3.960641,0,0,0,0,0,0,0,0
3.962400,0,0,0,0,0,0,0,0
3.964150,0,0,0,0,0,0,0,0
3.965892,0,0,0,0,0,0,0,0
3.967637,0,0,0,0,0,0,0,0
3.969372,0,0,0,0,0,0,0,0
3.970960,0,0,0,0,0,0,0,0
3.972682,0,0,0,0,0,0,0,0
3.974425,0,0,0,0,0,0,0,0
3.976235,0,0,0,0,0,0,0,0
3.977978,0,0,0,0,0,0,0,0
3.979720,0,0,0,0,0,0,0,0
3.981463,0,0,0,0,0,0,0,0
3.983223,0,0,0,0,0,0,0,0
3.984967,0,0,0,0,0,0,0,0
3.986712,0,0,0,0,0,0,0,0
3.988455,0,0,0,0,0,0,0,0
3.990196,0,0,0,0,0,0,0,0
3.992142,0,0,0,0,0,0,0,0
3.993894,0,0,0,0,0,0,0,0
3.995638,0,0,0,0,0,0,0,0
3.997382,0,0,0,0,0,0,0,0
3.999126,0,0,0,0,0,0,0,0
4.000091,0,0,0,0,0,0,0,0
