elapsed_s,RB_STARVE_CYCLES_CCU,RB_STARVE_CYCLES_Z_PLANE,RB_STARVE_CYCLES_BARY_PLANE,RB_Z_WORKLOAD,RB_HLSQ_ACTIVE,RB_Z_READ,RB_Z_WRITE,RB_C_READ
0.001100,0,0,0,0,0,0,0,0
0.002577,0,0,0,0,0,0,0,0
0.004033,0,0,0,0,0,0,0,0
0.005484,0,0,0,0,0,0,0,0
0.006932,0,0,0,0,0,0,0,0
0.008382,0,0,0,0,0,0,0,0
0.009845,0,0,0,0,0,0,0,0
0.011296,0,0,0,0,0,0,0,0
0.012747,0,0,0,0,0,0,0,0
0.014199,0,0,0,0,0,0,0,0
0.015650,0,0,0,0,0,0,0,0
0.017196,0,0,0,0,0,0,0,0
0.018659,0,0,0,0,0,0,0,0
0.020096,0,0,0,0,0,0,0,0
0.021481,0,0,0,0,0,0,0,0
0.022865,0,0,0,0,0,0,0,0
0.024297,0,0,0,0,0,0,0,0
0.025681,0,0,0,0,0,0,0,0
0.027064,0,0,0,0,0,0,0,0
0.028494,0,0,0,0,0,0,0,0
0.029873,0,0,0,0,0,0,0,0
0.031261,0,0,0,0,0,0,0,0
0.032690,0,0,0,0,0,0,0,0
0.034096,0,0,0,0,0,0,0,0
0.035476,0,0,0,0,0,0,0,0
0.036906,0,0,0,0,0,0,0,0
0.038232,0,0,0,0,0,0,0,0
0.039555,0,0,0,0,0,0,0,0
0.040987,0,0,0,0,0,0,0,0
0.042338,0,0,0,0,0,0,0,0
0.043658,0,0,0,0,0,0,0,0
0.044980,0,0,0,0,0,0,0,0
0.046314,0,0,0,0,0,0,0,0
0.047637,0,0,0,0,0,0,0,0
0.048959,0,0,0,0,0,0,0,0
0.050283,0,0,0,0,0,0,0,0
0.051608,0,0,0,0,0,0,0,0
0.053047,0,0,0,0,0,0,0,0
0.054475,0,0,0,0,0,0,0,0
0.055885,0,0,0,0,0,0,0,0
0.057302,0,0,0,0,0,0,0,0
0.058713,0,0,0,0,0,0,0,0
0.060125,0,0,0,0,0,0,0,0
0.061567,0,0,0,0,0,0,0,0
0.062987,0,0,0,0,0,0,0,0
0.064464,0,0,0,0,0,0,0,0
0.065905,0,0,0,0,0,0,0,0
0.067321,0,0,0,0,0,0,0,0
0.068903,0,0,0,0,0,0,0,0
0.070386,0,0,0,0,0,0,0,0
0.071848,0,0,0,0,0,0,0,0
0.073307,0,0,0,0,0,0,0,0
0.074852,0,0,0,0,0,0,0,0
0.076446,0,132,0,0,132,0,0,0
0.077846,0,0,0,0,0,0,0,0
0.079255,0,0,0,0,0,0,0,0
0.081003,0,0,0,0,0,0,0,0
0.082486,0,0,0,0,0,0,0,0
0.083965,0,0,0,0,0,0,0,0
0.085405,0,0,0,0,0,0,0,0
0.086810,0,0,0,0,0,0,0,0
0.088521,0,504,0,0,504,0,0,0
0.090030,0,0,0,0,0,0,0,0
0.091438,0,0,0,0,0,0,0,0
0.092966,0,0,0,0,0,0,0,0
0.094374,0,0,0,0,0,0,0,0
0.095835,0,0,0,0,0,0,0,0
0.097253,0,0,0,0,0,0,0,0
0.098669,0,0,0,0,0,0,0,0
0.100082,0,0,0,0,0,0,0,0
0.101483,0,0,0,0,0,0,0,0
0.102884,0,0,0,0,0,0,0,0
0.107797,0,0,0,0,0,0,0,0
0.109278,0,0,0,0,0,0,0,0
0.110681,0,0,0,0,0,0,0,0
0.114417,0,0,0,0,0,0,0,0
0.115960,0,0,0,0,0,0,0,0
0.117369,0,0,0,0,0,0,0,0
0.118738,0,0,0,0,0,0,0,0
0.120122,0,0,0,0,0,0,0,0
0.121483,0,0,0,0,0,0,0,0
0.122843,0,0,0,0,0,0,0,0
0.124199,0,0,0,0,0,0,0,0
0.125552,0,0,0,0,0,0,0,0
0.126905,0,0,0,0,0,0,0,0
0.128261,0,0,0,0,0,0,0,0
0.129621,0,0,0,0,0,0,0,0
0.130991,0,0,0,0,0,0,0,0
0.132362,0,0,0,0,0,0,0,0
0.133900,0,0,0,0,0,0,0,0
0.135381,0,0,0,0,0,0,0,0
0.136864,0,0,0,0,0,0,0,0
0.138280,0,0,0,0,0,0,0,0
0.139689,0,0,0,0,0,0,0,0
0.141113,0,0,0,0,0,0,0,0
0.142520,0,0,0,0,0,0,0,0
0.144302,0,0,0,0,0,0,0,0
0.145989,0,0,0,0,0,0,0,0
0.148319,0,0,0,0,0,0,0,0
0.149747,0,0,0,0,0,0,0,0
0.151174,0,0,0,0,0,0,0,0
0.152579,0,0,0,0,0,0,0,0
0.153983,0,0,0,0,0,0,0,0
0.155385,0,0,0,0,0,0,0,0
0.156787,0,0,0,0,0,0,0,0
0.158316,0,0,0,0,0,0,0,0
0.160005,0,0,0,0,0,0,0,0
0.161456,0,0,0,0,0,0,0,0
0.162865,0,0,0,0,0,0,0,0
0.164272,0,0,0,0,0,0,0,0
0.165676,0,0,0,0,0,0,0,0
0.167077,0,0,0,0,0,0,0,0
0.168479,0,0,0,0,0,0,0,0
0.170008,0,0,0,0,0,0,0,0
0.171582,0,0,0,0,0,0,0,0
0.172990,0,0,0,0,0,0,0,0
0.174404,0,0,0,0,0,0,0,0
0.175945,0,0,0,0,0,0,0,0
0.177518,0,0,0,0,0,0,0,0
0.179088,0,0,0,0,0,0,0,0
0.180660,0,0,0,0,0,0,0,0
0.182244,0,0,0,0,0,0,0,0
0.183817,0,0,0,0,0,0,0,0
0.185383,0,0,0,0,0,0,0,0
0.186938,0,0,0,0,0,0,0,0
0.188379,0,0,0,0,0,0,0,0
0.189917,0,0,0,0,0,0,0,0
0.191480,0,0,0,0,0,0,0,0
0.193382,0,0,0,0,0,0,0,0
0.194889,0,0,0,0,0,0,0,0
0.196302,0,0,0,0,0,0,0,0
0.197707,0,0,0,0,0,0,0,0
0.199109,0,0,0,0,0,0,0,0
0.200514,0,0,0,0,0,0,0,0
0.201922,0,0,0,0,0,0,0,0
0.203469,0,0,0,0,0,0,0,0
0.205044,0,0,0,0,0,0,0,0
0.206615,0,0,0,0,0,0,0,0
0.208189,0,0,0,0,0,0,0,0
0.209761,0,0,0,0,0,0,0,0
0.211332,0,0,0,0,0,0,0,0
0.212905,0,0,0,0,0,0,0,0
0.214489,0,0,0,0,0,0,0,0
0.216063,0,0,0,0,0,0,0,0
0.217636,0,0,0,0,0,0,0,0
0.219206,0,0,0,0,0,0,0,0
0.220779,0,0,0,0,0,0,0,0
0.222234,0,0,0,0,0,0,0,0
0.223800,0,0,0,0,0,0,0,0
0.225384,0,0,0,0,0,0,0,0
0.226955,0,0,0,0,0,0,0,0
0.228577,0,0,0,0,0,0,0,0
0.230150,0,0,0,0,0,0,0,0
0.231791,0,0,0,0,0,0,0,0
0.233297,0,0,0,0,0,0,0,0
0.234843,0,0,0,0,0,0,0,0
0.236304,0,0,0,0,0,0,0,0
0.237847,0,0,0,0,0,0,0,0
0.239418,0,0,0,0,0,0,0,0
0.241078,0,0,0,0,0,0,0,0
0.242657,0,0,0,0,0,0,0,0
0.244272,0,0,0,0,0,0,0,0
0.245844,0,0,0,0,0,0,0,0
0.247427,0,0,0,0,0,0,0,0
0.249099,0,0,0,0,0,0,0,0
0.250670,0,0,0,0,0,0,0,0
0.252244,0,0,0,0,0,0,0,0
0.253827,0,0,0,0,0,0,0,0
0.255378,0,0,0,0,0,0,0,0
0.256865,0,0,0,0,0,0,0,0
0.258416,0,0,0,0,0,0,0,0
0.260035,0,0,0,0,0,0,0,0
0.261610,0,0,0,0,0,0,0,0
0.263183,0,0,0,0,0,0,0,0
0.264757,0,0,0,0,0,0,0,0
0.266330,0,0,0,0,0,0,0,0
0.267907,0,0,0,0,0,0,0,0
0.269494,0,0,0,0,0,0,0,0
0.271066,0,0,0,0,0,0,0,0
0.272640,0,0,0,0,0,0,0,0
0.274215,0,0,0,0,0,0,0,0
0.275832,0,0,0,0,0,0,0,0
0.277406,0,0,0,0,0,0,0,0
0.278979,0,0,0,0,0,0,0,0
0.280565,0,0,0,0,0,0,0,0
0.282141,0,0,0,0,0,0,0,0
0.283713,0,0,0,0,0,0,0,0
0.285201,0,0,0,0,0,0,0,0
0.286616,0,0,0,0,0,0,0,0
0.288158,0,0,0,0,0,0,0,0
0.289732,0,0,0,0,0,0,0,0
0.291316,0,0,0,0,0,0,0,0
0.292892,0,0,0,0,0,0,0,0
0.294466,0,0,0,0,0,0,0,0
0.296041,0,0,0,0,0,0,0,0
0.297615,0,0,0,0,0,0,0,0
0.299186,0,0,0,0,0,0,0,0
0.300759,0,0,0,0,0,0,0,0
0.302346,0,0,0,0,0,0,0,0
0.303922,0,0,0,0,0,0,0,0
0.305495,0,0,0,0,0,0,0,0
0.307066,0,0,0,0,0,0,0,0
0.308639,0,0,0,0,0,0,0,0
0.310212,0,0,0,0,0,0,0,0
0.311785,0,0,0,0,0,0,0,0
0.313245,0,0,0,0,0,0,0,0
0.314788,0,0,0,0,0,0,0,0
0.316362,0,0,0,0,0,0,0,0
0.317937,0,0,0,0,0,0,0,0
0.319508,0,0,0,0,0,0,0,0
0.321086,0,0,0,0,0,0,0,0
0.322657,0,0,0,0,0,0,0,0
0.324286,0,0,0,0,0,0,0,0
0.325860,0,0,0,0,0,0,0,0
0.327432,0,0,0,0,0,0,0,0
0.328979,0,0,0,0,0,0,0,0
0.330521,0,0,0,0,0,0,0,0
0.332096,0,0,0,0,0,0,0,0
0.333670,0,0,0,0,0,0,0,0
0.335253,0,0,0,0,0,0,0,0
0.336827,0,0,0,0,0,0,0,0
0.338400,0,0,0,0,0,0,0,0
0.340017,0,0,0,0,0,0,0,0
0.341590,0,0,0,0,0,0,0,0
0.343161,0,0,0,0,0,0,0,0
0.344735,0,0,0,0,0,0,0,0
0.346322,0,0,0,0,0,0,0,0
0.347897,0,0,0,0,0,0,0,0
0.349470,0,0,0,0,0,0,0,0
0.351040,0,0,0,0,0,0,0,0
0.352613,0,0,0,0,0,0,0,0
0.354185,0,0,0,0,0,0,0,0
0.355804,0,0,0,0,0,0,0,0
0.357390,0,0,0,0,0,0,0,0
0.358961,0,0,0,0,0,0,0,0
0.360535,0,0,0,0,0,0,0,0
0.362109,0,0,0,0,0,0,0,0
0.363680,0,0,0,0,0,0,0,0
0.365297,0,0,0,0,0,0,0,0
0.366867,0,0,0,0,0,0,0,0
0.368454,0,0,0,0,0,0,0,0
0.370026,0,0,0,0,0,0,0,0
0.371596,0,0,0,0,0,0,0,0
0.373217,0,0,0,0,0,0,0,0
0.374786,0,0,0,0,0,0,0,0
0.376373,0,0,0,0,0,0,0,0
0.377948,0,0,0,0,0,0,0,0
0.379530,0,0,0,0,0,0,0,0
0.381079,0,0,0,0,0,0,0,0
0.382653,0,0,0,0,0,0,0,0
0.384227,0,0,0,0,0,0,0,0
0.385799,0,0,0,0,0,0,0,0
0.387369,0,0,0,0,0,0,0,0
0.389075,0,0,0,0,0,0,0,0
0.390659,0,0,0,0,0,0,0,0
0.392233,0,0,0,0,0,0,0,0
0.393805,0,0,0,0,0,0,0,0
0.395374,0,0,0,0,0,0,0,0
0.396996,0,0,0,0,0,0,0,0
0.398566,0,0,0,0,0,0,0,0
0.400138,0,0,0,0,0,0,0,0
0.401722,0,0,0,0,0,0,0,0
0.403292,0,0,0,0,0,0,0,0
0.404866,0,0,0,0,0,0,0,0
0.406438,0,0,0,0,0,0,0,0
0.408010,0,0,0,0,0,0,0,0
0.409583,0,0,0,0,0,0,0,0
0.411152,0,0,0,0,0,0,0,0
0.412736,0,0,0,0,0,0,0,0
0.414308,0,0,0,0,0,0,0,0
0.415881,0,0,0,0,0,0,0,0
0.417453,0,0,0,0,0,0,0,0
0.419023,0,0,0,0,0,0,0,0
0.420596,0,0,0,0,0,0,0,0
0.422169,0,0,0,0,0,0,0,0
0.423754,0,0,0,0,0,0,0,0
0.425202,0,0,0,0,0,0,0,0
0.426747,0,0,0,0,0,0,0,0
0.428321,0,0,0,0,0,0,0,0
0.429893,0,0,0,0,0,0,0,0
0.431464,0,0,0,0,0,0,0,0
0.433041,0,0,0,0,0,0,0,0
0.434623,0,0,0,0,0,0,0,0
0.436239,0,0,0,0,0,0,0,0
0.437823,0,0,0,0,0,0,0,0
0.439317,0,0,0,0,0,0,0,0
0.441001,0,0,0,0,0,0,0,0
0.442441,0,0,0,0,0,0,0,0
0.443854,0,0,0,0,0,0,0,0
0.445282,0,0,0,0,0,0,0,0
0.446691,0,0,0,0,0,0,0,0
0.448101,0,0,0,0,0,0,0,0
0.449508,0,0,0,0,0,0,0,0
0.451043,0,0,0,0,0,0,0,0
0.452616,0,0,0,0,0,0,0,0
0.454187,0,0,0,0,0,0,0,0
0.455765,0,0,0,0,0,0,0,0
0.457312,0,0,0,0,0,0,0,0
0.458882,0,0,0,0,0,0,0,0
0.460458,0,0,0,0,0,0,0,0
0.462033,0,0,0,0,0,0,0,0
0.463606,0,0,0,0,0,0,0,0
0.465186,0,0,0,0,0,0,0,0
0.466770,0,0,0,0,0,0,0,0
0.468388,0,0,0,0,0,0,0,0
0.469961,0,0,0,0,0,0,0,0
0.471534,0,0,0,0,0,0,0,0
0.473107,0,0,0,0,0,0,0,0
0.474669,0,0,0,0,0,0,0,0
0.476392,0,0,0,0,0,0,0,0
0.477951,0,0,0,0,0,0,0,0
0.479524,0,0,0,0,0,0,0,0
0.481103,0,0,0,0,0,0,0,0
0.482675,0,0,0,0,0,0,0,0
0.484292,0,0,0,0,0,0,0,0
0.485868,0,0,0,0,0,0,0,0
0.487440,0,0,0,0,0,0,0,0
0.489026,0,0,0,0,0,0,0,0
0.490590,0,0,0,0,0,0,0,0
0.492030,0,0,0,0,0,0,0,0
0.493574,0,0,0,0,0,0,0,0
0.495146,0,0,0,0,0,0,0,0
0.496721,0,0,0,0,0,0,0,0
0.498294,0,0,0,0,0,0,0,0
0.499926,0,0,0,0,0,0,0,0
0.501500,0,0,0,0,0,0,0,0
0.503072,0,0,0,0,0,0,0,0
0.504646,0,0,0,0,0,0,0,0
0.506246,0,0,0,0,0,0,0,0
0.507872,0,0,0,0,0,0,0,0
0.509478,0,0,0,0,0,0,0,0
0.511094,0,0,0,0,0,0,0,0
0.512673,0,0,0,0,0,0,0,0
0.514247,0,0,0,0,0,0,0,0
0.515868,0,0,0,0,0,0,0,0
0.517443,0,0,0,0,0,0,0,0
0.519016,0,0,0,0,0,0,0,0
0.520589,0,0,0,0,0,0,0,0
0.522177,0,0,0,0,0,0,0,0
0.523753,0,0,0,0,0,0,0,0
0.525327,0,0,0,0,0,0,0,0
0.526899,0,0,0,0,0,0,0,0
0.528475,0,0,0,0,0,0,0,0
0.530050,0,0,0,0,0,0,0,0
0.531622,0,0,0,0,0,0,0,0
0.533261,0,0,0,0,0,0,0,0
0.534834,0,0,0,0,0,0,0,0
0.536409,0,0,0,0,0,0,0,0
0.537984,0,0,0,0,0,0,0,0
0.539556,0,0,0,0,0,0,0,0
0.541108,0,0,0,0,0,0,0,0
0.542521,0,0,0,0,0,0,0,0
0.544072,0,0,0,0,0,0,0,0
0.545648,0,0,0,0,0,0,0,0
0.547220,0,0,0,0,0,0,0,0
0.548795,0,0,0,0,0,0,0,0
0.550369,0,0,0,0,0,0,0,0
0.551945,0,0,0,0,0,0,0,0
0.553518,0,0,0,0,0,0,0,0
0.555104,0,0,0,0,0,0,0,0
0.556679,0,0,0,0,0,0,0,0
0.558252,0,0,0,0,0,0,0,0
0.559828,0,0,0,0,0,0,0,0
0.561403,0,0,0,0,0,0,0,0
0.562975,0,0,0,0,0,0,0,0
0.564593,0,0,0,0,0,0,0,0
0.566180,0,0,0,0,0,0,0,0
0.567757,0,0,0,0,0,0,0,0
0.569322,0,0,0,0,0,0,0,0
0.570885,0,0,0,0,0,0,0,0
0.572324,0,0,0,0,0,0,0,0
0.573866,0,0,0,0,0,0,0,0
0.575436,0,0,0,0,0,0,0,0
0.577077,0,0,0,0,0,0,0,0
0.578648,0,0,0,0,0,0,0,0
0.580265,0,0,0,0,0,0,0,0
0.581837,0,0,0,0,0,0,0,0
0.583408,0,0,0,0,0,0,0,0
0.585051,0,0,0,0,0,0,0,0
0.586622,0,0,0,0,0,0,0,0
0.588207,0,0,0,0,0,0,0,0
0.589779,0,0,0,0,0,0,0,0
0.591351,0,0,0,0,0,0,0,0
0.592794,0,0,0,0,0,0,0,0
0.594333,0,0,0,0,0,0,0,0
0.595872,0,0,0,0,0,0,0,0
0.597424,0,0,0,0,0,0,0,0
0.599009,0,0,0,0,0,0,0,0
0.600582,0,0,0,0,0,0,0,0
0.602157,0,0,0,0,0,0,0,0
0.603783,0,0,0,0,0,0,0,0
0.605354,0,0,0,0,0,0,0,0
0.606925,0,0,0,0,0,0,0,0
0.608499,0,0,0,0,0,0,0,0
0.610086,0,0,0,0,0,0,0,0
0.611657,0,0,0,0,0,0,0,0
0.613281,0,0,0,0,0,0,0,0
0.614853,0,0,0,0,0,0,0,0
0.616428,0,0,0,0,0,0,0,0
0.618002,0,0,0,0,0,0,0,0
0.619575,0,0,0,0,0,0,0,0
0.621165,0,0,0,0,0,0,0,0
0.622737,0,0,0,0,0,0,0,0
0.624311,0,0,0,0,0,0,0,0
0.625884,0,0,0,0,0,0,0,0
0.627455,0,0,0,0,0,0,0,0
0.629076,0,0,0,0,0,0,0,0
0.630648,0,0,0,0,0,0,0,0
0.632236,0,0,0,0,0,0,0,0
0.633809,0,0,0,0,0,0,0,0
0.635382,0,0,0,0,0,0,0,0
0.637028,0,0,0,0,0,0,0,0
0.638597,0,0,0,0,0,0,0,0
0.640170,0,0,0,0,0,0,0,0
0.641743,0,0,0,0,0,0,0,0
0.643198,0,0,0,0,0,0,0,0
0.644742,0,0,0,0,0,0,0,0
0.646192,0,0,0,0,0,0,0,0
0.647790,0,0,0,0,0,0,0,0
0.649359,0,0,0,0,0,0,0,0
0.650930,0,0,0,0,0,0,0,0
0.652502,0,0,0,0,0,0,0,0
0.654087,0,0,0,0,0,0,0,0
0.655535,0,0,0,0,0,0,0,0
0.657092,0,0,0,0,0,0,0,0
0.658661,0,0,0,0,0,0,0,0
0.660280,0,0,0,0,0,0,0,0
0.661854,0,0,0,0,0,0,0,0
0.663427,0,0,0,0,0,0,0,0
0.665084,0,0,0,0,0,0,0,0
0.666657,0,0,0,0,0,0,0,0
0.668232,0,0,0,0,0,0,0,0
0.669806,0,0,0,0,0,0,0,0
0.671378,0,0,0,0,0,0,0,0
0.673005,0,0,0,0,0,0,0,0
0.674578,0,0,0,0,0,0,0,0
0.676209,0,0,0,0,0,0,0,0
0.677782,0,0,0,0,0,0,0,0
0.679356,0,0,0,0,0,0,0,0
0.681002,0,0,0,0,0,0,0,0
0.682576,0,0,0,0,0,0,0,0
0.684152,0,0,0,0,0,0,0,0
0.685727,0,0,0,0,0,0,0,0
0.687311,0,0,0,0,0,0,0,0
0.688886,0,0,0,0,0,0,0,0
0.690460,0,0,0,0,0,0,0,0
0.692079,0,0,0,0,0,0,0,0
0.693654,0,0,0,0,0,0,0,0
0.695226,0,0,0,0,0,0,0,0
0.696800,0,0,0,0,0,0,0,0
0.698387,0,0,0,0,0,0,0,0
0.699963,0,0,0,0,0,0,0,0
0.701537,0,0,0,0,0,0,0,0
0.703110,0,0,0,0,0,0,0,0
0.704684,0,0,0,0,0,0,0,0
0.706259,0,0,0,0,0,0,0,0
0.707877,0,0,0,0,0,0,0,0
0.709464,0,0,0,0,0,0,0,0
0.711036,0,0,0,0,0,0,0,0
0.712611,0,0,0,0,0,0,0,0
0.714186,0,0,0,0,0,0,0,0
0.715762,0,0,0,0,0,0,0,0
0.717336,0,0,0,0,0,0,0,0
0.718908,0,0,0,0,0,0,0,0
0.720495,0,0,0,0,0,0,0,0
0.722068,0,0,0,0,0,0,0,0
0.723640,0,0,0,0,0,0,0,0
0.725264,0,0,0,0,0,0,0,0
0.726837,0,0,0,0,0,0,0,0
0.728412,0,0,0,0,0,0,0,0
0.729986,0,0,0,0,0,0,0,0
0.731570,0,0,0,0,0,0,0,0
0.733171,0,0,0,0,0,0,0,0
0.734662,0,0,0,0,0,0,0,0
0.736209,0,0,0,0,0,0,0,0
0.737686,0,0,0,0,0,0,0,0
0.739231,0,0,0,0,0,0,0,0
0.740806,0,0,0,0,0,0,0,0
0.742400,0,0,0,0,0,0,0,0
0.743980,0,0,0,0,0,0,0,0
0.745554,0,0,0,0,0,0,0,0
0.747127,0,0,0,0,0,0,0,0
0.748700,0,0,0,0,0,0,0,0
0.750275,0,0,0,0,0,0,0,0
0.751850,0,0,0,0,0,0,0,0
0.753437,0,0,0,0,0,0,0,0
0.755009,0,0,0,0,0,0,0,0
0.756585,0,0,0,0,0,0,0,0
0.758159,0,0,0,0,0,0,0,0
0.759807,0,0,0,0,0,0,0,0
0.761192,0,0,0,0,0,0,0,0
0.762604,0,0,0,0,0,0,0,0
0.764192,0,0,0,0,0,0,0,0
0.765767,0,0,0,0,0,0,0,0
0.767341,0,0,0,0,0,0,0,0
0.768912,0,0,0,0,0,0,0,0
0.770486,0,0,0,0,0,0,0,0
0.772103,0,0,0,0,0,0,0,0
0.773678,0,0,0,0,0,0,0,0
0.775264,0,0,0,0,0,0,0,0
0.776838,0,0,0,0,0,0,0,0
0.778413,0,0,0,0,0,0,0,0
0.779986,0,0,0,0,0,0,0,0
0.781565,0,0,0,0,0,0,0,0
0.783135,0,0,0,0,0,0,0,0
0.784708,0,0,0,0,0,0,0,0
0.786292,0,0,0,0,0,0,0,0
0.787910,0,0,0,0,0,0,0,0
0.789483,0,0,0,0,0,0,0,0
0.791056,0,0,0,0,0,0,0,0
0.792627,0,0,0,0,0,0,0,0
0.794200,0,0,0,0,0,0,0,0
0.795775,0,0,0,0,0,0,0,0
0.797360,0,0,0,0,0,0,0,0
0.798931,0,0,0,0,0,0,0,0
0.800504,0,0,0,0,0,0,0,0
0.802077,0,0,0,0,0,0,0,0
0.803647,0,0,0,0,0,0,0,0
0.805271,0,0,0,0,0,0,0,0
0.806843,0,0,0,0,0,0,0,0
0.808430,0,0,0,0,0,0,0,0
0.810003,0,0,0,0,0,0,0,0
0.811574,0,0,0,0,0,0,0,0
0.813150,0,0,0,0,0,0,0,0
0.814721,0,0,0,0,0,0,0,0
0.816294,0,0,0,0,0,0,0,0
0.817867,0,0,0,0,0,0,0,0
0.819449,0,0,0,0,0,0,0,0
0.821069,0,0,0,0,0,0,0,0
0.822640,0,0,0,0,0,0,0,0
0.824214,0,0,0,0,0,0,0,0
0.825787,0,0,0,0,0,0,0,0
0.827357,0,0,0,0,0,0,0,0
0.828886,0,0,0,0,0,0,0,0
0.830437,0,0,0,0,0,0,0,0
0.835818,0,0,0,0,0,0,0,0
0.837276,0,0,0,0,0,0,0,0
0.838662,0,0,0,0,0,0,0,0
0.840030,0,0,0,0,0,0,0,0
0.841410,0,0,0,0,0,0,0,0
0.842772,0,0,0,0,0,0,0,0
0.844135,0,0,0,0,0,0,0,0
0.845496,0,0,0,0,0,0,0,0
0.846857,0,0,0,0,0,0,0,0
0.848220,0,0,0,0,0,0,0,0
0.849582,0,0,0,0,0,0,0,0
0.850943,0,0,0,0,0,0,0,0
0.852446,0,0,0,0,0,0,0,0
0.854029,0,0,0,0,0,0,0,0
0.855624,0,0,0,0,0,0,0,0
0.857021,0,0,0,0,0,0,0,0
0.858437,0,0,0,0,0,0,0,0
0.859859,0,0,0,0,0,0,0,0
0.861269,0,0,0,0,0,0,0,0
0.862687,0,0,0,0,0,0,0,0
0.864097,0,0,0,0,0,0,0,0
0.865503,0,0,0,0,0,0,0,0
0.866910,0,0,0,0,0,0,0,0
0.868358,0,0,0,0,0,0,0,0
0.869893,0,0,0,0,0,0,0,0
0.871337,0,0,0,0,0,0,0,0
0.872762,0,0,0,0,0,0,0,0
0.874304,0,0,0,0,0,0,0,0
0.875891,0,0,0,0,0,0,0,0
0.877488,0,0,0,0,0,0,0,0
0.879061,0,0,0,0,0,0,0,0
0.880635,0,0,0,0,0,0,0,0
0.882209,0,0,0,0,0,0,0,0
0.883840,0,0,0,0,0,0,0,0
0.885414,0,0,0,0,0,0,0,0
0.886986,0,0,0,0,0,0,0,0
0.888562,0,0,0,0,0,0,0,0
0.890136,0,0,0,0,0,0,0,0
0.891709,0,0,0,0,0,0,0,0
0.893301,0,0,0,0,0,0,0,0
0.894886,0,0,0,0,0,0,0,0
0.896462,0,0,0,0,0,0,0,0
0.898037,0,0,0,0,0,0,0,0
0.899608,0,0,0,0,0,0,0,0
0.901233,0,0,0,0,0,0,0,0
0.902805,0,0,0,0,0,0,0,0
0.904381,0,0,0,0,0,0,0,0
0.905969,0,0,0,0,0,0,0,0
0.907540,0,0,0,0,0,0,0,0
0.909119,0,0,0,0,0,0,0,0
0.910691,0,0,0,0,0,0,0,0
0.912267,0,0,0,0,0,0,0,0
0.913840,0,0,0,0,0,0,0,0
0.915416,0,0,0,0,0,0,0,0
0.916994,0,0,0,0,0,0,0,0
0.918536,0,0,0,0,0,0,0,0
0.920110,0,0,0,0,0,0,0,0
0.921683,0,0,0,0,0,0,0,0
0.923253,0,0,0,0,0,0,0,0
0.924825,0,0,0,0,0,0,0,0
0.926398,0,0,0,0,0,0,0,0
0.927983,0,0,0,0,0,0,0,0
0.929556,0,0,0,0,0,0,0,0
0.931126,0,0,0,0,0,0,0,0
0.932699,0,0,0,0,0,0,0,0
0.934271,0,0,0,0,0,0,0,0
0.935844,0,0,0,0,0,0,0,0
0.937416,0,0,0,0,0,0,0,0
0.939000,0,0,0,0,0,0,0,0
0.940573,0,0,0,0,0,0,0,0
0.942146,0,0,0,0,0,0,0,0
0.943716,0,0,0,0,0,0,0,0
0.945293,0,0,0,0,0,0,0,0
0.946692,0,0,0,0,0,0,0,0
0.948060,0,0,0,0,0,0,0,0
0.949486,0,0,0,0,0,0,0,0
0.950898,0,0,0,0,0,0,0,0
0.952306,0,0,0,0,0,0,0,0
0.953713,0,0,0,0,0,0,0,0
0.955118,0,0,0,0,0,0,0,0
0.956656,0,0,0,0,0,0,0,0
0.958228,0,0,0,0,0,0,0,0
0.959685,0,0,0,0,0,0,0,0
0.961111,0,0,0,0,0,0,0,0
0.962655,0,0,0,0,0,0,0,0
0.964273,0,0,0,0,0,0,0,0
0.965845,0,0,0,0,0,0,0,0
0.967417,0,0,0,0,0,0,0,0
0.968967,0,0,0,0,0,0,0,0
0.970518,0,0,0,0,0,0,0,0
0.972115,0,0,0,0,0,0,0,0
0.973688,0,0,0,0,0,0,0,0
0.975260,0,0,0,0,0,0,0,0
0.976833,0,0,0,0,0,0,0,0
0.978405,0,0,0,0,0,0,0,0
0.980024,0,0,0,0,0,0,0,0
0.981487,0,0,0,0,0,0,0,0
0.983030,0,0,0,0,0,0,0,0
0.984502,0,0,0,0,0,0,0,0
0.985949,0,0,0,0,0,0,0,0
0.987363,0,0,0,0,0,0,0,0
0.988775,0,0,0,0,0,0,0,0
0.990211,0,0,0,0,0,0,0,0
0.991633,0,0,0,0,0,0,0,0
0.993052,0,0,0,0,0,0,0,0
0.994590,0,0,0,0,0,0,0,0
0.996214,0,0,0,0,0,0,0,0
0.997789,0,0,0,0,0,0,0,0
0.999363,0,0,0,0,0,0,0,0
1.001007,0,0,0,0,0,0,0,0
1.002602,0,0,0,0,0,0,0,0
1.004176,0,0,0,0,0,0,0,0
1.005751,0,0,0,0,0,0,0,0
1.007325,0,0,0,0,0,0,0,0
1.008900,0,0,0,0,0,0,0,0
1.010475,0,0,0,0,0,0,0,0
1.012097,0,0,0,0,0,0,0,0
1.013685,0,0,0,0,0,0,0,0
1.015258,0,0,0,0,0,0,0,0
1.016833,0,0,0,0,0,0,0,0
1.018400,0,0,0,0,0,0,0,0
1.020037,0,0,0,0,0,0,0,0
1.021606,0,0,0,0,0,0,0,0
1.023019,0,0,0,0,0,0,0,0
1.024567,0,0,0,0,0,0,0,0
1.026140,0,0,0,0,0,0,0,0
1.027710,0,0,0,0,0,0,0,0
1.029377,0,0,0,0,0,0,0,0
1.030947,0,0,0,0,0,0,0,0
1.032521,0,0,0,0,0,0,0,0
1.033972,0,0,0,0,0,0,0,0
1.035407,0,0,0,0,0,0,0,0
1.037009,0,0,0,0,0,0,0,0
1.038585,0,0,0,0,0,0,0,0
1.040165,0,0,0,0,0,0,0,0
1.041742,0,0,0,0,0,0,0,0
1.043318,0,0,0,0,0,0,0,0
1.044898,0,0,0,0,0,0,0,0
1.046490,0,0,0,0,0,0,0,0
1.048070,0,0,0,0,0,0,0,0
1.049656,0,0,0,0,0,0,0,0
1.051232,0,0,0,0,0,0,0,0
1.052809,0,0,0,0,0,0,0,0
1.054388,0,0,0,0,0,0,0,0
1.055967,0,0,0,0,0,0,0,0
1.057427,0,0,0,0,0,0,0,0
1.058981,0,0,0,0,0,0,0,0
1.060560,0,0,0,0,0,0,0,0
1.062137,0,0,0,0,0,0,0,0
1.063714,0,0,0,0,0,0,0,0
1.065447,0,0,0,0,0,0,0,0
1.066859,0,0,0,0,0,0,0,0
1.068278,0,0,0,0,0,0,0,0
1.069821,0,0,0,0,0,0,0,0
1.071397,0,0,0,0,0,0,0,0
1.073026,0,0,0,0,0,0,0,0
1.074602,0,0,0,0,0,0,0,0
1.076224,0,0,0,0,0,0,0,0
1.078241,0,0,0,0,0,0,0,0
1.079837,0,0,0,0,0,0,0,0
1.081407,0,0,0,0,0,0,0,0
1.082976,0,0,0,0,0,0,0,0
1.084419,0,0,0,0,0,0,0,0
1.085968,0,0,0,0,0,0,0,0
1.087545,0,0,0,0,0,0,0,0
1.089126,0,0,0,0,0,0,0,0
1.090589,0,0,0,0,0,0,0,0
1.092183,0,0,0,0,0,0,0,0
1.093763,0,0,0,0,0,0,0,0
1.095341,0,0,0,0,0,0,0,0
1.096918,0,0,0,0,0,0,0,0
1.098496,0,0,0,0,0,0,0,0
1.100077,0,0,0,0,0,0,0,0
1.101669,0,0,0,0,0,0,0,0
1.103246,0,0,0,0,0,0,0,0
1.104825,0,0,0,0,0,0,0,0
1.106404,0,0,0,0,0,0,0,0
1.108029,0,0,0,0,0,0,0,0
1.109609,0,0,0,0,0,0,0,0
1.111185,0,0,0,0,0,0,0,0
1.112776,0,0,0,0,0,0,0,0
1.114354,0,0,0,0,0,0,0,0
1.115931,0,0,0,0,0,0,0,0
1.117508,0,0,0,0,0,0,0,0
1.119084,0,0,0,0,0,0,0,0
1.120661,0,0,0,0,0,0,0,0
1.122239,0,0,0,0,0,0,0,0
1.123873,0,0,0,0,0,0,0,0
1.125452,0,0,0,0,0,0,0,0
1.127029,0,0,0,0,0,0,0,0
1.128605,0,0,0,0,0,0,0,0
1.130183,0,0,0,0,0,0,0,0
1.131763,0,0,0,0,0,0,0,0
1.133341,0,0,0,0,0,0,0,0
1.134929,0,0,0,0,0,0,0,0
1.136688,0,0,0,0,0,0,0,0
1.138268,0,0,0,0,0,0,0,0
1.139892,0,0,0,0,0,0,0,0
1.141470,0,0,0,0,0,0,0,0
1.143046,0,0,0,0,0,0,0,0
1.144622,0,0,0,0,0,0,0,0
1.146213,0,0,0,0,0,0,0,0
1.147793,0,0,0,0,0,0,0,0
1.149370,0,0,0,0,0,0,0,0
1.150946,0,0,0,0,0,0,0,0
1.152524,0,0,0,0,0,0,0,0
1.154102,0,0,0,0,0,0,0,0
1.155678,0,0,0,0,0,0,0,0
1.157192,0,0,0,0,0,0,0,0
1.158607,0,0,0,0,0,0,0,0
1.160152,0,0,0,0,0,0,0,0
1.161729,0,0,0,0,0,0,0,0
1.163306,0,0,0,0,0,0,0,0
1.164883,0,0,0,0,0,0,0,0
1.166460,0,0,0,0,0,0,0,0
1.168052,0,0,0,0,0,0,0,0
1.169630,0,0,0,0,0,0,0,0
1.171204,0,0,0,0,0,0,0,0
1.172782,0,0,0,0,0,0,0,0
1.174359,0,0,0,0,0,0,0,0
1.175938,0,0,0,0,0,0,0,0
1.177517,0,0,0,0,0,0,0,0
1.179106,0,0,0,0,0,0,0,0
1.180684,0,0,0,0,0,0,0,0
1.182262,0,0,0,0,0,0,0,0
1.183846,0,0,0,0,0,0,0,0
1.185421,0,0,0,0,0,0,0,0
1.187005,0,0,0,0,0,0,0,0
1.188594,0,0,0,0,0,0,0,0
1.190187,0,0,0,0,0,0,0,0
1.191767,0,0,0,0,0,0,0,0
1.193346,0,0,0,0,0,0,0,0
1.194927,0,0,0,0,0,0,0,0
1.196507,0,0,0,0,0,0,0,0
1.198087,0,0,0,0,0,0,0,0
1.199665,0,0,0,0,0,0,0,0
1.201262,0,0,0,0,0,0,0,0
1.202840,0,0,0,0,0,0,0,0
1.204466,0,0,0,0,0,0,0,0
1.206047,0,0,0,0,0,0,0,0
1.207625,0,0,0,0,0,0,0,0
1.209202,0,0,0,0,0,0,0,0
1.210770,0,0,0,0,0,0,0,0
1.212231,0,0,0,0,0,0,0,0
1.213784,0,0,0,0,0,0,0,0
1.215361,0,0,0,0,0,0,0,0
1.216992,0,0,0,0,0,0,0,0
1.218569,0,0,0,0,0,0,0,0
1.220195,0,0,0,0,0,0,0,0
1.221774,0,0,0,0,0,0,0,0
1.223364,0,0,0,0,0,0,0,0
1.224988,0,0,0,0,0,0,0,0
1.226566,0,0,0,0,0,0,0,0
1.228146,0,0,0,0,0,0,0,0
1.229725,0,0,0,0,0,0,0,0
1.231301,0,0,0,0,0,0,0,0
1.232878,0,0,0,0,0,0,0,0
1.234341,0,0,0,0,0,0,0,0
1.235932,0,0,0,0,0,0,0,0
1.237506,0,0,0,0,0,0,0,0
1.239079,0,0,0,0,0,0,0,0
1.240653,0,0,0,0,0,0,0,0
1.242227,0,0,0,0,0,0,0,0
1.243803,0,0,0,0,0,0,0,0
1.245397,0,0,0,0,0,0,0,0
1.246969,0,0,0,0,0,0,0,0
1.248545,0,0,0,0,0,0,0,0
1.250120,0,0,0,0,0,0,0,0
1.251689,0,0,0,0,0,0,0,0
1.253173,0,0,0,0,0,0,0,0
1.254714,0,0,0,0,0,0,0,0
1.256176,0,0,0,0,0,0,0,0
1.257597,0,0,0,0,0,0,0,0
1.259144,0,0,0,0,0,0,0,0
1.260609,0,0,0,0,0,0,0,0
1.262103,0,0,0,0,0,0,0,0
1.263677,0,0,0,0,0,0,0,0
1.265192,0,0,0,0,0,0,0,0
1.266651,0,0,0,0,0,0,0,0
1.268242,0,0,0,0,0,0,0,0
1.269922,0,0,0,0,0,0,0,0
1.271680,0,0,0,0,0,0,0,0
1.273196,0,0,0,0,0,0,0,0
1.274611,0,0,0,0,0,0,0,0
1.276054,0,0,0,0,0,0,0,0
1.277470,0,0,0,0,0,0,0,0
1.278871,0,0,0,0,0,0,0,0
1.280273,0,0,0,0,0,0,0,0
1.281802,0,0,0,0,0,0,0,0
1.283485,0,0,0,0,0,0,0,0
1.285170,0,0,0,0,0,0,0,0
1.286733,0,0,0,0,0,0,0,0
1.288185,0,0,0,0,0,0,0,0
1.289722,0,0,0,0,0,0,0,0
1.291287,0,0,0,0,0,0,0,0
1.292731,0,0,0,0,0,0,0,0
1.294276,0,0,0,0,0,0,0,0
1.295854,0,0,0,0,0,0,0,0
1.297430,0,0,0,0,0,0,0,0
1.299016,0,0,0,0,0,0,0,0
1.300593,0,0,0,0,0,0,0,0
1.302169,0,0,0,0,0,0,0,0
1.303817,0,0,0,0,0,0,0,0
1.305457,0,0,0,0,0,0,0,0
1.307031,0,0,0,0,0,0,0,0
1.308607,0,0,0,0,0,0,0,0
1.310069,0,0,0,0,0,0,0,0
1.311618,0,0,0,0,0,0,0,0
1.313204,0,0,0,0,0,0,0,0
1.314781,0,0,0,0,0,0,0,0
1.316405,0,0,0,0,0,0,0,0
1.317981,0,0,0,0,0,0,0,0
1.319549,0,0,0,0,0,0,0,0
1.321155,0,0,0,0,0,0,0,0
1.322731,0,0,0,0,0,0,0,0
1.324310,0,0,0,0,0,0,0,0
1.325888,0,0,0,0,0,0,0,0
1.327463,0,0,0,0,0,0,0,0
1.329044,0,0,0,0,0,0,0,0
1.330620,0,0,0,0,0,0,0,0
1.332255,0,0,0,0,0,0,0,0
1.333833,0,0,0,0,0,0,0,0
1.335408,0,0,0,0,0,0,0,0
1.336945,0,0,0,0,0,0,0,0
1.338491,0,0,0,0,0,0,0,0
1.340071,0,0,0,0,0,0,0,0
1.341647,0,0,0,0,0,0,0,0
1.343235,0,0,0,0,0,0,0,0
1.344813,0,0,0,0,0,0,0,0
1.346390,0,0,0,0,0,0,0,0
1.348012,0,0,0,0,0,0,0,0
1.349591,0,0,0,0,0,0,0,0
1.351166,0,0,0,0,0,0,0,0
1.352743,0,0,0,0,0,0,0,0
1.354333,0,0,0,0,0,0,0,0
1.355911,0,0,0,0,0,0,0,0
1.357488,0,0,0,0,0,0,0,0
1.359064,0,0,0,0,0,0,0,0
1.360640,0,0,0,0,0,0,0,0
1.362217,0,0,0,0,0,0,0,0
1.363839,0,0,0,0,0,0,0,0
1.365304,0,0,0,0,0,0,0,0
1.366849,0,0,0,0,0,0,0,0
1.368428,0,0,0,0,0,0,0,0
1.370005,0,0,0,0,0,0,0,0
1.371582,0,0,0,0,0,0,0,0
1.373164,0,0,0,0,0,0,0,0
1.374739,0,0,0,0,0,0,0,0
1.376341,0,0,0,0,0,0,0,0
1.377947,0,0,0,0,0,0,0,0
1.379524,0,0,0,0,0,0,0,0
1.381028,0,0,0,0,0,0,0,0
1.382579,0,0,0,0,0,0,0,0
1.384158,0,0,0,0,0,0,0,0
1.385737,0,0,0,0,0,0,0,0
1.387328,0,0,0,0,0,0,0,0
1.388906,0,0,0,0,0,0,0,0
1.390485,0,0,0,0,0,0,0,0
1.392065,0,0,0,0,0,0,0,0
1.393643,0,0,0,0,0,0,0,0
1.395219,0,0,0,0,0,0,0,0
1.396798,0,0,0,0,0,0,0,0
1.398389,0,0,0,0,0,0,0,0
1.399969,0,0,0,0,0,0,0,0
1.401548,0,0,0,0,0,0,0,0
1.403126,0,0,0,0,0,0,0,0
1.404704,0,0,0,0,0,0,0,0
1.406283,0,0,0,0,0,0,0,0
1.407862,0,0,0,0,0,0,0,0
1.409452,0,0,0,0,0,0,0,0
1.411030,0,0,0,0,0,0,0,0
1.412608,0,0,0,0,0,0,0,0
1.414188,0,0,0,0,0,0,0,0
1.415768,0,0,0,0,0,0,0,0
1.417347,0,0,0,0,0,0,0,0
1.418924,0,0,0,0,0,0,0,0
1.420517,0,0,0,0,0,0,0,0
1.422096,0,0,0,0,0,0,0,0
1.423673,0,0,0,0,0,0,0,0
1.425113,0,0,0,0,0,0,0,0
1.426531,0,0,0,0,0,0,0,0
1.428120,0,0,0,0,0,0,0,0
1.429699,0,0,0,0,0,0,0,0
1.431289,0,0,0,0,0,0,0,0
1.434230,0,0,0,0,0,0,0,0
1.435840,0,0,0,0,0,0,0,0
1.437419,0,0,0,0,0,0,0,0
1.438995,0,0,0,0,0,0,0,0
1.440575,0,0,0,0,0,0,0,0
1.442165,0,0,0,0,0,0,0,0
1.443790,0,0,0,0,0,0,0,0
1.445370,0,0,0,0,0,0,0,0
1.446946,0,0,0,0,0,0,0,0
1.448526,0,0,0,0,0,0,0,0
1.450106,0,0,0,0,0,0,0,0
1.451682,0,0,0,0,0,0,0,0
1.453322,0,0,0,0,0,0,0,0
1.454899,0,0,0,0,0,0,0,0
1.456478,0,0,0,0,0,0,0,0
1.457932,0,0,0,0,0,0,0,0
1.459486,0,0,0,0,0,0,0,0
1.461780,0,0,0,0,0,0,0,0
1.463815,0,0,0,0,0,0,0,0
1.465448,0,0,0,0,0,0,0,0
1.466869,0,0,0,0,0,0,0,0
1.468284,0,0,0,0,0,0,0,0
1.469698,0,0,0,0,0,0,0,0
1.471109,0,0,0,0,0,0,0,0
1.472525,0,0,0,0,0,0,0,0
1.474079,0,0,0,0,0,0,0,0
1.475656,0,0,0,0,0,0,0,0
1.477287,0,0,0,0,0,0,0,0
1.478866,0,0,0,0,0,0,0,0
1.480446,0,0,0,0,0,0,0,0
1.482027,0,0,0,0,0,0,0,0
1.483605,0,0,0,0,0,0,0,0
1.485202,0,0,0,0,0,0,0,0
1.486781,0,0,0,0,0,0,0,0
1.488361,0,0,0,0,0,0,0,0
1.489940,0,0,0,0,0,0,0,0
1.491518,0,0,0,0,0,0,0,0
1.493148,0,0,0,0,0,0,0,0
1.494727,0,0,0,0,0,0,0,0
1.496321,0,0,0,0,0,0,0,0
1.497892,0,0,0,0,0,0,0,0
1.499460,0,0,0,0,0,0,0,0
1.501027,0,0,0,0,0,0,0,0
1.502447,0,0,0,0,0,0,0,0
1.503863,0,0,0,0,0,0,0,0
1.505277,0,0,0,0,0,0,0,0
1.506707,0,0,0,0,0,0,0,0
1.508164,0,0,0,0,0,0,0,0
1.509713,0,0,0,0,0,0,0,0
1.511291,0,0,0,0,0,0,0,0
1.512869,0,0,0,0,0,0,0,0
1.514440,0,0,0,0,0,0,0,0
1.516046,0,0,0,0,0,0,0,0
1.517604,0,0,0,0,0,0,0,0
1.519182,0,0,0,0,0,0,0,0
1.520761,0,0,0,0,0,0,0,0
1.522337,0,0,0,0,0,0,0,0
1.524024,0,0,0,0,0,0,0,0
1.525483,0,0,0,0,0,0,0,0
1.526967,0,0,0,0,0,0,0,0
1.528394,0,0,0,0,0,0,0,0
1.529803,0,0,0,0,0,0,0,0
1.531336,0,0,0,0,0,0,0,0
1.532780,0,0,0,0,0,0,0,0
1.534396,0,0,0,0,0,0,0,0
1.535983,0,0,0,0,0,0,0,0
1.537560,0,0,0,0,0,0,0,0
1.539154,0,0,0,0,0,0,0,0
1.540730,0,0,0,0,0,0,0,0
1.542306,0,0,0,0,0,0,0,0
1.543885,0,0,0,0,0,0,0,0
1.545462,0,0,0,0,0,0,0,0
1.547038,0,0,0,0,0,0,0,0
1.548617,0,0,0,0,0,0,0,0
1.550208,0,0,0,0,0,0,0,0
1.551787,0,0,0,0,0,0,0,0
1.553365,0,0,0,0,0,0,0,0
1.554940,0,0,0,0,0,0,0,0
1.556562,0,0,0,0,0,0,0,0
1.558141,0,0,0,0,0,0,0,0
1.559716,0,0,0,0,0,0,0,0
1.561308,0,0,0,0,0,0,0,0
1.562726,0,0,0,0,0,0,0,0
1.564271,0,0,0,0,0,0,0,0
1.565850,0,0,0,0,0,0,0,0
1.567426,0,0,0,0,0,0,0,0
1.569056,0,0,0,0,0,0,0,0
1.570631,0,0,0,0,0,0,0,0
1.572266,0,0,0,0,0,0,0,0
1.573845,0,0,0,0,0,0,0,0
1.575421,0,0,0,0,0,0,0,0
1.577116,0,0,0,0,0,0,0,0
1.578646,0,0,0,0,0,0,0,0
1.580189,0,0,0,0,0,0,0,0
1.581707,0,0,0,0,0,0,0,0
1.583632,0,0,0,0,0,0,0,0
1.585390,0,0,0,0,0,0,0,0
1.586865,0,0,0,0,0,0,0,0
1.588412,0,0,0,0,0,0,0,0
1.590397,0,0,0,0,0,0,0,0
1.592364,0,0,0,0,0,0,0,0
1.593839,0,0,0,0,0,0,0,0
1.595293,0,0,0,0,0,0,0,0
1.596752,0,0,0,0,0,0,0,0
1.598208,0,0,0,0,0,0,0,0
1.599666,0,0,0,0,0,0,0,0
1.601264,0,0,0,0,0,0,0,0
1.602894,0,0,0,0,0,0,0,0
1.604407,0,0,0,0,0,0,0,0
1.606010,0,0,0,0,0,0,0,0
1.607639,0,0,0,0,0,0,0,0
1.609276,0,0,0,0,0,0,0,0
1.610905,0,0,0,0,0,0,0,0
1.612537,0,0,0,0,0,0,0,0
1.614168,0,0,0,0,0,0,0,0
1.615815,0,0,0,0,0,0,0,0
1.617446,0,0,0,0,0,0,0,0
1.619074,0,0,0,0,0,0,0,0
1.620707,0,0,0,0,0,0,0,0
1.622338,0,0,0,0,0,0,0,0
1.623970,0,0,0,0,0,0,0,0
1.625600,0,0,0,0,0,0,0,0
1.627242,0,0,0,0,0,0,0,0
1.628872,0,0,0,0,0,0,0,0
1.630502,0,0,0,0,0,0,0,0
1.632134,0,0,0,0,0,0,0,0
1.633764,0,0,0,0,0,0,0,0
1.635394,0,0,0,0,0,0,0,0
1.637047,0,0,0,0,0,0,0,0
1.638659,0,0,0,0,0,0,0,0
1.640290,0,0,0,0,0,0,0,0
1.641921,0,0,0,0,0,0,0,0
1.643550,0,0,0,0,0,0,0,0
1.645181,0,0,0,0,0,0,0,0
1.646732,0,0,0,0,0,0,0,0
1.648203,0,0,0,0,0,0,0,0
1.649674,0,0,0,0,0,0,0,0
1.651130,0,0,0,0,0,0,0,0
1.652587,0,0,0,0,0,0,0,0
1.654047,0,0,0,0,0,0,0,0
1.655504,0,0,0,0,0,0,0,0
1.657100,0,0,0,0,0,0,0,0
1.658662,0,0,0,0,0,0,0,0
1.660152,0,0,0,0,0,0,0,0
1.661752,0,0,0,0,0,0,0,0
1.663383,0,0,0,0,0,0,0,0
1.665073,0,0,0,0,0,0,0,0
1.666703,0,0,0,0,0,0,0,0
1.668386,0,0,0,0,0,0,0,0
1.670019,0,0,0,0,0,0,0,0
1.671664,0,0,0,0,0,0,0,0
1.673297,0,0,0,0,0,0,0,0
1.674928,0,0,0,0,0,0,0,0
1.676561,0,0,0,0,0,0,0,0
1.678194,0,0,0,0,0,0,0,0
1.679828,0,0,0,0,0,0,0,0
1.681461,0,0,0,0,0,0,0,0
1.683104,0,0,0,0,0,0,0,0
1.684738,0,0,0,0,0,0,0,0
1.686372,0,0,0,0,0,0,0,0
1.688007,0,0,0,0,0,0,0,0
1.689640,0,0,0,0,0,0,0,0
1.691269,0,0,0,0,0,0,0,0
1.692902,0,0,0,0,0,0,0,0
1.694548,0,0,0,0,0,0,0,0
1.696183,0,0,0,0,0,0,0,0
1.697816,0,0,0,0,0,0,0,0
1.699446,0,0,0,0,0,0,0,0
1.701133,0,0,0,0,0,0,0,0
1.702764,0,0,0,0,0,0,0,0
1.704397,0,0,0,0,0,0,0,0
1.706043,0,0,0,0,0,0,0,0
1.707673,0,0,0,0,0,0,0,0
1.709240,0,0,0,0,0,0,0,0
1.710707,0,0,0,0,0,0,0,0
1.712307,0,0,0,0,0,0,0,0
1.713939,0,0,0,0,0,0,0,0
1.715570,0,0,0,0,0,0,0,0
1.717272,0,0,0,0,0,0,0,0
1.718903,0,0,0,0,0,0,0,0
1.720557,0,0,0,0,0,0,0,0
1.722188,0,0,0,0,0,0,0,0
1.723825,0,0,0,0,0,0,0,0
1.725458,0,0,0,0,0,0,0,0
1.727089,0,0,0,0,0,0,0,0
1.728733,0,0,0,0,0,0,0,0
1.730365,0,0,0,0,0,0,0,0
1.732077,0,0,0,0,0,0,0,0
1.733707,0,0,0,0,0,0,0,0
1.735336,0,0,0,0,0,0,0,0
1.737035,0,0,0,0,0,0,0,0
1.738664,0,0,0,0,0,0,0,0
1.740178,0,0,0,0,0,0,0,0
1.741782,0,0,0,0,0,0,0,0
1.743411,0,0,0,0,0,0,0,0
1.745100,0,0,0,0,0,0,0,0
1.746730,0,0,0,0,0,0,0,0
1.748410,0,0,0,0,0,0,0,0
1.750041,0,0,0,0,0,0,0,0
1.751550,0,0,0,0,0,0,0,0
1.753156,0,0,0,0,0,0,0,0
1.754785,0,0,0,0,0,0,0,0
1.756679,0,0,0,0,0,0,0,0
1.758370,0,0,0,0,0,0,0,0
1.759833,0,0,0,0,0,0,0,0
1.761253,0,0,0,0,0,0,0,0
1.762676,0,0,0,0,0,0,0,0
1.764137,0,0,0,0,0,0,0,0
1.765552,0,0,0,0,0,0,0,0
1.766964,0,0,0,0,0,0,0,0
1.768377,0,0,0,0,0,0,0,0
1.769786,0,0,0,0,0,0,0,0
1.771197,0,0,0,0,0,0,0,0
1.772609,0,0,0,0,0,0,0,0
1.774030,0,0,0,0,0,0,0,0
1.775442,0,0,0,0,0,0,0,0
1.776951,0,0,0,0,0,0,0,0
1.778362,0,0,0,0,0,0,0,0
1.779814,0,0,0,0,0,0,0,0
1.781226,0,0,0,0,0,0,0,0
1.782638,0,0,0,0,0,0,0,0
1.784060,0,0,0,0,0,0,0,0
1.785473,0,0,0,0,0,0,0,0
1.786883,0,0,0,0,0,0,0,0
1.788294,0,0,0,0,0,0,0,0
1.789706,0,0,0,0,0,0,0,0
1.791116,0,0,0,0,0,0,0,0
1.792527,0,0,0,0,0,0,0,0
1.793974,0,0,0,0,0,0,0,0
1.795393,0,0,0,0,0,0,0,0
1.796899,0,0,0,0,0,0,0,0
1.798311,0,0,0,0,0,0,0,0
1.799759,0,0,0,0,0,0,0,0
1.801170,0,0,0,0,0,0,0,0
1.802581,0,0,0,0,0,0,0,0
1.803992,0,0,0,0,0,0,0,0
1.805412,0,0,0,0,0,0,0,0
1.806822,0,0,0,0,0,0,0,0
1.808447,0,0,0,0,0,0,0,0
1.810376,0,0,0,0,0,0,0,0
1.812024,0,0,0,0,0,0,0,0
1.813654,0,0,0,0,0,0,0,0
1.815284,0,0,0,0,0,0,0,0
1.816791,0,0,0,0,0,0,0,0
1.818393,0,0,0,0,0,0,0,0
1.820025,0,0,0,0,0,0,0,0
1.821656,0,0,0,0,0,0,0,0
1.823286,0,0,0,0,0,0,0,0
1.824917,0,0,0,0,0,0,0,0
1.826549,0,0,0,0,0,0,0,0
1.828241,0,0,0,0,0,0,0,0
1.829872,0,0,0,0,0,0,0,0
1.831500,0,0,0,0,0,0,0,0
1.833132,0,0,0,0,0,0,0,0
1.834762,0,0,0,0,0,0,0,0
1.836393,0,0,0,0,0,0,0,0
1.838025,0,0,0,0,0,0,0,0
1.839667,0,0,0,0,0,0,0,0
1.841298,0,0,0,0,0,0,0,0
1.842928,0,0,0,0,0,0,0,0
1.844609,0,0,0,0,0,0,0,0
1.846241,0,0,0,0,0,0,0,0
1.847874,0,0,0,0,0,0,0,0
1.849506,0,0,0,0,0,0,0,0
1.851149,0,0,0,0,0,0,0,0
1.852780,0,0,0,0,0,0,0,0
1.854411,0,0,0,0,0,0,0,0
1.856045,0,0,0,0,0,0,0,0
1.857675,0,0,0,0,0,0,0,0
1.859224,0,0,0,0,0,0,0,0
1.860699,0,0,0,0,0,0,0,0
1.862309,0,0,0,0,0,0,0,0
1.863942,0,0,0,0,0,0,0,0
1.865580,0,0,0,0,0,0,0,0
1.867202,0,0,0,0,0,0,0,0
1.868832,0,0,0,0,0,0,0,0
1.870463,0,0,0,0,0,0,0,0
1.872096,0,0,0,0,0,0,0,0
1.873739,0,0,0,0,0,0,0,0
1.875367,0,0,0,0,0,0,0,0
1.877065,0,0,0,0,0,0,0,0
1.878669,0,0,0,0,0,0,0,0
1.880303,0,0,0,0,0,0,0,0
1.881935,0,0,0,0,0,0,0,0
1.883578,0,0,0,0,0,0,0,0
1.885232,0,0,0,0,0,0,0,0
1.886862,0,0,0,0,0,0,0,0
1.888497,0,0,0,0,0,0,0,0
1.890130,0,0,0,0,0,0,0,0
1.891813,0,0,0,0,0,0,0,0
1.893447,0,0,0,0,0,0,0,0
1.895077,0,0,0,0,0,0,0,0
1.896729,0,0,0,0,0,0,0,0
1.898361,0,0,0,0,0,0,0,0
1.899995,0,0,0,0,0,0,0,0
1.901629,0,0,0,0,0,0,0,0
1.903260,0,0,0,0,0,0,0,0
1.904892,0,0,0,0,0,0,0,0
1.906525,0,0,0,0,0,0,0,0
1.908219,0,0,0,0,0,0,0,0
1.909852,0,0,0,0,0,0,0,0
1.911482,0,0,0,0,0,0,0,0
1.913118,0,0,0,0,0,0,0,0
1.914749,0,0,0,0,0,0,0,0
1.916381,0,0,0,0,0,0,0,0
1.918007,0,0,0,0,0,0,0,0
1.919645,0,0,0,0,0,0,0,0
1.921279,0,0,0,0,0,0,0,0
1.922905,0,0,0,0,0,0,0,0
1.924583,0,0,0,0,0,0,0,0
1.926211,0,0,0,0,0,0,0,0
1.927837,0,0,0,0,0,0,0,0
1.929466,0,0,0,0,0,0,0,0
1.931109,0,0,0,0,0,0,0,0
1.932740,0,0,0,0,0,0,0,0
1.934371,0,0,0,0,0,0,0,0
1.936004,0,0,0,0,0,0,0,0
1.937635,0,0,0,0,0,0,0,0
1.939265,0,0,0,0,0,0,0,0
1.940898,0,0,0,0,0,0,0,0
1.942545,0,0,0,0,0,0,0,0
1.944177,0,0,0,0,0,0,0,0
1.945808,0,0,0,0,0,0,0,0
1.947437,0,0,0,0,0,0,0,0
1.949071,0,0,0,0,0,0,0,0
1.950699,0,0,0,0,0,0,0,0
1.952332,0,0,0,0,0,0,0,0
1.953976,0,0,0,0,0,0,0,0
1.955606,0,0,0,0,0,0,0,0
1.957191,0,0,0,0,0,0,0,0
1.958663,0,0,0,0,0,0,0,0
1.960130,0,0,0,0,0,0,0,0
1.961590,0,0,0,0,0,0,0,0
1.963049,0,0,0,0,0,0,0,0
1.964528,0,0,0,0,0,0,0,0
1.966126,0,0,0,0,0,0,0,0
1.967760,0,0,0,0,0,0,0,0
1.969391,0,0,0,0,0,0,0,0
1.971021,0,0,0,0,0,0,0,0
1.972654,0,0,0,0,0,0,0,0
1.974287,0,0,0,0,0,0,0,0
1.975811,0,0,0,0,0,0,0,0
1.977415,0,0,0,0,0,0,0,0
1.979044,0,0,0,0,0,0,0,0
1.980677,0,0,0,0,0,0,0,0
1.982309,0,0,0,0,0,0,0,0
1.983943,0,0,0,0,0,0,0,0
1.985575,0,0,0,0,0,0,0,0
1.987218,0,0,0,0,0,0,0,0
1.988852,0,0,0,0,0,0,0,0
1.990377,0,0,0,0,0,0,0,0
1.991900,0,0,0,0,0,0,0,0
1.993360,0,0,0,0,0,0,0,0
1.994813,0,0,0,0,0,0,0,0
1.996272,0,0,0,0,0,0,0,0
1.997746,0,0,0,0,0,0,0,0
1.999356,0,0,0,0,0,0,0,0
2.000085,0,0,0,0,0,0,0,0
