elapsed_s,CP_LONG_PREEMPTIONS,CP_SQE_I_CACHE_STARVE,CP_SQE_IDLE,CP_SQE_PM4_STARVE_RB,CP_SQE_PM4_STARVE_IB1,CP_SQE_PM4_STARVE_IB2,CP_SQE_PM4_STARVE_IB3,CP_SQE_PM4_STARVE_FSDT,CP_SQE_PM4_STARVE_SDS,CP_SQE_MRB_STARVE,CP_SQE_RRB_STARVE,CP_SQE_VSD_STARVE,CP_VSD_DECODE_STARVE,CP_SQE_PIPE_OUT_STALL
0.001113,0,943,93973,47,0,0,0,0,0,0,51,0,0,0
0.002850,0,826,99302,47,0,0,0,0,0,0,52,0,0,0
0.004515,0,995,97733,47,0,0,0,0,0,0,52,0,0,0
0.006120,0,977,90158,47,0,0,0,0,0,0,51,0,0,0
0.007723,0,948,89843,47,0,0,0,0,0,0,52,0,0,0
0.009538,0,904,105722,47,0,0,0,0,0,0,51,0,0,0
0.011159,0,882,93649,47,0,0,0,0,0,0,52,0,0,0
0.012929,0,1006,99399,47,0,0,0,0,0,0,52,0,0,0
0.014521,0,919,88556,47,0,0,0,0,0,0,52,0,0,0
0.016174,0,924,120528,48,0,0,0,0,0,0,52,0,0,0
0.018092,0,1035,105299,47,0,0,0,0,0,0,51,0,0,0
0.019812,0,829,89823,47,0,0,0,0,0,0,52,0,0,0
0.021489,0,940,103596,47,0,0,0,0,0,0,52,0,0,0
0.023114,0,916,88209,47,0,0,0,0,0,0,52,0,0,0
0.024770,0,851,101321,47,0,0,0,0,0,0,52,0,0,0
0.026392,0,843,100038,47,0,0,0,0,0,0,52,0,0,0
0.028011,0,803,103583,48,0,0,0,0,0,0,52,0,0,0
0.029542,0,681,79452,48,0,0,0,0,0,0,52,0,0,0
0.030962,0,604,73875,47,0,0,0,0,0,0,52,0,0,0
0.032376,0,658,76051,47,0,0,0,0,0,0,51,0,0,0
0.033803,0,633,73621,47,0,0,0,0,0,0,52,0,0,0
0.035216,0,591,73728,47,0,0,0,0,0,0,51,0,0,0
0.036644,0,648,61760,46,0,0,0,0,0,0,52,0,0,0
0.038014,0,565,63137,47,0,0,0,0,0,0,52,0,0,0
0.039383,0,620,63238,47,0,0,0,0,0,0,52,0,0,0
0.040808,0,585,66619,47,0,0,0,0,0,0,51,0,0,0
0.042232,0,587,66577,47,0,0,0,0,0,0,51,0,0,0
0.043638,0,586,66068,47,0,0,0,0,0,0,51,0,0,0
0.045037,0,492,66540,47,0,0,0,0,0,0,52,0,0,0
0.046436,0,503,66716,40,0,0,0,0,0,0,51,0,0,0
0.047870,0,493,77366,41,0,0,0,0,0,0,52,0,0,0
0.049406,0,485,66486,39,0,0,0,0,0,0,52,0,0,0
0.050818,0,485,67110,39,0,0,0,0,0,0,51,0,0,0
0.052238,0,474,70137,40,0,0,0,0,0,0,52,0,0,0
0.053728,0,475,66310,38,0,0,0,0,0,0,52,0,0,0
0.055187,0,473,65827,38,0,0,0,0,0,0,52,0,0,0
0.056766,0,472,70243,38,0,0,0,0,0,0,52,0,0,0
0.058243,1,8053,63008,77,22,0,0,0,0,175,7111,0,0,0
0.059703,0,3686,60262,2,48,0,0,0,0,38,61,0,0,0
0.061123,0,489,67549,47,0,0,0,0,0,0,52,0,0,0
0.062550,0,480,67348,39,0,0,0,0,0,0,52,0,0,0
0.063953,0,474,67308,40,0,0,0,0,0,0,51,0,0,0
0.065425,0,478,68542,39,0,0,0,0,0,0,51,0,0,0
0.066825,0,481,66117,39,0,0,0,0,0,0,52,0,0,0
0.068273,0,486,66718,39,0,0,0,0,0,0,51,0,0,0
0.069690,0,45413,95460,38,20,340,118,0,0,0,111,0,0,0
0.070939,0,0,0,0,0,0,0,0,0,0,0,0,0,0
0.072190,0,0,0,0,0,0,0,0,0,0,0,0,0,0
0.073507,0,0,0,0,0,0,0,0,0,0,0,0,0,0
0.074806,0,0,0,0,0,0,0,0,0,0,0,0,0,0
0.076101,0,0,0,0,0,4,0,0,0,0,0,0,0,0
0.077440,0,0,0,0,0,0,0,0,0,0,0,0,0,0
0.078733,0,0,0,0,0,0,0,0,0,0,0,0,0,0
0.080027,0,0,0,0,0,0,0,0,0,0,0,0,0,0
0.081436,0,0,0,0,0,0,0,0,0,0,0,0,0,0
0.082729,0,0,0,0,0,4,0,0,0,0,0,0,0,0
0.084024,0,0,0,0,0,0,0,0,0,0,0,0,0,0
0.085418,0,0,0,0,0,0,0,0,0,0,0,0,0,0
0.086713,0,0,0,0,0,0,0,0,0,0,0,0,0,0
0.088011,0,0,0,0,0,0,0,0,0,0,0,0,0,0
0.089867,0,0,0,0,0,4,0,0,0,0,0,0,0,0
0.091164,0,0,0,0,0,0,0,0,0,0,0,0,0,0
0.092463,0,0,0,0,0,0,0,0,0,0,0,0,0,0
0.093758,0,1904,329646,1,0,1,0,0,0,144,34,0,0,0
0.095242,0,2022,478621,363,0,0,0,0,0,0,87,0,0,0
0.096991,0,1664,748663,220,0,0,0,0,0,0,86,0,0,0
0.098435,0,1657,455031,138,0,0,0,0,0,0,86,0,0,0
0.099876,0,1652,708439,138,0,0,0,0,0,0,89,0,0,0
0.101543,0,1653,467499,138,0,0,0,0,0,0,87,0,0,0
0.102993,0,1649,461328,139,0,0,0,0,0,0,85,0,0,0
0.104444,0,1819,494888,137,0,0,0,0,0,0,87,0,0,0
0.105930,0,1728,455730,139,0,0,0,0,0,0,90,0,0,0
0.107371,0,1648,709116,138,0,0,0,0,0,0,86,0,0,0
0.111777,0,1650,463412,138,0,0,0,0,0,0,85,0,0,0
0.113347,0,1652,491395,138,0,0,0,0,0,0,89,0,0,0
0.114793,0,1661,467226,158,0,0,0,0,0,0,86,0,0,0
0.116223,0,1678,469401,139,0,0,0,0,0,0,88,0,0,0
0.117619,0,1784,466266,138,0,0,0,0,0,0,89,0,0,0
0.119015,0,1651,469004,138,0,0,0,0,0,0,90,0,0,0
0.120409,0,1655,482276,138,0,0,0,0,0,0,86,0,0,0
0.121864,0,1646,451486,138,0,0,0,0,0,0,86,0,0,0
0.123299,0,1652,466099,137,0,0,0,0,0,0,85,0,0,0
0.124733,0,1658,465895,137,0,0,0,0,0,0,90,0,0,0
0.126295,0,1639,478034,136,0,0,0,0,0,0,89,0,0,0
0.127902,0,1647,591668,136,0,0,0,0,0,0,89,0,0,0
0.129532,0,1656,472441,136,0,0,0,0,0,0,89,0,0,0
0.130978,0,1653,453628,137,0,0,0,0,0,0,90,0,0,0
0.132421,0,1806,444986,137,0,0,0,0,0,0,88,0,0,0
0.133859,0,1653,472319,137,0,0,0,0,0,0,87,0,0,0
0.135299,0,1654,447353,136,0,0,0,0,0,0,86,0,0,0
0.136777,0,1653,469088,137,0,0,0,0,0,0,87,0,0,0
0.138227,0,1652,468077,137,0,0,0,0,0,0,86,0,0,0
0.139711,0,1656,476621,137,0,0,0,0,0,0,90,0,0,0
0.141151,0,1656,456109,137,0,0,0,0,0,0,88,0,0,0
0.142590,0,1660,453743,137,0,0,0,0,0,0,87,0,0,0
0.144028,0,1655,472794,137,0,0,0,0,0,0,88,0,0,0
0.145470,0,1656,1231233,137,0,0,0,0,0,0,85,0,0,0
0.147619,0,1819,455469,137,0,0,0,0,0,0,87,0,0,0
0.149072,0,1643,465504,137,0,0,0,0,0,0,89,0,0,0
0.150512,0,1660,453240,138,0,0,0,0,0,0,86,0,0,0
0.151950,0,1645,452104,137,0,0,0,0,0,0,89,0,0,0
0.153427,0,1654,466544,137,0,0,0,0,0,0,88,0,0,0
0.154866,0,1638,536607,137,0,0,0,0,0,0,87,0,0,0
0.156512,0,1649,482623,137,0,0,0,0,0,0,85,0,0,0
0.158116,0,1762,478177,137,0,0,0,0,0,0,86,0,0,0
0.159607,0,1629,441272,132,0,0,0,0,0,0,86,0,0,0
0.161226,0,1591,460217,132,0,0,0,0,0,0,86,0,0,0
0.162830,0,1597,460477,131,0,0,0,0,0,0,86,0,0,0
0.164503,0,1632,477201,131,0,0,0,0,0,0,88,0,0,0
0.166125,0,1632,456986,132,0,0,0,0,0,0,86,0,0,0
0.167727,0,1663,458093,132,0,0,0,0,0,0,88,0,0,0
0.169208,0,1591,448226,132,0,0,0,0,0,0,88,0,0,0
0.170678,0,1595,457433,131,0,0,0,0,0,0,84,0,0,0
0.172251,0,1632,461714,132,0,0,0,0,0,0,87,0,0,0
0.173854,0,1632,455796,132,0,0,0,0,0,0,84,0,0,0
0.175454,0,1632,458710,132,0,0,0,0,0,0,83,0,0,0
0.177101,0,1613,456808,132,0,0,0,0,0,0,86,0,0,0
0.178614,0,1862,456696,132,0,0,0,0,0,0,85,0,0,0
0.180304,0,1631,454800,132,0,0,0,0,0,0,84,0,0,0
0.181907,0,1621,454421,132,0,0,0,0,0,0,88,0,0,0
0.183502,0,1584,453574,132,0,0,0,0,0,0,86,0,0,0
0.185020,0,1589,447218,131,0,0,0,0,0,0,87,0,0,0
0.186595,0,1593,458654,132,0,0,0,0,0,0,84,0,0,0
0.188200,0,1630,457671,131,0,0,0,0,0,0,83,0,0,0
0.189803,0,1590,457429,131,0,0,0,0,0,0,87,0,0,0
0.191403,0,1672,457454,131,0,0,0,0,0,0,84,0,0,0
0.193065,0,1591,468287,132,0,0,0,0,0,0,87,0,0,0
0.194667,0,1593,458534,132,0,0,0,0,0,0,83,0,0,0
0.196272,0,1623,458156,131,0,0,0,0,0,0,85,0,0,0
0.197875,0,1590,457256,131,0,0,0,0,0,0,86,0,0,0
0.199477,0,1629,457959,132,0,0,0,0,0,0,86,0,0,0
0.201123,0,1629,469729,131,0,0,0,0,0,0,84,0,0,0
0.202727,0,1594,457862,132,0,0,0,0,0,0,86,0,0,0
0.204345,0,1583,458137,143,0,0,0,0,0,0,86,0,0,0
0.205949,0,1588,456167,132,0,0,0,0,0,0,83,0,0,0
0.207549,0,1658,458282,131,0,0,0,0,0,0,85,0,0,0
0.209196,0,1632,457832,131,0,0,0,0,0,0,83,0,0,0
0.210799,0,1632,456941,132,0,0,0,0,0,0,85,0,0,0
0.212403,0,1582,459198,132,0,0,0,0,0,0,84,0,0,0
0.214007,0,1579,458936,131,0,0,0,0,0,0,86,0,0,0
0.215622,0,1591,457106,131,0,0,0,0,0,0,86,0,0,0
0.217269,0,1632,459861,131,0,0,0,0,0,0,85,0,0,0
0.218873,0,1655,458953,132,0,0,0,0,0,0,86,0,0,0
0.220477,0,1626,458862,132,0,0,0,0,0,0,88,0,0,0
0.222080,0,1634,456929,209,0,0,0,0,0,0,88,0,0,0
0.223681,0,1629,456791,132,0,0,0,0,0,0,84,0,0,0
0.225327,0,1630,459065,132,0,0,0,0,0,0,84,0,0,0
0.226943,0,1630,457852,132,0,0,0,0,0,0,85,0,0,0
0.228548,0,1891,456722,131,0,0,0,0,0,0,87,0,0,0
0.230150,0,1595,457138,132,0,0,0,0,0,0,88,0,0,0
0.231752,0,1632,458853,132,0,0,0,0,0,0,86,0,0,0
0.233307,0,1594,446326,132,0,0,0,0,0,0,86,0,0,0
0.234879,0,1593,467375,132,0,0,0,0,0,0,86,0,0,0
0.236484,0,1582,457310,132,0,0,0,0,0,0,87,0,0,0
0.238101,0,1631,456679,132,0,0,0,0,0,0,87,0,0,0
0.239703,0,1631,458009,132,0,0,0,0,0,0,85,0,0,0
0.241349,0,1588,460151,132,0,0,0,0,0,0,84,0,0,0
0.242954,0,1583,459372,132,0,0,0,0,0,0,87,0,0,0
0.244559,0,1630,458166,132,0,0,0,0,0,0,85,0,0,0
0.246162,0,1666,457361,132,0,0,0,0,0,0,87,0,0,0
0.247765,0,1672,458386,132,0,0,0,0,0,0,87,0,0,0
0.249445,0,1632,458400,131,0,0,0,0,0,0,85,0,0,0
0.251047,0,1630,456241,131,0,0,0,0,0,0,86,0,0,0
0.252652,0,1597,458074,132,0,0,0,0,0,0,83,0,0,0
0.254255,0,1623,457079,132,0,0,0,0,0,0,85,0,0,0
0.255856,0,1580,520937,132,0,0,0,0,0,0,88,0,0,0
0.257554,0,1633,491416,132,0,0,0,0,0,0,86,0,0,0
0.259156,0,1666,458088,132,0,0,0,0,0,0,86,0,0,0
0.260773,0,1593,456846,131,0,0,0,0,0,0,86,0,0,0
0.262374,0,1587,654953,132,0,0,0,0,0,0,83,0,0,0
0.264043,0,1765,452903,131,0,0,0,0,0,0,84,0,0,0
0.265535,0,1589,437027,132,0,0,0,0,0,0,86,0,0,0
0.267100,0,1588,458804,132,0,0,0,0,0,0,86,0,0,0
0.268573,0,1634,446693,132,0,0,0,0,0,0,86,0,0,0
0.270147,0,1593,459646,131,0,0,0,0,0,0,85,0,0,0
0.271763,0,1602,458233,131,0,0,0,0,0,0,85,0,0,0
0.273348,0,1632,448058,132,0,0,0,0,0,0,85,0,0,0
0.274959,0,1631,444200,132,0,0,0,0,0,0,86,0,0,0
0.276566,0,1620,459101,132,0,0,0,0,0,0,84,0,0,0
0.278172,0,1586,458463,131,0,0,0,0,0,0,85,0,0,0
0.279776,0,1633,459954,131,0,0,0,0,0,0,87,0,0,0
0.281444,0,1585,459787,132,0,0,0,0,0,0,86,0,0,0
0.283061,0,1627,459521,132,0,0,0,0,0,0,86,0,0,0
0.284668,0,1589,459085,132,0,0,0,0,0,0,88,0,0,0
0.286274,0,1588,459572,131,0,0,0,0,0,0,88,0,0,0
0.287878,0,1630,463895,131,0,0,0,0,0,0,84,0,0,0
0.289488,0,1582,459315,132,0,0,0,0,0,0,83,0,0,0
0.291093,0,1583,459187,132,0,0,0,0,0,0,86,0,0,0
0.292700,0,1632,458421,133,0,0,0,0,0,0,84,0,0,0
0.294320,0,1592,460109,132,0,0,0,0,0,0,85,0,0,0
0.295925,0,1634,464273,132,0,0,0,0,0,0,86,0,0,0
0.297535,0,1589,458191,132,0,0,0,0,0,0,85,0,0,0
0.299139,0,1590,459812,132,0,0,0,0,0,0,85,0,0,0
0.300745,0,1619,461079,131,0,0,0,0,0,0,88,0,0,0
0.302352,0,1646,457562,132,0,0,0,0,0,0,85,0,0,0
0.303956,0,1592,462179,132,0,0,0,0,0,0,87,0,0,0
0.305579,0,1628,460247,132,0,0,0,0,0,0,84,0,0,0
0.307183,0,1581,459773,131,0,0,0,0,0,0,86,0,0,0
0.308790,0,1636,458905,132,0,0,0,0,0,0,86,0,0,0
0.310396,0,1622,469125,131,0,0,0,0,0,0,86,0,0,0
0.311999,0,1627,464180,131,0,0,0,0,0,0,83,0,0,0
0.313612,0,1672,457000,131,0,0,0,0,0,0,83,0,0,0
0.315215,0,1622,461014,131,0,0,0,0,0,0,87,0,0,0
0.316836,0,1633,469542,132,0,0,0,0,0,0,84,0,0,0
0.318441,0,1590,458598,131,0,0,0,0,0,0,87,0,0,0
0.320045,0,1589,464380,132,0,0,0,0,0,0,84,0,0,0
0.321656,0,1592,460213,131,0,0,0,0,0,0,84,0,0,0
0.323261,0,1629,459983,131,0,0,0,0,0,0,85,0,0,0
0.324867,0,1631,459182,132,0,0,0,0,0,0,84,0,0,0
0.326472,0,1665,458921,132,0,0,0,0,0,0,87,0,0,0
0.328090,0,1627,463414,133,0,0,0,0,0,0,84,0,0,0
0.329701,0,1590,457965,131,0,0,0,0,0,0,83,0,0,0
0.331305,0,1595,459068,132,0,0,0,0,0,0,86,0,0,0
0.332911,0,1629,452889,132,0,0,0,0,0,0,88,0,0,0
0.334517,0,1592,461192,131,0,0,0,0,0,0,84,0,0,0
0.336121,0,1626,462864,132,0,0,0,0,0,0,86,0,0,0
0.337606,0,1631,451215,131,0,0,0,0,0,0,85,0,0,0
0.339065,0,1587,437631,131,0,0,0,0,0,0,87,0,0,0
0.340639,0,1618,457923,132,0,0,0,0,0,0,85,0,0,0
0.342245,0,1592,458940,131,0,0,0,0,0,0,85,0,0,0
0.343848,0,1631,522687,131,0,0,0,0,0,0,86,0,0,0
0.345551,0,1626,490775,131,0,0,0,0,0,0,87,0,0,0
0.347156,0,1589,459720,131,0,0,0,0,0,0,85,0,0,0
0.348764,0,1581,469606,132,0,0,0,0,0,0,85,0,0,0
0.350390,0,1618,458201,132,0,0,0,0,0,0,88,0,0,0
0.351994,0,1630,464150,131,0,0,0,0,0,0,86,0,0,0
0.353606,0,1582,460111,132,0,0,0,0,0,0,87,0,0,0
0.355210,0,1580,460497,131,0,0,0,0,0,0,85,0,0,0
0.356818,0,1590,459871,131,0,0,0,0,0,0,83,0,0,0
0.358424,0,1592,460273,151,0,0,0,0,0,0,87,0,0,0
0.360028,0,1594,463720,131,0,0,0,0,0,0,85,0,0,0
0.361654,0,1591,458553,131,0,0,0,0,0,0,84,0,0,0
0.363257,0,1626,457864,132,0,0,0,0,0,0,85,0,0,0
0.364864,0,1672,459024,132,0,0,0,0,0,0,83,0,0,0
0.366469,0,1578,458805,131,0,0,0,0,0,0,84,0,0,0
0.368074,0,1586,461784,131,0,0,0,0,0,0,84,0,0,0
0.369678,0,1592,455034,132,0,0,0,0,0,0,84,0,0,0
0.371274,0,1582,454781,132,0,0,0,0,0,0,87,0,0,0
0.372760,0,1638,446078,131,0,0,0,0,0,0,85,0,0,0
0.374335,0,1591,457209,133,0,0,0,0,0,0,88,0,0,0
0.375938,0,1595,460580,132,0,0,0,0,0,0,84,0,0,0
0.377546,0,1580,465429,132,0,0,0,0,0,0,85,0,0,0
0.379026,0,1628,452479,132,0,0,0,0,0,0,83,0,0,0
0.380607,0,1646,462613,132,0,0,0,0,0,0,85,0,0,0
0.382213,0,1630,458591,132,0,0,0,0,0,0,86,0,0,0
0.383829,0,1669,459217,131,0,0,0,0,0,0,87,0,0,0
0.385525,0,1629,551323,132,0,0,0,0,0,0,85,0,0,0
0.387129,0,1627,460025,131,0,0,0,0,0,0,87,0,0,0
0.388736,0,1631,458812,132,0,0,0,0,0,0,84,0,0,0
0.390341,0,1660,458204,132,0,0,0,0,0,0,86,0,0,0
0.391944,0,1582,462950,132,0,0,0,0,0,0,86,0,0,0
0.393554,0,1624,458930,132,0,0,0,0,0,0,85,0,0,0
0.395170,0,1626,457639,132,0,0,0,0,0,0,83,0,0,0
0.396777,0,1632,468611,132,0,0,0,0,0,0,85,0,0,0
0.398382,0,1589,460276,132,0,0,0,0,0,0,83,0,0,0
0.399985,0,1625,482449,131,0,0,0,0,0,0,87,0,0,0
0.401615,0,1591,459693,132,0,0,0,0,0,0,83,0,0,0
0.403217,0,1632,459607,131,0,0,0,0,0,0,83,0,0,0
0.404824,0,1630,453780,131,0,0,0,0,0,0,86,0,0,0
0.406435,0,1593,453506,132,0,0,0,0,0,0,88,0,0,0
0.408030,0,1593,435558,132,0,0,0,0,0,0,85,0,0,0
0.409531,0,1628,455890,131,0,0,0,0,0,0,85,0,0,0
0.410976,0,1594,435270,132,0,0,0,0,0,0,85,0,0,0
0.412581,0,1623,436371,132,0,0,0,0,0,0,85,0,0,0
0.414185,0,1588,458419,132,0,0,0,0,0,0,86,0,0,0
0.415787,0,1633,457700,131,0,0,0,0,0,0,84,0,0,0
0.417477,0,1629,503197,132,0,0,0,0,0,0,85,0,0,0
0.419104,0,1589,463893,131,0,0,0,0,0,0,86,0,0,0
0.420715,0,1589,460437,132,0,0,0,0,0,0,87,0,0,0
0.422320,0,1793,459756,132,0,0,0,0,0,0,84,0,0,0
0.423925,0,1674,464324,132,0,0,0,0,0,0,87,0,0,0
0.425534,0,1587,462642,132,0,0,0,0,0,0,85,0,0,0
0.427138,0,1664,468315,132,0,0,0,0,0,0,85,0,0,0
0.428759,0,1595,458197,132,0,0,0,0,0,0,87,0,0,0
0.430363,0,1632,460063,131,0,0,0,0,0,0,87,0,0,0
0.431967,0,1631,461651,131,0,0,0,0,0,0,83,0,0,0
0.433577,0,1588,458798,132,0,0,0,0,0,0,88,0,0,0
0.435181,0,1581,454589,131,0,0,0,0,0,0,83,0,0,0
0.436788,0,1577,453946,132,0,0,0,0,0,0,88,0,0,0
0.438383,0,1586,464498,131,0,0,0,0,0,0,88,0,0,0
0.439870,0,1549,531716,123,0,0,0,0,0,0,81,0,0,0
0.441474,0,1627,449054,123,0,0,0,0,0,0,83,0,0,0
0.442952,0,1587,428448,124,0,0,0,0,0,0,83,0,0,0
0.444397,0,1584,428093,123,0,0,0,0,0,0,83,0,0,0
0.445840,0,1659,429330,123,0,0,0,0,0,0,83,0,0,0
0.447281,0,1585,428343,122,0,0,0,0,0,0,84,0,0,0
0.448759,0,1588,428035,124,0,0,0,0,0,0,80,0,0,0
0.450210,0,1591,427997,124,0,0,0,0,0,0,80,0,0,0
0.451778,0,1591,441852,122,0,0,0,0,0,0,84,0,0,0
0.453455,0,1587,508743,124,0,0,0,0,0,0,80,0,0,0
0.455056,0,1591,439425,123,0,0,0,0,0,0,83,0,0,0
0.456707,0,1525,439292,139,0,0,0,0,0,0,82,0,0,0
0.458312,0,1643,437077,122,0,0,0,0,0,0,84,0,0,0
0.459915,0,1610,443949,123,0,0,0,0,0,0,80,0,0,0
0.461536,0,1589,441776,122,0,0,0,0,0,0,82,0,0,0
0.463139,0,1586,438179,124,0,0,0,0,0,0,84,0,0,0
0.464790,0,1593,440072,123,0,0,0,0,0,0,84,0,0,0
0.466396,0,1546,440225,123,0,0,0,0,0,0,81,0,0,0
0.467999,0,1586,443100,134,0,0,0,0,0,0,84,0,0,0
0.469610,0,1635,439616,192,0,0,0,0,0,0,82,0,0,0
0.471214,0,1589,437558,123,0,0,0,0,0,0,85,0,0,0
0.472878,0,1591,435278,123,0,0,0,0,0,0,82,0,0,0
0.474475,0,1589,435044,124,0,0,0,0,0,0,83,0,0,0
0.476069,0,1591,463817,123,0,0,0,0,0,0,83,0,0,0
0.477699,0,1588,438469,122,0,0,0,0,0,0,80,0,0,0
0.479303,0,1587,438122,123,0,0,0,0,0,0,84,0,0,0
0.480953,0,1546,437803,122,0,0,0,0,0,0,80,0,0,0
0.482557,0,1543,438452,123,0,0,0,0,0,0,82,0,0,0
0.484176,0,1589,438443,122,0,0,0,0,0,0,80,0,0,0
0.485781,0,1548,437890,123,0,0,0,0,0,0,81,0,0,0
0.487383,0,1593,437676,122,0,0,0,0,0,0,83,0,0,0
0.489032,0,1596,438372,122,0,0,0,0,0,0,81,0,0,0
0.490635,0,1587,438368,123,0,0,0,0,0,0,84,0,0,0
0.492240,0,1583,436296,123,0,0,0,0,0,0,82,0,0,0
0.493718,0,1592,430923,123,0,0,0,0,0,0,84,0,0,0
0.495308,0,1603,437853,122,0,0,0,0,0,0,80,0,0,0
0.496957,0,1587,438042,123,0,0,0,0,0,0,80,0,0,0
0.498561,0,1541,438802,122,0,0,0,0,0,0,82,0,0,0
0.500247,0,1586,413564,123,0,0,0,0,0,0,83,0,0,0
0.501699,0,1588,428534,132,0,0,0,0,0,0,81,0,0,0
0.503143,0,1592,426518,123,0,0,0,0,0,0,85,0,0,0
0.504758,0,1589,437885,122,0,0,0,0,0,0,83,0,0,0
0.506375,0,1590,438106,123,0,0,0,0,0,0,82,0,0,0
0.507977,0,1548,463327,123,0,0,0,0,0,0,81,0,0,0
0.509605,0,1584,438125,123,0,0,0,0,0,0,81,0,0,0
0.511207,0,1590,438355,123,0,0,0,0,0,0,81,0,0,0
0.512857,0,1546,438919,124,0,0,0,0,0,0,81,0,0,0
0.514460,0,1588,438375,123,0,0,0,0,0,0,82,0,0,0
0.516063,0,1588,439154,123,0,0,0,0,0,0,82,0,0,0
0.517683,0,1507,438527,131,0,0,0,0,0,0,84,0,0,0
0.519285,0,1587,437645,122,0,0,0,0,0,0,82,0,0,0
0.520933,0,1592,439404,124,0,0,0,0,0,0,80,0,0,0
0.522537,0,1590,438361,123,0,0,0,0,0,0,80,0,0,0
0.524207,0,1547,398808,123,0,0,0,0,0,0,83,0,0,0
0.525767,0,1652,437684,132,0,0,0,0,0,0,82,0,0,0
0.527370,0,1590,438690,123,0,0,0,0,0,0,83,0,0,0
0.529031,0,1587,437892,123,0,0,0,0,0,0,85,0,0,0
0.530635,0,1589,438159,122,0,0,0,0,0,0,84,0,0,0
0.532240,0,1541,438728,123,0,0,0,0,0,0,81,0,0,0
0.533845,0,1709,437402,123,0,0,0,0,0,0,82,0,0,0
0.535447,0,1584,438816,124,0,0,0,0,0,0,81,0,0,0
0.537094,0,1551,439806,123,0,0,0,0,0,0,81,0,0,0
0.538700,0,1544,437108,132,0,0,0,0,0,0,82,0,0,0
0.540319,0,1589,437911,139,0,0,0,0,0,0,80,0,0,0
0.541922,0,1726,439534,123,0,0,0,0,0,0,81,0,0,0
0.543525,0,1544,438402,123,0,0,0,0,0,0,84,0,0,0
0.545174,0,1590,437838,122,0,0,0,0,0,0,81,0,0,0
0.546778,0,1588,437620,123,0,0,0,0,0,0,81,0,0,0
0.548418,0,1546,437739,123,0,0,0,0,0,0,82,0,0,0
0.550021,0,1584,438100,123,0,0,0,0,0,0,83,0,0,0
0.551638,0,1546,437570,123,0,0,0,0,0,0,81,0,0,0
0.553283,0,1587,439526,132,0,0,0,0,0,0,80,0,0,0
0.554888,0,1546,436868,132,0,0,0,0,0,0,82,0,0,0
0.556493,0,1506,438421,123,0,0,0,0,0,0,81,0,0,0
0.558097,0,1588,438091,123,0,0,0,0,0,0,81,0,0,0
0.560053,0,1550,418646,123,0,0,0,0,0,0,83,0,0,0
0.561534,0,1588,397968,123,0,0,0,0,0,0,84,0,0,0
0.562966,0,1590,427455,123,0,0,0,0,0,0,84,0,0,0
0.564409,0,1606,431004,123,0,0,0,0,0,0,83,0,0,0
0.565872,0,1600,442853,192,0,0,0,0,0,0,80,0,0,0
0.567454,0,1588,397887,123,0,0,0,0,0,0,80,0,0,0
0.569573,0,1588,848570,123,0,0,0,0,0,0,81,0,0,0
0.571018,0,1545,428675,131,0,0,0,0,0,0,82,0,0,0
0.572477,0,1588,427768,132,0,0,0,0,0,0,83,0,0,0
0.573917,0,1587,426041,123,0,0,0,0,0,0,82,0,0,0
0.575357,0,1589,427625,124,0,0,0,0,0,0,81,0,0,0
0.576833,0,1586,425484,122,0,0,0,0,0,0,84,0,0,0
0.578268,0,1542,422338,123,0,0,0,0,0,0,80,0,0,0
0.579705,0,1544,426640,123,0,0,0,0,0,0,81,0,0,0
0.581272,0,1546,441377,123,0,0,0,0,0,0,83,0,0,0
0.582889,0,1677,439446,123,0,0,0,0,0,0,84,0,0,0
0.584496,0,1592,439716,123,0,0,0,0,0,0,80,0,0,0
0.585985,0,1687,431844,123,0,0,0,0,0,0,80,0,0,0
0.587580,0,1589,437563,132,0,0,0,0,0,0,81,0,0,0
0.589185,0,1585,439932,134,0,0,0,0,0,0,84,0,0,0
0.590790,0,1587,439158,123,0,0,0,0,0,0,81,0,0,0
0.592396,0,1637,482091,123,0,0,0,0,0,0,84,0,0,0
0.594058,0,1587,438765,122,0,0,0,0,0,0,82,0,0,0
0.595661,0,1586,438188,123,0,0,0,0,0,0,82,0,0,0
0.597264,0,1588,432906,123,0,0,0,0,0,0,82,0,0,0
0.598860,0,1549,436620,122,0,0,0,0,0,0,81,0,0,0
0.600842,0,1588,889952,124,0,0,0,0,0,0,83,0,0,0
0.602781,0,1587,430293,124,0,0,0,0,0,0,85,0,0,0
0.604249,0,1503,429604,124,0,0,0,0,0,0,83,0,0,0
0.605693,0,1688,427813,132,0,0,0,0,0,0,83,0,0,0
0.607135,0,1590,428632,139,0,0,0,0,0,0,84,0,0,0
0.608625,0,1589,429170,123,0,0,0,0,0,0,84,0,0,0
0.610067,0,1544,428043,141,0,0,0,0,0,0,83,0,0,0
0.611635,0,1586,437529,122,0,0,0,0,0,0,83,0,0,0
0.613240,0,1545,439699,123,0,0,0,0,0,0,81,0,0,0
0.614735,0,1540,431154,123,0,0,0,0,0,0,84,0,0,0
0.616188,0,1588,429307,123,0,0,0,0,0,0,81,0,0,0
0.617633,0,1585,427242,123,0,0,0,0,0,0,80,0,0,0
0.619074,0,1547,427204,133,0,0,0,0,0,0,81,0,0,0
0.620517,0,1590,426396,123,0,0,0,0,0,0,82,0,0,0
0.621957,0,1588,392845,133,0,0,0,0,0,0,81,0,0,0
0.623487,0,1589,439640,123,0,0,0,0,0,0,83,0,0,0
0.625148,0,1544,441692,123,0,0,0,0,0,0,81,0,0,0
0.626755,0,1585,441834,123,0,0,0,0,0,0,80,0,0,0
0.628361,0,1662,439022,123,0,0,0,0,0,0,84,0,0,0
0.629967,0,1589,439242,123,0,0,0,0,0,0,82,0,0,0
0.631570,0,1586,438906,123,0,0,0,0,0,0,83,0,0,0
0.633219,0,1542,439860,123,0,0,0,0,0,0,82,0,0,0
0.634824,0,1586,439356,123,0,0,0,0,0,0,82,0,0,0
0.636325,0,1588,431217,123,0,0,0,0,0,0,85,0,0,0
0.637903,0,1544,438907,123,0,0,0,0,0,0,83,0,0,0
0.639506,0,1589,439020,123,0,0,0,0,0,0,80,0,0,0
0.641156,0,1590,441155,123,0,0,0,0,0,0,84,0,0,0
0.642762,0,1662,438098,122,0,0,0,0,0,0,82,0,0,0
0.644368,0,1585,438959,123,0,0,0,0,0,0,83,0,0,0
0.645972,0,1588,437834,123,0,0,0,0,0,0,85,0,0,0
0.647590,0,1592,438447,123,0,0,0,0,0,0,84,0,0,0
0.649237,0,1588,440624,124,0,0,0,0,0,0,83,0,0,0
0.650843,0,1589,439263,122,0,0,0,0,0,0,84,0,0,0
0.652450,0,1544,439497,124,0,0,0,0,0,0,80,0,0,0
0.654055,0,1586,437922,134,0,0,0,0,0,0,81,0,0,0
0.655658,0,1553,437136,131,0,0,0,0,0,0,83,0,0,0
0.657306,0,1543,441065,123,0,0,0,0,0,0,82,0,0,0
0.658926,0,1589,440531,123,0,0,0,0,0,0,82,0,0,0
0.660532,0,1589,441073,124,0,0,0,0,0,0,83,0,0,0
0.662137,0,1545,439599,123,0,0,0,0,0,0,80,0,0,0
0.663740,0,1588,438611,123,0,0,0,0,0,0,84,0,0,0
0.665218,0,1587,428321,123,0,0,0,0,0,0,82,0,0,0
0.666792,0,1585,438133,123,0,0,0,0,0,0,83,0,0,0
0.668399,0,1592,440214,123,0,0,0,0,0,0,83,0,0,0
0.670017,0,1709,439792,123,0,0,0,0,0,0,83,0,0,0
0.671620,0,1596,439311,123,0,0,0,0,0,0,82,0,0,0
0.673269,0,1544,440450,123,0,0,0,0,0,0,82,0,0,0
0.674874,0,1583,439498,122,0,0,0,0,0,0,81,0,0,0
0.676480,0,1543,439766,123,0,0,0,0,0,0,83,0,0,0
0.678085,0,1588,439071,123,0,0,0,0,0,0,83,0,0,0
0.679688,0,1586,439145,123,0,0,0,0,0,0,85,0,0,0
0.681220,0,1587,424024,123,0,0,0,0,0,0,82,0,0,0
0.682822,0,1587,435788,123,0,0,0,0,0,0,83,0,0,0
0.684356,0,1542,439530,123,0,0,0,0,0,0,81,0,0,0
0.685958,0,1592,439156,123,0,0,0,0,0,0,81,0,0,0
0.687560,0,1587,437225,122,0,0,0,0,0,0,84,0,0,0
0.689207,0,1581,437596,132,0,0,0,0,0,0,84,0,0,0
0.690809,0,1591,437759,124,0,0,0,0,0,0,83,0,0,0
0.692427,0,1593,437570,123,0,0,0,0,0,0,83,0,0,0
0.694029,0,1589,435299,123,0,0,0,0,0,0,85,0,0,0
0.695508,0,1590,429791,123,0,0,0,0,0,0,82,0,0,0
0.697129,0,1543,438568,123,0,0,0,0,0,0,81,0,0,0
0.698733,0,1545,438341,123,0,0,0,0,0,0,85,0,0,0
0.700337,0,1586,437862,123,0,0,0,0,0,0,80,0,0,0
0.701940,0,1588,437458,123,0,0,0,0,0,0,85,0,0,0
0.703555,0,1586,438187,122,0,0,0,0,0,0,82,0,0,0
0.705202,0,1590,439201,124,0,0,0,0,0,0,84,0,0,0
0.706806,0,1586,437459,134,0,0,0,0,0,0,84,0,0,0
0.708411,0,1585,438531,134,0,0,0,0,0,0,82,0,0,0
0.710014,0,1588,438272,122,0,0,0,0,0,0,84,0,0,0
0.711615,0,1588,437395,123,0,0,0,0,0,0,80,0,0,0
0.713262,0,1591,438030,123,0,0,0,0,0,0,81,0,0,0
0.714879,0,1586,437683,122,0,0,0,0,0,0,82,0,0,0
0.716482,0,1722,437567,123,0,0,0,0,0,0,82,0,0,0
0.718085,0,1545,437943,123,0,0,0,0,0,0,82,0,0,0
0.719687,0,1546,436881,123,0,0,0,0,0,0,82,0,0,0
0.721333,0,1716,437974,123,0,0,0,0,0,0,82,0,0,0
0.722936,0,1690,438103,123,0,0,0,0,0,0,84,0,0,0
0.724541,0,1544,437826,124,0,0,0,0,0,0,81,0,0,0
0.726033,0,1450,410417,125,0,0,0,0,0,0,80,0,0,0
0.727608,0,1454,408164,121,0,0,0,0,0,0,80,0,0,0
0.729256,0,1457,409745,121,0,0,0,0,0,0,78,0,0,0
0.730861,0,1456,407736,122,0,0,0,0,0,0,80,0,0,0
0.732466,0,1570,408689,122,0,0,0,0,0,0,78,0,0,0
0.734070,0,1458,406983,121,0,0,0,0,0,0,82,0,0,0
0.735672,0,1463,408393,122,0,0,0,0,0,0,78,0,0,0
0.737341,0,1454,411002,122,0,0,0,0,0,0,78,0,0,0
0.738944,0,1449,408772,122,0,0,0,0,0,0,79,0,0,0
0.740550,0,1478,407781,122,0,0,0,0,0,0,79,0,0,0
0.742155,0,1449,408031,122,0,0,0,0,0,0,79,0,0,0
0.743759,0,1455,407284,121,0,0,0,0,0,0,80,0,0,0
0.745314,0,1458,397207,121,0,0,0,0,0,0,80,0,0,0
0.746888,0,1456,395535,121,0,0,0,0,0,0,78,0,0,0
0.748505,0,1500,407171,122,0,0,0,0,0,0,79,0,0,0
0.750108,0,1452,405792,121,0,0,0,0,0,0,79,0,0,0
0.751817,0,1454,410455,121,0,0,0,0,0,0,79,0,0,0
0.753431,0,1448,456209,122,0,0,0,0,0,0,81,0,0,0
0.754877,0,1453,397240,121,0,0,0,0,0,0,82,0,0,0
0.756321,0,1457,398179,122,0,0,0,0,0,0,81,0,0,0
0.757762,0,1464,397766,178,0,0,0,0,0,0,78,0,0,0
0.759213,0,1455,397931,121,0,0,0,0,0,0,78,0,0,0
0.760688,0,1456,397626,122,0,0,0,0,0,0,82,0,0,0
0.762257,0,1459,408228,122,0,0,0,0,0,0,81,0,0,0
0.763860,0,1457,462966,121,0,0,0,0,0,0,81,0,0,0
0.765559,0,1455,435693,122,0,0,0,0,0,0,78,0,0,0
0.767162,0,1500,407667,121,0,0,0,0,0,0,78,0,0,0
0.768813,0,1455,408226,121,0,0,0,0,0,0,81,0,0,0
0.770307,0,1546,402986,131,0,0,0,0,0,0,81,0,0,0
0.771882,0,1540,411579,130,0,0,0,0,0,0,78,0,0,0
0.773492,0,1548,408102,129,0,0,0,0,0,0,80,0,0,0
0.775096,0,1664,407859,130,0,0,0,0,0,0,78,0,0,0
0.776747,0,1541,406846,130,0,0,0,0,0,0,81,0,0,0
0.778349,0,1544,406746,130,0,0,0,0,0,0,78,0,0,0
0.779831,0,1536,403117,130,0,0,0,0,0,0,79,0,0,0
0.781504,0,1548,464284,129,0,0,0,0,0,0,82,0,0,0
0.783108,0,1546,408099,129,0,0,0,0,0,0,80,0,0,0
0.784760,0,1544,405250,129,0,0,0,0,0,0,81,0,0,0
0.786359,0,1542,405145,130,0,0,0,0,0,0,81,0,0,0
0.787954,0,1545,430338,130,0,0,0,0,0,0,82,0,0,0
0.789590,0,1543,413148,130,0,0,0,0,0,0,78,0,0,0
0.791194,0,1546,407964,130,0,0,0,0,0,0,82,0,0,0
0.792859,0,1544,409259,130,0,0,0,0,0,0,79,0,0,0
0.794465,0,1539,407931,129,0,0,0,0,0,0,81,0,0,0
0.796071,0,1545,413318,129,0,0,0,0,0,0,81,0,0,0
0.797682,0,1545,408784,129,0,0,0,0,0,0,78,0,0,0
0.799288,0,1541,407833,130,0,0,0,0,0,0,81,0,0,0
0.800939,0,1540,408284,130,0,0,0,0,0,0,79,0,0,0
0.802547,0,1586,406507,130,0,0,0,0,0,0,81,0,0,0
0.804230,0,1530,468838,129,0,0,0,0,0,0,80,0,0,0
0.805902,0,1541,409184,130,0,0,0,0,0,0,81,0,0,0
0.807508,0,1594,408062,129,0,0,0,0,0,0,82,0,0,0
0.809158,0,1548,409708,129,0,0,0,0,0,0,79,0,0,0
0.810765,0,1545,408435,129,0,0,0,0,0,0,81,0,0,0
0.812374,0,1665,409066,130,0,0,0,0,0,0,82,0,0,0
0.813980,0,1543,408003,146,0,0,0,0,0,0,79,0,0,0
0.815600,0,1630,408611,146,0,0,0,0,0,0,78,0,0,0
0.817250,0,1545,409429,130,0,0,0,0,0,0,79,0,0,0
0.818857,0,1544,409201,129,0,0,0,0,0,0,80,0,0,0
0.820499,0,1542,408532,130,0,0,0,0,0,0,81,0,0,0
0.822106,0,1541,408029,130,0,0,0,0,0,0,81,0,0,0
0.823710,0,1547,408639,130,0,0,0,0,0,0,81,0,0,0
0.825360,0,1545,410347,130,0,0,0,0,0,0,80,0,0,0
0.826857,0,1671,403632,141,0,0,0,0,0,0,81,0,0,0
0.828441,0,1670,413670,140,0,0,0,0,0,0,78,0,0,0
0.830053,0,1669,410360,140,0,0,0,0,0,0,80,0,0,0
0.831663,0,1711,409995,140,0,0,0,0,0,0,78,0,0,0
0.833319,0,1677,411415,140,0,0,0,0,0,0,80,0,0,0
0.834931,0,1667,410821,141,0,0,0,0,0,0,82,0,0,0
0.836544,0,1662,411076,141,0,0,0,0,0,0,80,0,0,0
0.838171,0,1666,410358,141,0,0,0,0,0,0,82,0,0,0
0.839781,0,1672,410938,141,0,0,0,0,0,0,78,0,0,0
0.841364,0,1669,476339,141,0,0,0,0,0,0,80,0,0,0
0.842944,0,1668,410603,141,0,0,0,0,0,0,81,0,0,0
0.844556,0,1670,411624,140,0,0,0,0,0,0,81,0,0,0
0.846168,0,1668,410308,141,0,0,0,0,0,0,81,0,0,0
0.847777,0,1671,410779,141,0,0,0,0,0,0,79,0,0,0
0.849480,0,1649,467187,140,0,0,0,0,0,0,79,0,0,0
0.851091,0,1670,409662,140,0,0,0,0,0,0,78,0,0,0
0.852703,0,1678,411242,141,0,0,0,0,0,0,79,0,0,0
0.854316,0,1668,410064,140,0,0,0,0,0,0,78,0,0,0
0.855926,0,1674,413684,140,0,0,0,0,0,0,82,0,0,0
0.857542,0,1677,410201,141,0,0,0,0,0,0,81,0,0,0
0.859152,0,1677,410652,140,0,0,0,0,0,0,81,0,0,0
0.860778,0,1680,412304,141,0,0,0,0,0,0,79,0,0,0
0.862390,0,1668,411111,141,0,0,0,0,0,0,82,0,0,0
0.864000,0,1722,413938,142,0,0,0,0,0,0,78,0,0,0
0.865617,0,1671,409624,142,0,0,0,0,0,0,80,0,0,0
0.867227,0,1670,411199,140,0,0,0,0,0,0,80,0,0,0
0.868839,0,1663,411457,141,0,0,0,0,0,0,82,0,0,0
0.870451,0,1668,409425,140,0,0,0,0,0,0,81,0,0,0
0.872075,0,1667,414164,142,0,0,0,0,0,0,81,0,0,0
0.873691,0,1776,410938,141,0,0,0,0,0,0,81,0,0,0
0.875301,0,1670,410794,141,0,0,0,0,0,0,79,0,0,0
0.876914,0,1667,411157,140,0,0,0,0,0,0,80,0,0,0
0.878525,0,1666,411461,141,0,0,0,0,0,0,80,0,0,0
0.880136,0,1676,508417,142,0,0,0,0,0,0,82,0,0,0
0.881814,0,1678,398338,141,0,0,0,0,0,0,78,0,0,0
0.883271,0,1716,401173,144,0,0,0,0,0,0,80,0,0,0
0.884717,0,1706,405111,145,0,0,0,0,0,0,80,0,0,0
0.886292,0,1709,410549,145,0,0,0,0,0,0,79,0,0,0
0.887901,0,1696,413778,144,0,0,0,0,0,0,82,0,0,0
0.889514,0,1705,406027,145,0,0,0,0,0,0,81,0,0,0
0.891115,0,1782,407007,144,0,0,0,0,0,0,79,0,0,0
0.892594,0,1703,402255,145,0,0,0,0,0,0,80,0,0,0
0.894188,0,1747,377172,144,0,0,0,0,0,0,81,0,0,0
0.895638,0,1710,404903,144,0,0,0,0,0,0,80,0,0,0
0.897144,0,1714,402351,145,0,0,0,0,0,0,81,0,0,0
0.898595,0,1711,400671,144,0,0,0,0,0,0,81,0,0,0
0.900041,0,1751,403284,143,0,0,0,0,0,0,80,0,0,0
0.901490,0,1703,401198,144,0,0,0,0,0,0,78,0,0,0
0.902936,0,1713,400859,145,0,0,0,0,0,0,78,0,0,0
0.904525,0,1700,413686,145,0,0,0,0,0,0,81,0,0,0
0.906133,0,1710,407492,144,0,0,0,0,0,0,78,0,0,0
0.907741,0,1712,410009,144,0,0,0,0,0,0,81,0,0,0
0.909411,0,1697,410887,144,0,0,0,0,0,0,78,0,0,0
0.911021,0,1804,410505,144,0,0,0,0,0,0,80,0,0,0
0.912678,0,1709,410737,144,0,0,0,0,0,0,82,0,0,0
0.914290,0,1706,409559,144,0,0,0,0,0,0,78,0,0,0
0.915913,0,1710,412975,143,0,0,0,0,0,0,79,0,0,0
0.917524,0,1701,405140,145,0,0,0,0,0,0,81,0,0,0
0.919126,0,1711,406504,144,0,0,0,0,0,0,80,0,0,0
0.920649,0,1693,401897,144,0,0,0,0,0,0,79,0,0,0
0.922231,0,1710,409662,145,0,0,0,0,0,0,79,0,0,0
0.923842,0,1711,455365,143,0,0,0,0,0,0,79,0,0,0
0.925504,0,1732,410938,144,0,0,0,0,0,0,80,0,0,0
0.927127,0,1709,409623,145,0,0,0,0,0,0,81,0,0,0
0.928784,0,1716,412148,143,0,0,0,0,0,0,79,0,0,0
0.930395,0,1713,409932,145,0,0,0,0,0,0,79,0,0,0
0.932004,0,1715,413839,145,0,0,0,0,0,0,81,0,0,0
0.933618,0,1714,410065,144,0,0,0,0,0,0,79,0,0,0
0.935226,0,1705,410241,145,0,0,0,0,0,0,82,0,0,0
0.936882,0,1696,409564,145,0,0,0,0,0,0,82,0,0,0
0.938503,0,1718,411059,145,0,0,0,0,0,0,81,0,0,0
0.940113,0,1712,450392,145,0,0,0,0,0,0,79,0,0,0
0.941768,0,1793,410530,146,0,0,0,0,0,0,80,0,0,0
0.943378,0,1694,411585,143,0,0,0,0,0,0,78,0,0,0
0.945036,0,1712,412843,145,0,0,0,0,0,0,80,0,0,0
0.946649,0,1827,409967,144,0,0,0,0,0,0,80,0,0,0
0.948262,0,1699,406506,145,0,0,0,0,0,0,78,0,0,0
0.949878,0,1714,406071,144,0,0,0,0,0,0,80,0,0,0
0.951478,0,1709,404426,144,0,0,0,0,0,0,80,0,0,0
0.953000,0,1709,401867,144,0,0,0,0,0,0,82,0,0,0
0.954614,0,1710,410539,144,0,0,0,0,0,0,78,0,0,0
0.956262,0,1708,410148,144,0,0,0,0,0,0,81,0,0,0
0.957871,0,1693,409641,144,0,0,0,0,0,0,82,0,0,0
0.959480,0,1708,409518,145,0,0,0,0,0,0,81,0,0,0
0.961149,0,1718,410356,145,0,0,0,0,0,0,78,0,0,0
0.962761,0,1715,410222,145,0,0,0,0,0,0,78,0,0,0
0.964372,0,1691,409899,145,0,0,0,0,0,0,78,0,0,0
0.965982,0,1828,408297,145,0,0,0,0,0,0,80,0,0,0
0.967591,0,1723,408735,145,0,0,0,0,0,0,81,0,0,0
0.969246,0,1695,411113,144,0,0,0,0,0,0,82,0,0,0
0.970857,0,1707,408872,145,0,0,0,0,0,0,81,0,0,0
0.972482,0,1715,410781,145,0,0,0,0,0,0,79,0,0,0
0.974094,0,1711,408769,144,0,0,0,0,0,0,79,0,0,0
0.975702,0,1717,411149,144,0,0,0,0,0,0,80,0,0,0
0.977358,0,1715,409564,145,0,0,0,0,0,0,82,0,0,0
0.978967,0,1717,408203,145,0,0,0,0,0,0,81,0,0,0
0.980457,0,1711,406007,145,0,0,0,0,0,0,80,0,0,0
0.982044,0,1711,410796,145,0,0,0,0,0,0,80,0,0,0
0.983668,0,1709,410373,145,0,0,0,0,0,0,78,0,0,0
0.985324,0,1703,410754,145,0,0,0,0,0,0,81,0,0,0
0.986809,0,1706,401386,144,0,0,0,0,0,0,81,0,0,0
0.988393,0,1705,410607,143,0,0,0,0,0,0,82,0,0,0
0.990002,0,1709,409803,144,0,0,0,0,0,0,82,0,0,0
0.991612,0,1713,411232,144,0,0,0,0,0,0,80,0,0,0
0.993272,0,1698,408736,144,0,0,0,0,0,0,80,0,0,0
0.994888,0,1763,407201,145,0,0,0,0,0,0,78,0,0,0
0.996365,0,1704,393546,145,0,0,0,0,0,0,82,0,0,0
0.997943,0,1693,412327,145,0,0,0,0,0,0,80,0,0,0
0.999552,0,1702,409928,144,0,0,0,0,0,0,81,0,0,0
1.001208,0,1713,411736,145,0,0,0,0,0,0,82,0,0,0
1.002821,0,1709,410175,143,0,0,0,0,0,0,81,0,0,0
1.004434,0,1698,410177,145,0,0,0,0,0,0,80,0,0,0
1.005934,0,1369,387291,135,0,0,0,0,0,0,76,0,0,0
1.007511,0,1367,378261,114,0,0,0,0,0,0,78,0,0,0
1.009162,0,1374,378014,166,0,0,0,0,0,0,79,0,0,0
1.010770,0,1369,377985,115,0,0,0,0,0,0,76,0,0,0
1.012378,0,1368,380181,114,0,0,0,0,0,0,78,0,0,0
1.013985,0,1370,377637,130,0,0,0,0,0,0,77,0,0,0
1.015589,0,1366,377001,114,0,0,0,0,0,0,78,0,0,0
1.017258,0,1368,378090,114,0,0,0,0,0,0,76,0,0,0
1.018865,0,1371,377282,114,0,0,0,0,0,0,78,0,0,0
1.020473,0,1365,378362,114,0,0,0,0,0,0,75,0,0,0
1.022080,0,1364,379178,114,0,0,0,0,0,0,78,0,0,0
1.023684,0,1368,378078,114,0,0,0,0,0,0,78,0,0,0
1.025334,0,1370,381193,114,0,0,0,0,0,0,76,0,0,0
1.026944,0,1395,380779,114,0,0,0,0,0,0,78,0,0,0
1.028566,0,1370,378210,114,0,0,0,0,0,0,76,0,0,0
1.030173,0,1364,378826,114,0,0,0,0,0,0,76,0,0,0
1.031777,0,1391,377914,114,0,0,0,0,0,0,78,0,0,0
1.033331,0,1482,369814,114,0,0,0,0,0,0,78,0,0,0
1.034907,0,1369,377721,114,0,0,0,0,0,0,79,0,0,0
1.036515,0,1367,378608,114,0,0,0,0,0,0,76,0,0,0
1.038121,0,1541,377334,114,0,0,0,0,0,0,79,0,0,0
1.039735,0,1406,378443,114,0,0,0,0,0,0,76,0,0,0
1.041259,0,1369,370499,114,0,0,0,0,0,0,77,0,0,0
1.042836,0,1362,378288,113,0,0,0,0,0,0,76,0,0,0
1.044444,0,1364,378047,114,0,0,0,0,0,0,77,0,0,0
1.046050,0,1360,378110,114,0,0,0,0,0,0,77,0,0,0
1.047654,0,1389,378934,115,0,0,0,0,0,0,78,0,0,0
1.049179,0,1362,371027,114,0,0,0,0,0,0,79,0,0,0
1.050647,0,1445,368518,122,0,0,0,0,0,0,76,0,0,0
1.052224,0,1446,376047,122,0,0,0,0,0,0,77,0,0,0
1.053831,0,1442,378609,122,0,0,0,0,0,0,78,0,0,0
1.055436,0,1445,378584,122,0,0,0,0,0,0,79,0,0,0
1.057087,0,1438,378682,122,0,0,0,0,0,0,76,0,0,0
1.058694,0,1448,379658,122,0,0,0,0,0,0,76,0,0,0
1.060302,0,1456,379011,122,0,0,0,0,0,0,78,0,0,0
1.061923,0,1448,378211,122,0,0,0,0,0,0,78,0,0,0
1.063529,0,1450,378751,122,0,0,0,0,0,0,77,0,0,0
1.065182,0,1448,379171,121,0,0,0,0,0,0,77,0,0,0
1.066669,0,1448,370331,122,0,0,0,0,0,0,77,0,0,0
1.068124,0,1444,391080,121,0,0,0,0,0,0,76,0,0,0
1.069596,0,1485,368795,121,0,0,0,0,0,0,78,0,0,0
1.071040,0,1446,367694,121,0,0,0,0,0,0,75,0,0,0
1.072494,0,1449,399879,121,0,0,0,0,0,0,77,0,0,0
1.073974,0,1448,369800,121,0,0,0,0,0,0,78,0,0,0
1.075417,0,1444,368536,137,0,0,0,0,0,0,79,0,0,0
1.076860,0,1449,367202,121,0,0,0,0,0,0,77,0,0,0
1.078429,0,1438,378369,122,0,0,0,0,0,0,75,0,0,0
1.080035,0,1443,382198,122,0,0,0,0,0,0,79,0,0,0
1.081649,0,1445,378823,121,0,0,0,0,0,0,77,0,0,0
1.083270,0,1460,377780,122,0,0,0,0,0,0,76,0,0,0
1.085809,0,1445,548811,121,0,0,0,0,0,0,77,0,0,0
1.087468,0,1540,382377,122,0,0,0,0,0,0,76,0,0,0
1.088934,0,1445,366026,121,0,0,0,0,0,0,76,0,0,0
1.090375,0,1449,365354,122,0,0,0,0,0,0,77,0,0,0
1.091850,0,1441,509538,122,0,0,0,0,0,0,75,0,0,0
1.093487,0,1445,385223,120,0,0,0,0,0,0,76,0,0,0
1.094931,0,1444,367933,121,0,0,0,0,0,0,78,0,0,0
1.096378,0,1550,392030,122,0,0,0,0,0,0,79,0,0,0
1.097848,0,1450,366636,120,0,0,0,0,0,0,77,0,0,0
1.099284,0,1446,366449,121,0,0,0,0,0,0,75,0,0,0
1.100721,0,1448,420454,121,0,0,0,0,0,0,76,0,0,0
1.102581,0,1449,366397,122,0,0,0,0,0,0,79,0,0,0
1.104031,0,1558,341516,132,0,0,0,0,0,0,78,0,0,0
1.105491,0,1555,377721,132,0,0,0,0,0,0,75,0,0,0
1.106939,0,1566,370496,131,0,0,0,0,0,0,76,0,0,0
1.108419,0,1720,1063846,131,0,0,0,0,0,0,79,0,0,0
1.110863,0,1656,492105,131,0,0,0,0,0,0,79,0,0,0
1.112311,0,1556,401710,132,0,0,0,0,0,0,75,0,0,0
1.113796,0,1560,370493,131,0,0,0,0,0,0,78,0,0,0
1.115260,0,1557,370277,131,0,0,0,0,0,0,76,0,0,0
1.116709,0,1559,371099,131,0,0,0,0,0,0,75,0,0,0
1.118156,0,1561,371282,131,0,0,0,0,0,0,79,0,0,0
1.119603,0,1557,370461,133,0,0,0,0,0,0,79,0,0,0
1.121086,0,1561,370447,131,0,0,0,0,0,0,79,0,0,0
1.122532,0,1551,371944,132,0,0,0,0,0,0,77,0,0,0
1.123979,0,1558,372634,131,0,0,0,0,0,0,79,0,0,0
1.125443,0,1548,370939,132,0,0,0,0,0,0,76,0,0,0
1.126890,0,1560,371095,132,0,0,0,0,0,0,77,0,0,0
1.128336,0,1645,394560,133,0,0,0,0,0,0,77,0,0,0
1.129936,0,1558,376789,133,0,0,0,0,0,0,76,0,0,0
1.131539,0,1557,375685,131,0,0,0,0,0,0,76,0,0,0
1.133020,0,1550,369198,132,0,0,0,0,0,0,79,0,0,0
1.134600,0,1558,378638,132,0,0,0,0,0,0,79,0,0,0
1.136226,0,1564,379921,131,0,0,0,0,0,0,79,0,0,0
1.137837,0,1556,379333,131,0,0,0,0,0,0,76,0,0,0
1.139447,0,1546,378969,132,0,0,0,0,0,0,79,0,0,0
1.141058,0,1571,379120,131,0,0,0,0,0,0,76,0,0,0
1.142670,0,1564,379300,133,0,0,0,0,0,0,78,0,0,0
1.144283,0,1559,417320,132,0,0,0,0,0,0,78,0,0,0
1.145941,0,1559,378081,133,0,0,0,0,0,0,79,0,0,0
1.147564,0,1559,378006,131,0,0,0,0,0,0,79,0,0,0
1.149176,0,1558,379148,132,0,0,0,0,0,0,78,0,0,0
1.150787,0,1558,380063,131,0,0,0,0,0,0,77,0,0,0
1.152400,0,1549,415158,132,0,0,0,0,0,0,75,0,0,0
1.154057,0,1564,379327,131,0,0,0,0,0,0,79,0,0,0
1.155667,0,1568,380298,132,0,0,0,0,0,0,76,0,0,0
1.157279,0,1567,379301,131,0,0,0,0,0,0,77,0,0,0
1.158779,0,1598,374753,135,0,0,0,0,0,0,75,0,0,0
1.160364,0,1587,380795,135,0,0,0,0,0,0,77,0,0,0
1.161976,0,1598,380057,135,0,0,0,0,0,0,79,0,0,0
1.163586,0,1605,378526,135,0,0,0,0,0,0,76,0,0,0
1.165197,0,1591,379234,134,0,0,0,0,0,0,78,0,0,0
1.166809,0,1598,379720,136,0,0,0,0,0,0,75,0,0,0
1.168422,0,1604,418115,134,0,0,0,0,0,0,76,0,0,0
1.170093,0,1739,377569,135,0,0,0,0,0,0,79,0,0,0
1.171702,0,1599,378997,135,0,0,0,0,0,0,79,0,0,0
1.173313,0,1595,378964,136,0,0,0,0,0,0,79,0,0,0
1.174924,0,1604,378246,136,0,0,0,0,0,0,77,0,0,0
1.176536,0,1597,378021,134,0,0,0,0,0,0,76,0,0,0
1.178145,0,1595,377026,135,0,0,0,0,0,0,75,0,0,0
1.179751,0,1597,386487,135,0,0,0,0,0,0,78,0,0,0
1.181324,0,1597,373374,135,0,0,0,0,0,0,76,0,0,0
1.182909,0,1614,377068,137,0,0,0,0,0,0,77,0,0,0
1.184521,0,1704,378401,136,0,0,0,0,0,0,79,0,0,0
1.186131,0,1597,378715,135,0,0,0,0,0,0,77,0,0,0
1.187741,0,1597,378528,135,0,0,0,0,0,0,76,0,0,0
1.189412,0,1599,378493,136,0,0,0,0,0,0,78,0,0,0
1.191023,0,1593,378333,135,0,0,0,0,0,0,78,0,0,0
1.192692,0,1598,380702,136,0,0,0,0,0,0,79,0,0,0
1.194304,0,1595,378889,136,0,0,0,0,0,0,76,0,0,0
1.195914,0,1594,381566,135,0,0,0,0,0,0,77,0,0,0
1.197528,0,1597,378865,134,0,0,0,0,0,0,78,0,0,0
1.199137,0,1598,379025,135,0,0,0,0,0,0,77,0,0,0
1.200794,0,1649,379213,135,0,0,0,0,0,0,77,0,0,0
1.202405,0,1597,378242,135,0,0,0,0,0,0,78,0,0,0
1.204027,0,1597,382149,135,0,0,0,0,0,0,77,0,0,0
1.205643,0,1585,380841,135,0,0,0,0,0,0,75,0,0,0
1.207253,0,1778,377754,134,0,0,0,0,0,0,76,0,0,0
1.208908,0,1596,380717,134,0,0,0,0,0,0,79,0,0,0
1.210520,0,1601,378249,135,0,0,0,0,0,0,78,0,0,0
1.212129,0,1598,339257,136,0,0,0,0,0,0,79,0,0,0
1.213754,0,1572,401295,136,0,0,0,0,0,0,77,0,0,0
1.215410,0,1595,410495,135,0,0,0,0,0,0,76,0,0,0
1.217002,0,1632,334234,135,0,0,0,0,0,0,75,0,0,0
1.219106,0,1603,940925,134,0,0,0,0,0,0,77,0,0,0
1.220646,0,1600,353452,136,0,0,0,0,0,0,75,0,0,0
1.222274,0,1596,370014,135,0,0,0,0,0,0,79,0,0,0
1.224283,0,1596,401743,135,0,0,0,0,0,0,79,0,0,0
1.225783,0,1719,367635,136,0,0,0,0,0,0,75,0,0,0
1.227224,0,1596,367383,136,0,0,0,0,0,0,77,0,0,0
1.228705,0,1595,370554,136,0,0,0,0,0,0,76,0,0,0
1.230226,0,1594,387101,135,0,0,0,0,0,0,76,0,0,0
1.231693,1,51987,433216,271,147,1213,562,0,0,1347,8920,0,64,0
1.233136,0,1823,450732,135,0,0,0,0,0,0,78,0,0,0
1.234653,0,1596,659498,135,0,0,0,0,0,0,77,0,0,0
1.236531,0,1719,374065,135,0,0,0,0,0,0,78,0,0,0
1.238127,0,1602,336370,136,0,0,0,0,0,0,76,0,0,0
1.239576,0,1596,449371,135,0,0,0,0,0,0,76,0,0,0
1.241122,0,31599,628491,288,22,1358,349,0,0,535,1666,0,63,0
1.242579,0,1587,373205,136,0,0,0,0,0,0,77,0,0,0
1.244021,0,1585,518838,135,0,0,0,0,0,0,77,0,0,0
1.245646,0,1600,375679,135,0,0,0,0,0,0,78,0,0,0
1.247227,0,1608,485191,135,0,0,0,0,0,0,78,0,0,0
1.249236,0,28141,385081,146,22,1054,302,0,0,494,1582,0,57,0
1.250608,1,29089,341134,150,232,7228,0,0,0,1602,7846,0,197,1379
1.251857,0,1898,453398,21,0,0,0,0,0,0,76,0,0,0
1.253456,0,1638,390467,167,0,0,0,0,0,0,77,0,0,0
1.254940,0,1611,497294,167,0,0,0,0,0,0,77,0,0,0
1.256729,0,26180,520965,137,67,7484,0,0,0,1154,625,0,257,1612
1.258325,1,45506,567352,264,130,985,529,0,0,1263,8595,0,59,0
1.259672,0,1510,322634,119,0,0,0,0,0,0,74,0,0,0
1.261170,0,1571,313298,118,0,0,0,0,0,0,74,0,0,0
1.262671,0,1439,392640,119,0,0,0,0,0,0,75,0,0,0
1.264265,1,39245,293698,244,124,1958,0,0,0,728,7336,0,59,0
1.265688,1,25149,340682,143,194,6254,533,0,0,1843,9042,0,173,1405
1.267086,0,1505,329351,119,0,0,0,0,0,0,73,0,0,0
1.268548,0,1430,322730,122,0,0,0,0,0,0,73,0,0,0
1.269994,0,1433,325053,122,0,0,0,0,0,0,73,0,0,0
1.271465,0,1442,373938,122,0,0,0,0,0,0,74,0,0,0
1.272997,1,41857,410715,124,179,6984,0,0,0,1198,7684,0,183,1621
1.274526,1,25730,527807,267,164,1131,657,0,0,1154,8714,0,57,0
1.275984,0,1436,328519,121,0,0,0,0,0,0,74,0,0,0
1.277990,0,1440,808943,121,0,0,0,0,0,0,72,0,0,0
1.280134,0,1443,352265,122,0,0,0,0,0,0,73,0,0,0
1.281895,2,66647,182143,269,328,7877,550,0,0,3158,16394,0,262,1565
1.283227,0,1446,339656,146,0,0,0,0,0,0,75,0,0,0
1.284630,0,1438,325920,122,0,0,0,0,0,0,73,0,0,0
1.286215,0,1435,343274,122,0,0,0,0,0,0,73,0,0,0
1.287664,0,1444,346655,122,0,0,0,0,0,0,75,0,0,0
1.289171,1,40325,292031,244,171,2129,0,0,0,796,7366,0,64,0
1.290620,1,30569,323976,269,198,6151,533,0,0,1667,9151,0,299,1651
1.292106,0,1436,411811,121,0,0,0,0,0,0,73,0,0,0
1.293708,0,1442,393336,121,0,0,0,0,0,0,72,0,0,0
1.295251,0,1442,349198,139,0,0,0,0,0,0,74,0,0,0
1.296737,0,1434,460328,124,0,0,0,0,0,0,74,0,0,0
1.298505,2,66093,254633,270,326,8235,470,0,0,3457,16239,0,218,1557
1.299838,0,1544,328630,122,0,0,0,0,0,0,74,0,0,0
1.301383,0,1444,376566,122,0,0,0,0,0,0,74,0,0,0
1.302948,0,1445,348526,123,0,0,0,0,0,0,74,0,0,0
1.304687,0,1541,306615,122,0,0,0,0,0,0,75,0,0,0
1.306885,2,68111,401485,391,329,8247,707,0,0,2771,16387,0,247,1643
1.308306,0,1546,335045,122,0,0,0,0,0,0,75,0,0,0
1.309762,0,1431,323878,130,0,0,0,0,0,0,75,0,0,0
1.311376,0,1427,640982,122,0,0,0,0,0,0,73,0,0,0
1.313401,0,2063,397013,112,0,0,0,0,0,0,72,0,0,0
1.315023,1,56941,175756,182,210,9093,0,0,0,2447,7898,0,256,1242
1.316426,1,42078,298994,338,235,1156,801,0,0,2048,8709,0,74,0
1.317912,0,2050,339558,134,0,0,0,0,0,0,72,0,0,0
1.319429,0,2063,373517,135,0,0,0,0,0,0,71,0,0,0
1.321278,0,1961,387283,134,0,0,0,0,0,0,70,0,0,0
1.323251,2,98394,454156,663,450,10442,812,0,0,3912,16460,0,310,1485
1.325047,0,2717,360215,183,0,0,0,0,0,0,71,0,0,0
1.326588,0,2349,337895,134,0,0,0,0,0,0,72,0,0,0
1.328101,0,2027,317051,134,0,0,0,0,0,0,71,0,0,0
1.329618,0,2179,343990,134,0,0,0,0,0,0,70,0,0,0
1.331222,1,60902,306023,567,189,2471,0,0,0,1220,7415,0,76,0
1.332582,1,42470,320907,238,227,7051,738,0,0,3273,9115,0,183,1586
1.334078,0,2473,338628,183,0,0,0,0,0,0,70,0,0,0
1.335576,0,1912,334662,134,0,0,0,0,0,0,72,0,0,0
1.337466,0,2302,833836,134,0,0,0,0,0,0,71,0,0,0
1.340015,2,92168,347818,528,419,9954,651,0,0,3924,16556,0,304,1593
1.341670,0,9661,303808,183,6,459,200,0,0,535,81,0,0,0
1.343202,0,2446,339773,134,0,0,0,0,0,0,70,0,0,0
1.344719,0,2061,324664,134,0,0,0,0,0,0,72,0,0,0
1.346282,0,2161,363496,134,0,0,0,0,0,0,70,0,0,0
1.347924,1,62708,313289,302,170,3732,0,0,0,2295,7625,0,204,1782
1.349473,1,44419,300039,523,282,6382,765,0,0,2568,8872,0,75,0
1.350952,0,2279,336315,134,0,0,0,0,0,0,72,0,0,0
1.352479,0,6633,415395,135,0,0,0,0,0,0,73,0,0,0
1.354283,0,1962,385328,134,0,0,0,0,0,0,69,0,0,0
1.355992,1,60056,323883,326,213,5303,0,0,0,2156,7828,0,295,1549
1.357573,1,42944,297513,597,204,4976,803,0,0,2186,8806,0,77,0
1.359090,0,2527,332360,134,0,0,0,0,0,0,71,0,0,0
1.360612,0,2519,494797,134,0,0,0,0,0,0,72,0,0,0
1.362548,0,2087,391100,134,0,0,0,0,0,0,71,0,0,0
1.364315,1,59627,333275,705,199,5279,0,0,0,1265,7806,0,201,1560
1.365875,1,44593,274322,355,232,4542,796,0,0,3184,8853,0,74,0
1.367508,0,1965,303764,126,0,0,0,0,0,0,70,0,0,0
1.369063,0,1980,329116,125,0,0,0,0,0,0,68,0,0,0
1.370840,0,1885,342677,125,0,0,0,0,0,0,68,0,0,0
1.372531,1,55870,301344,295,371,2518,0,0,0,1358,7168,0,70,0
1.373865,1,38320,64984,175,338,7449,1133,0,0,2730,9064,0,215,2352
1.375214,0,2506,321921,170,0,0,0,0,0,0,69,0,0,0
1.376723,0,2015,348468,125,0,0,0,0,0,0,67,0,0,0
1.378323,0,1900,301352,125,0,0,0,0,0,0,68,0,0,0
1.379957,0,1822,337112,126,0,0,0,0,0,0,70,0,0,0
1.381622,1,55205,286526,305,216,8310,0,0,0,1791,7600,0,333,1558
1.383094,1,37414,263969,562,331,1708,1243,0,0,2132,8606,0,70,434
1.384663,0,2339,296385,125,0,0,0,0,0,0,67,0,0,0
1.386203,0,1952,297025,125,0,0,0,0,0,0,70,0,0,0
1.387988,0,2249,358003,126,0,0,0,0,0,0,69,0,0,0
1.389848,1,57255,272691,255,198,9134,0,0,0,1711,7871,0,225,1627
1.391412,1,39235,268717,600,444,1766,883,0,0,2209,8587,0,72,752
1.392930,0,2246,297585,125,0,0,0,0,0,0,70,0,0,0
1.394445,0,1949,296404,125,0,0,0,0,0,0,69,0,0,0
1.395985,0,2270,371732,126,0,0,0,0,0,0,69,0,0,0
1.397736,1,54530,292737,307,141,4439,0,0,0,1060,7351,0,72,1510
1.399091,1,32214,323657,586,196,6577,682,0,0,1957,7902,0,120,253
1.400712,0,2300,302507,125,0,0,0,0,0,0,69,0,0,0
1.402235,0,2084,318280,126,0,0,0,0,0,0,69,0,0,0
1.404232,0,1980,424893,125,0,0,0,0,0,0,69,0,0,0
1.406039,1,55291,288343,295,240,8231,0,0,0,1689,7664,0,256,1620
1.407667,1,32833,262769,550,151,805,601,0,0,1582,7312,0,0,101
1.409190,0,2330,298064,125,0,0,0,0,0,0,68,0,0,0
1.410876,0,1892,312505,126,0,0,0,0,0,0,68,0,0,0
1.412395,0,1868,340865,125,0,0,0,0,0,0,69,0,0,0
1.414073,1,56254,302699,526,166,2158,0,0,0,1126,7324,0,73,0
1.415411,1,30423,296462,624,200,6496,567,0,0,2448,7809,0,201,1963
1.416804,0,2266,297398,167,0,0,0,0,0,0,68,0,0,0
1.418319,0,2258,340061,125,0,0,0,0,0,0,70,0,0,0
1.419913,0,1727,331105,125,0,0,0,0,0,0,66,0,0,0
1.421961,0,26173,332287,256,107,0,0,0,0,905,7063,0,0,0
1.423421,2,50587,20390,394,203,8064,766,0,0,2020,7647,0,217,1777
1.424907,0,3523,274188,158,0,0,0,0,0,0,65,0,0,0
1.426394,0,2171,255693,110,0,0,0,0,0,0,67,0,0,0
1.427917,0,2038,279669,110,0,0,0,0,0,0,66,0,0,0
1.429463,0,1857,268407,109,0,0,0,0,0,0,67,0,0,0
1.430970,1,50594,244537,257,141,2366,0,0,0,1235,7347,0,64,0
1.432507,1,28457,213655,516,206,6255,644,0,0,1783,7648,0,246,1654
1.434076,0,1869,258393,110,0,0,0,0,0,0,64,0,0,0
1.435772,0,1850,260015,109,0,0,0,0,0,0,67,0,0,0
1.437574,0,1982,345882,110,0,0,0,0,0,0,66,0,0,0
1.439182,1,50665,238977,276,154,4775,0,0,0,1261,7493,0,205,1684
1.440783,1,30373,227448,479,268,3248,637,0,0,1769,7291,0,0,326
1.442305,0,1966,258608,110,0,0,0,0,0,0,66,0,0,0
1.444090,0,1736,264556,110,0,0,0,0,0,0,67,0,0,0
1.445633,0,1844,338437,109,0,0,0,0,0,0,65,0,0,0
1.447356,1,41072,266025,403,146,577,0,0,0,954,7167,0,64,0
1.448854,1,39215,91439,677,240,6917,846,0,0,2319,7642,0,169,1798
1.450293,0,2126,270944,158,0,0,0,0,0,0,65,0,0,0
1.451825,0,1898,408690,109,0,0,0,0,0,0,65,0,0,0
1.453673,0,2002,296919,110,0,0,0,0,0,0,65,0,0,0
1.455339,1,50903,266748,251,336,2051,0,0,0,1161,7062,0,61,0
1.456832,1,26164,206459,172,187,5535,498,0,0,1691,7514,0,172,1799
1.458225,0,2271,258796,156,0,0,0,0,0,0,66,0,0,0
1.459695,0,2132,253183,110,0,0,0,0,0,0,65,0,0,0
1.461211,0,1762,263085,110,0,0,0,0,0,0,66,0,0,0
1.462778,0,1654,299152,109,0,0,0,0,0,0,65,0,0,0
1.464425,1,48789,235370,138,182,7335,0,0,0,1384,7435,0,187,1639
1.465914,1,28381,224002,492,389,604,564,0,0,1488,7194,0,0,225
1.467436,0,2156,255604,110,0,0,0,0,0,0,65,0,0,0
1.468991,0,5929,260740,109,0,0,0,0,0,0,67,0,0,0
1.470658,0,1726,280015,110,0,0,0,0,0,0,67,0,0,0
1.472319,1,51930,247789,267,195,7152,0,0,0,1266,7394,0,215,1689
1.474122,0,3863,251731,167,0,0,0,0,0,194,97,0,0,0
1.476096,0,1839,263992,93,0,0,0,0,0,0,63,0,0,0
1.477852,0,1507,297221,93,0,0,0,0,0,0,63,0,0,0
1.479655,0,1608,344300,93,0,0,0,0,0,0,62,0,0,0
1.481529,0,21734,117778,0,67,6390,0,0,0,812,516,0,186,1700
1.482888,0,4552,185030,158,0,0,0,0,0,280,95,0,0,0
1.484379,0,1835,215601,93,0,0,0,0,0,0,62,0,0,0
1.485925,0,1673,219716,94,0,0,0,0,0,0,63,0,0,0
1.487454,0,1822,232758,93,0,0,0,0,0,0,63,0,0,0
1.489010,0,1812,216867,95,0,0,0,0,0,0,62,0,0,0
1.490537,0,1849,219193,93,0,0,0,0,0,0,63,0,0,0
1.492047,0,1596,211183,93,0,0,0,0,0,0,63,0,0,0
1.493649,0,1666,248899,95,0,0,0,0,0,0,63,0,0,0
1.495290,0,1664,521873,93,0,0,0,0,0,0,62,0,0,0
1.497565,0,21541,196608,95,17,1563,0,0,0,63,237,0,53,0
1.498912,0,4295,183028,138,50,6134,0,0,0,615,438,0,109,1551
1.500391,0,1534,236024,95,0,0,0,0,0,0,63,0,0,0
1.501946,0,1447,225740,93,0,0,0,0,0,0,63,0,0,0
1.503619,0,1988,219859,93,0,0,0,0,0,0,62,0,0,0
1.505353,0,1618,290927,95,0,0,0,0,0,0,62,0,0,0
1.507104,0,21897,155264,0,67,6940,0,0,0,515,516,0,148,1543
1.508468,0,4161,184482,163,0,0,0,0,0,167,95,0,0,0
1.509985,0,2487,314080,93,0,0,0,0,0,0,63,0,0,0
1.511724,0,2187,255783,93,0,0,0,0,0,0,62,0,0,0
1.513446,0,1873,274271,95,0,0,0,0,0,0,63,0,0,0
1.514956,0,1850,215392,93,0,0,0,0,0,0,62,0,0,0
1.516464,0,1832,214825,93,0,0,0,0,0,0,62,0,0,0
1.517995,0,1852,214952,93,0,0,0,0,0,0,62,0,0,0
1.519509,0,1835,215573,93,0,0,0,0,0,0,63,0,0,0
1.521066,0,1830,216731,93,0,0,0,0,0,0,63,0,0,0
1.522582,0,1842,218137,93,0,0,0,0,0,0,63,0,0,0
1.524104,0,1693,222574,95,0,0,0,0,0,0,62,0,0,0
1.525629,0,1853,217523,95,0,0,0,0,0,0,63,0,0,0
1.527143,0,1828,216476,95,0,0,0,0,0,0,64,0,0,0
1.528709,0,1789,217301,95,0,0,0,0,0,0,63,0,0,0
1.530221,0,1799,216885,93,0,0,0,0,0,0,63,0,0,0
1.531730,0,1828,217082,93,0,0,0,0,0,0,62,0,0,0
1.533295,0,1821,217279,95,0,0,0,0,0,0,62,0,0,0
1.534945,0,1848,221039,95,0,0,0,0,0,0,63,0,0,0
1.536757,0,1851,221671,93,0,0,0,0,0,0,63,0,0,0
1.538443,0,1840,221232,93,0,0,0,0,0,0,62,0,0,0
1.540016,0,2201,226840,93,0,0,0,0,0,0,63,0,0,0
1.541819,0,2225,265450,112,0,0,0,0,0,0,63,0,0,0
1.543649,0,2239,374959,113,0,0,0,0,0,0,63,0,0,0
1.545816,0,2243,309188,113,0,0,0,0,0,0,62,0,0,0
1.547468,0,2238,259763,113,0,0,0,0,0,0,62,0,0,0
1.549118,0,2241,259873,111,0,0,0,0,0,0,62,0,0,0
1.550790,0,2237,261263,111,0,0,0,0,0,0,62,0,0,0
1.552438,0,2235,287855,112,0,0,0,0,0,0,62,0,0,0
1.554145,0,2238,260564,111,0,0,0,0,0,0,62,0,0,0
1.555790,0,2160,260852,113,0,0,0,0,0,0,62,0,0,0
1.557576,0,2219,317947,111,0,0,0,0,0,0,62,0,0,0
1.559221,0,2210,260403,111,0,0,0,0,0,0,62,0,0,0
1.560933,0,2231,260756,111,0,0,0,0,0,0,63,0,0,0
1.562579,0,2246,261305,111,0,0,0,0,0,0,63,0,0,0
1.564225,0,2238,261013,111,0,0,0,0,0,0,62,0,0,0
1.565869,0,2216,260967,113,0,0,0,0,0,0,63,0,0,0
1.567515,0,2199,260182,113,0,0,0,0,0,0,62,0,0,0
1.569213,0,2239,260285,111,0,0,0,0,0,0,63,0,0,0
1.570857,0,2242,260065,111,0,0,0,0,0,0,62,0,0,0
1.572514,0,2234,258491,111,0,0,0,0,0,0,63,0,0,0
1.574152,0,2206,258067,111,0,0,0,0,0,0,63,0,0,0
1.576116,0,1904,277183,113,0,0,0,0,0,0,62,0,0,0
1.577873,0,1866,311879,113,0,0,0,0,0,0,61,0,0,0
1.579653,0,2238,319245,111,0,0,0,0,0,0,63,0,0,0
1.581350,0,2240,297977,111,0,0,0,0,0,0,63,0,0,0
1.582969,0,1663,242341,113,0,0,0,0,0,0,61,0,0,0
1.584463,0,1632,219761,85,0,0,0,0,0,0,60,0,0,0
1.586037,0,1651,191366,84,0,0,0,0,0,0,61,0,0,0
1.587550,0,1636,190801,85,0,0,0,0,0,0,60,0,0,0
1.589063,0,1650,192768,85,0,0,0,0,0,0,61,0,0,0
1.590581,0,1653,192796,84,0,0,0,0,0,0,60,0,0,0
1.592096,0,1646,186964,85,0,0,0,0,0,0,61,0,0,0
1.593667,0,1969,205357,84,0,0,0,0,0,0,60,0,0,0
1.595312,0,2044,236159,100,0,0,0,0,0,0,61,0,0,0
1.596960,0,2033,235164,99,0,0,0,0,0,0,60,0,0,0
1.598606,0,2005,235040,100,0,0,0,0,0,0,60,0,0,0
1.600252,0,1987,257235,98,0,0,0,0,0,0,61,0,0,0
1.601950,0,2163,234349,100,0,0,0,0,0,0,61,0,0,0
1.603745,0,2188,239394,100,0,0,0,0,0,0,61,0,0,0
1.605579,0,2026,287951,100,0,0,0,0,0,0,60,0,0,0
1.607230,0,2043,235906,100,0,0,0,0,0,0,61,0,0,0
1.608942,0,2130,235360,100,0,0,0,0,0,0,61,0,0,0
1.610591,0,2045,235280,100,0,0,0,0,0,0,60,0,0,0
1.612239,0,2035,235109,100,0,0,0,0,0,0,60,0,0,0
1.613940,0,2053,234740,100,0,0,0,0,0,0,61,0,0,0
1.615599,0,1991,235571,100,0,0,0,0,0,0,60,0,0,0
1.617371,0,2006,235487,100,0,0,0,0,0,0,60,0,0,0
1.619018,0,2204,234750,100,0,0,0,0,0,0,61,0,0,0
1.620665,0,2017,234434,100,0,0,0,0,0,0,60,0,0,0
1.622305,0,1994,234212,99,0,0,0,0,0,0,61,0,0,0
1.623943,0,2068,272334,100,0,0,0,0,0,0,60,0,0,0
1.625719,0,1915,233505,100,0,0,0,0,0,0,60,0,0,0
1.627366,0,1713,191676,100,0,0,0,0,0,0,60,0,0,0
1.628887,0,1809,196255,100,0,0,0,0,0,0,60,0,0,0
1.630403,0,1693,195410,100,0,0,0,0,0,0,61,0,0,0
1.631915,0,1692,204151,100,0,0,0,0,0,0,61,0,0,0
1.633592,0,1675,219185,100,0,0,0,0,0,0,61,0,0,0
1.635110,0,1974,205278,100,0,0,0,0,0,0,60,0,0,0
1.636705,0,1731,208785,99,0,0,0,0,0,0,60,0,0,0
1.638223,0,1715,195951,100,0,0,0,0,0,0,61,0,0,0
1.639761,0,1945,206112,100,0,0,0,0,0,0,60,0,0,0
1.641464,0,1747,238006,100,0,0,0,0,0,0,60,0,0,0
1.642977,0,1853,195972,98,0,0,0,0,0,0,61,0,0,0
1.644492,0,1735,195821,100,0,0,0,0,0,0,60,0,0,0
1.646004,0,2829,202987,100,0,0,0,0,0,0,60,0,0,0
1.647624,0,1767,223234,100,0,0,0,0,0,0,60,0,0,0
1.649154,0,2101,206497,100,0,0,0,0,0,0,60,0,0,0
1.650888,0,1794,252400,100,0,0,0,0,0,0,61,0,0,0
1.652618,0,2069,234158,100,0,0,0,0,0,0,61,0,0,0
1.654256,0,1789,226149,100,0,0,0,0,0,0,60,0,0,0
1.655810,0,1771,200198,100,0,0,0,0,0,0,60,0,0,0
1.657388,0,2012,304122,100,0,0,0,0,0,0,61,0,0,0
1.659424,0,1768,235547,100,0,0,0,0,0,0,60,0,0,0
1.661113,0,1618,195055,100,0,0,0,0,0,0,61,0,0,0
1.662648,0,1838,196276,100,0,0,0,0,0,0,60,0,0,0
1.664228,0,2096,289599,99,0,0,0,0,0,0,60,0,0,0
1.665989,0,1741,186811,100,0,0,0,0,0,0,61,0,0,0
1.667561,0,1773,210962,100,0,0,0,0,0,0,61,0,0,0
1.669041,0,1794,188337,100,0,0,0,0,0,0,60,0,0,0
1.670532,0,1766,180070,99,0,0,0,0,0,0,59,0,0,0
1.672029,0,1855,205383,100,0,0,0,0,0,0,60,0,0,0
1.673590,0,1778,196706,99,0,0,0,0,0,0,60,0,0,0
1.675050,0,1742,181846,100,0,0,0,0,0,0,60,0,0,0
1.676511,0,1976,190389,100,0,0,0,0,0,0,61,0,0,0
1.678032,0,1782,196141,100,0,0,0,0,0,0,61,0,0,0
1.679497,0,2023,185913,100,0,0,0,0,0,0,61,0,0,0
1.681040,0,1648,194235,100,0,0,0,0,0,0,61,0,0,0
1.682487,0,1743,179267,100,0,0,0,0,0,0,60,0,0,0
1.683931,0,1499,276845,100,0,0,0,0,0,0,61,0,0,0
1.685669,0,1776,196895,100,0,0,0,0,0,0,61,0,0,0
1.687121,0,1773,218901,100,0,0,0,0,0,0,60,0,0,0
1.688740,0,1758,188585,100,0,0,0,0,0,0,60,0,0,0
1.690249,0,1680,202574,100,0,0,0,0,0,0,61,0,0,0
1.691897,0,1773,260337,99,0,0,0,0,0,0,60,0,0,0
1.693554,0,1773,196375,100,0,0,0,0,0,0,60,0,0,0
1.695080,0,2106,202499,100,0,0,0,0,0,0,61,0,0,0
1.696778,0,2005,256321,100,0,0,0,0,0,0,60,0,0,0
1.698636,0,1863,250966,100,0,0,0,0,0,0,61,0,0,0
1.700398,0,2101,250517,100,0,0,0,0,0,0,60,0,0,0
1.702195,0,2119,269130,100,0,0,0,0,0,0,61,0,0,0
1.703842,0,1930,272191,100,0,0,0,0,0,0,60,0,0,0
1.705632,0,1738,255088,100,0,0,0,0,0,0,60,0,0,0
1.707326,0,1767,241805,100,0,0,0,0,0,0,60,0,0,0
1.709085,0,1824,268307,100,0,0,0,0,0,0,61,0,0,0
1.710859,0,1714,260137,99,0,0,0,0,0,0,60,0,0,0
1.712670,0,2025,297080,100,0,0,0,0,0,0,61,0,0,0
1.714544,0,1847,268860,100,0,0,0,0,0,0,61,0,0,0
1.716251,0,1994,297997,100,0,0,0,0,0,0,61,0,0,0
1.717964,0,2025,230288,100,0,0,0,0,0,0,60,0,0,0
1.719563,0,2100,237748,100,0,0,0,0,0,0,60,0,0,0
1.721204,0,2079,233079,100,0,0,0,0,0,0,60,0,0,0
1.722832,0,1992,235609,100,0,0,0,0,0,0,60,0,0,0
1.724429,0,2076,227333,100,0,0,0,0,0,0,61,0,0,0
1.726025,0,2071,234507,100,0,0,0,0,0,0,60,0,0,0
1.727622,0,2105,234745,100,0,0,0,0,0,0,60,0,0,0
1.729333,0,1991,228365,100,0,0,0,0,0,0,61,0,0,0
1.730931,0,2205,234842,98,0,0,0,0,0,0,61,0,0,0
1.732530,0,2094,234589,100,0,0,0,0,0,0,60,0,0,0
1.734142,0,2074,228247,100,0,0,0,0,0,0,61,0,0,0
1.735739,0,2087,234522,98,0,0,0,0,0,0,61,0,0,0
1.737398,0,2123,257814,99,0,0,0,0,0,0,60,0,0,0
1.738996,0,2204,235288,100,0,0,0,0,0,0,60,0,0,0
1.740594,0,2093,234886,99,0,0,0,0,0,0,60,0,0,0
1.742191,0,2091,234777,100,0,0,0,0,0,0,61,0,0,0
1.743789,0,2080,234602,100,0,0,0,0,0,0,61,0,0,0
1.745523,0,4629,380078,159,0,0,0,0,0,0,453,0,0,0
1.747123,0,1732,203160,88,0,0,0,0,0,0,59,0,0,0
1.748722,0,1862,198099,89,0,0,0,0,0,0,58,0,0,0
1.750323,0,1871,197324,88,0,0,0,0,0,0,59,0,0,0
1.751921,0,1906,198619,88,0,0,0,0,0,0,59,0,0,0
1.753580,0,1905,196210,88,0,0,0,0,0,0,59,0,0,0
1.755179,0,1812,197589,88,0,0,0,0,0,0,58,0,0,0
1.756798,0,1821,196009,88,0,0,0,0,0,0,59,0,0,0
1.758400,0,1904,203140,88,0,0,0,0,0,0,59,0,0,0
1.759998,0,1828,207130,88,0,0,0,0,0,0,59,0,0,0
1.761663,0,1810,209011,88,0,0,0,0,0,0,59,0,0,0
1.763377,0,1810,203125,88,0,0,0,0,0,0,59,0,0,0
1.765030,0,1816,196550,89,0,0,0,0,0,0,59,0,0,0
1.766678,0,1803,196569,89,0,0,0,0,0,0,58,0,0,0
1.768342,0,1948,218311,88,0,0,0,0,0,0,58,0,0,0
1.770052,0,1884,197190,89,0,0,0,0,0,0,58,0,0,0
1.771697,0,1954,196594,89,0,0,0,0,0,0,59,0,0,0
1.773459,0,1817,233990,89,0,0,0,0,0,0,59,0,0,0
1.775104,0,1810,197036,88,0,0,0,0,0,0,59,0,0,0
1.776807,0,1823,196587,88,0,0,0,0,0,0,59,0,0,0
1.778463,0,1834,196493,89,0,0,0,0,0,0,59,0,0,0
1.780107,0,1840,197230,89,0,0,0,0,0,0,59,0,0,0
1.781753,0,1815,196496,89,0,0,0,0,0,0,59,0,0,0
1.783496,0,1536,198579,88,0,0,0,0,0,0,59,0,0,0
1.785166,0,1918,202188,88,0,0,0,0,0,0,59,0,0,0
1.786811,0,1816,197033,88,0,0,0,0,0,0,59,0,0,0
1.788468,0,1806,197378,89,0,0,0,0,0,0,59,0,0,0
1.790113,0,1809,196807,88,0,0,0,0,0,0,59,0,0,0
1.791757,0,1916,196301,88,0,0,0,0,0,0,59,0,0,0
1.793575,0,1931,236747,89,0,0,0,0,0,0,58,0,0,0
1.795220,0,1817,196451,88,0,0,0,0,0,0,59,0,0,0
1.796865,0,1814,196528,88,0,0,0,0,0,0,59,0,0,0
1.798519,0,1789,196662,88,0,0,0,0,0,0,59,0,0,0
1.800166,0,1813,196837,89,0,0,0,0,0,0,59,0,0,0
1.801812,0,1813,196684,89,0,0,0,0,0,0,58,0,0,0
1.803457,0,1907,197070,88,0,0,0,0,0,0,58,0,0,0
1.805103,0,1918,196615,88,0,0,0,0,0,0,58,0,0,0
1.806755,0,1812,197742,88,0,0,0,0,0,0,59,0,0,0
1.808620,0,1794,201067,88,0,0,0,0,0,0,60,0,0,0
1.810322,0,1839,197449,89,0,0,0,0,0,0,59,0,0,0
1.811974,0,1834,196422,88,0,0,0,0,0,0,58,0,0,0
1.813618,0,1817,196492,88,0,0,0,0,0,0,59,0,0,0
1.815647,0,1586,207796,88,0,0,0,0,0,0,58,0,0,0
1.817547,0,1846,261659,88,0,0,0,0,0,0,59,0,0,0
1.819200,0,1840,196606,88,0,0,0,0,0,0,58,0,0,0
1.820877,0,1814,197458,88,0,0,0,0,0,0,59,0,0,0
1.822524,0,1940,197441,88,0,0,0,0,0,0,59,0,0,0
1.824173,0,1814,197547,88,0,0,0,0,0,0,58,0,0,0
1.825821,0,1964,196569,89,0,0,0,0,0,0,59,0,0,0
1.827467,0,1820,197015,88,0,0,0,0,0,0,58,0,0,0
1.829116,0,1900,197234,88,0,0,0,0,0,0,59,0,0,0
1.830762,0,1806,197101,89,0,0,0,0,0,0,59,0,0,0
1.832435,0,1965,215348,88,0,0,0,0,0,0,58,0,0,0
1.834137,0,1946,196628,89,0,0,0,0,0,0,59,0,0,0
1.835782,0,1924,197587,89,0,0,0,0,0,0,59,0,0,0
1.837567,0,1820,241164,88,0,0,0,0,0,0,58,0,0,0
1.839212,0,1803,197062,88,0,0,0,0,0,0,58,0,0,0
1.840917,0,1815,196678,89,0,0,0,0,0,0,58,0,0,0
1.842579,0,1813,197373,89,0,0,0,0,0,0,59,0,0,0
1.844227,0,1822,196846,89,0,0,0,0,0,0,59,0,0,0
1.845873,0,1938,202599,88,0,0,0,0,0,0,59,0,0,0
1.847519,0,1826,197938,88,0,0,0,0,0,0,58,0,0,0
1.849222,0,1816,197476,88,0,0,0,0,0,0,58,0,0,0
1.850868,0,1948,196568,88,0,0,0,0,0,0,58,0,0,0
1.852667,0,1818,200714,89,0,0,0,0,0,0,59,0,0,0
1.854371,0,1793,197778,88,0,0,0,0,0,0,59,0,0,0
1.856024,0,1975,198652,88,0,0,0,0,0,0,58,0,0,0
1.857676,0,1938,202345,88,0,0,0,0,0,0,58,0,0,0
1.859324,0,1802,196904,88,0,0,0,0,0,0,58,0,0,0
1.860972,0,1827,197598,89,0,0,0,0,0,0,59,0,0,0
1.862617,0,1814,202697,89,0,0,0,0,0,0,59,0,0,0
1.864415,0,1781,222814,88,0,0,0,0,0,0,59,0,0,0
1.866181,0,1468,191242,88,0,0,0,0,0,0,58,0,0,0
1.867838,0,1415,193671,88,0,0,0,0,0,0,58,0,0,0
1.869430,0,1215,150186,78,0,0,0,0,0,0,59,0,0,0
1.871013,0,892,150562,81,0,0,0,0,0,0,59,0,0,0
1.872667,0,891,149362,66,0,0,0,0,0,0,59,0,0,0
1.874277,0,954,149146,79,0,0,0,0,0,0,58,0,0,0
1.875886,0,905,151465,87,0,0,0,0,0,0,58,0,0,0
1.877398,0,1851,156475,79,0,0,0,0,0,0,58,0,0,0
1.879043,0,1808,196376,89,0,0,0,0,0,0,58,0,0,0
1.880746,0,1871,197755,89,0,0,0,0,0,0,58,0,0,0
1.882391,0,1763,196252,89,0,0,0,0,0,0,59,0,0,0
1.884030,0,1760,198623,88,0,0,0,0,0,0,59,0,0,0
1.885704,0,1912,203000,88,0,0,0,0,0,0,58,0,0,0
1.887496,0,1545,271741,88,0,0,0,0,0,0,58,0,0,0
1.889592,0,1814,263729,89,0,0,0,0,0,0,58,0,0,0
1.891243,0,1916,195817,88,0,0,0,0,0,0,58,0,0,0
1.892888,0,1815,196798,88,0,0,0,0,0,0,58,0,0,0
1.894535,0,1794,196894,89,0,0,0,0,0,0,59,0,0,0
1.896182,0,1930,196754,88,0,0,0,0,0,0,58,0,0,0
1.897828,0,1792,196850,89,0,0,0,0,0,0,58,0,0,0
1.899514,0,1985,196220,89,0,0,0,0,0,0,59,0,0,0
1.901171,0,1376,180172,88,0,0,0,0,0,0,54,0,0,0
1.902814,0,1357,129699,61,0,0,0,0,0,0,54,0,0,0
1.904458,0,1354,142027,61,0,0,0,0,0,0,54,0,0,0
1.906157,0,1358,128792,62,0,0,0,0,0,0,54,0,0,0
1.907949,0,1345,133275,61,0,0,0,0,0,0,55,0,0,0
1.909787,0,1358,131939,61,0,0,0,0,0,0,54,0,0,0
1.911490,0,1359,130341,62,0,0,0,0,0,0,54,0,0,0
1.913210,0,1349,130109,61,0,0,0,0,0,0,54,0,0,0
1.914861,0,1340,129757,61,0,0,0,0,0,0,54,0,0,0
1.916510,0,1358,130086,61,0,0,0,0,0,0,54,0,0,0
1.918157,0,1353,129767,61,0,0,0,0,0,0,54,0,0,0
1.919802,0,1355,129707,62,0,0,0,0,0,0,54,0,0,0
1.921609,0,1355,162391,62,0,0,0,0,0,0,54,0,0,0
1.923256,0,1353,129243,61,0,0,0,0,0,0,54,0,0,0
1.924901,0,1362,129728,61,0,0,0,0,0,0,54,0,0,0
1.926547,0,1352,129812,62,0,0,0,0,0,0,54,0,0,0
1.928196,0,1423,129565,61,0,0,0,0,0,0,54,0,0,0
1.929841,0,1357,129309,61,0,0,0,0,0,0,54,0,0,0
1.931638,0,1358,131888,62,0,0,0,0,0,0,54,0,0,0
1.933451,0,1352,155262,61,0,0,0,0,0,0,54,0,0,0
1.935103,0,1352,130068,62,0,0,0,0,0,0,54,0,0,0
1.936816,0,1359,129719,62,0,0,0,0,0,0,54,0,0,0
1.938464,0,1354,129655,62,0,0,0,0,0,0,54,0,0,0
1.940110,0,1358,129938,61,0,0,0,0,0,0,54,0,0,0
1.941758,0,1355,129691,61,0,0,0,0,0,0,54,0,0,0
1.943553,0,1354,131816,62,0,0,0,0,0,0,54,0,0,0
1.945396,0,1356,130088,61,0,0,0,0,0,0,54,0,0,0
1.947051,0,1356,129789,61,0,0,0,0,0,0,54,0,0,0
1.948701,0,1355,130256,61,0,0,0,0,0,0,54,0,0,0
1.950349,0,1343,129844,61,0,0,0,0,0,0,54,0,0,0
1.952517,0,1166,154801,61,0,0,0,0,0,0,54,0,0,0
1.954396,0,1358,130761,62,0,0,0,0,0,0,54,0,0,0
1.956084,0,1349,131266,62,0,0,0,0,0,0,54,0,0,0
1.957742,0,1093,164776,61,0,0,0,0,0,0,54,0,0,0
1.959640,0,1232,165012,61,0,0,0,0,0,0,54,0,0,0
1.961758,0,1310,203118,61,0,0,0,0,0,0,54,0,0,0
1.963436,0,1314,140433,62,0,0,0,0,0,0,54,0,0,0
1.965123,0,1358,146611,61,0,0,0,0,0,0,54,0,0,0
1.966842,0,1206,134918,61,0,0,0,0,0,0,54,0,0,0
1.968494,0,1151,149708,62,0,0,0,0,0,0,54,0,0,0
1.970175,0,819,128553,62,0,0,0,0,0,0,54,0,0,0
1.971715,0,9927,97201,60,17,609,0,0,0,32,189,0,23,0
1.972994,0,158,0,0,48,1729,0,0,0,187,381,0,29,1832
1.974294,0,668,92835,1,2,94,0,0,0,62,33,0,0,0
1.975609,0,1080,101258,89,0,0,0,0,0,0,54,0,0,0
1.977107,0,980,108877,61,0,0,0,0,0,0,55,0,0,0
1.978576,0,1132,107875,61,0,0,0,0,0,0,53,0,0,0
1.980045,0,954,108276,61,0,0,0,0,0,0,54,0,0,0
1.981533,0,1140,111563,61,0,0,0,0,0,0,55,0,0,0
1.983041,0,1109,107530,62,0,0,0,0,0,0,54,0,0,0
1.984509,0,1147,112700,61,0,0,0,0,0,0,54,0,0,0
1.986061,0,1131,107378,62,0,0,0,0,0,0,54,0,0,0
1.987592,0,1147,106726,61,0,0,0,0,0,0,54,0,0,0
1.989109,0,1135,107540,61,0,0,0,0,0,0,54,0,0,0
1.990629,0,1100,107890,61,0,0,0,0,0,0,55,0,0,0
1.992150,0,1128,107284,61,0,0,0,0,0,0,54,0,0,0
1.993666,0,1134,107445,61,0,0,0,0,0,0,54,0,0,0
1.995182,0,1057,107862,62,0,0,0,0,0,0,54,0,0,0
1.996860,0,1336,115534,62,0,0,0,0,0,0,54,0,0,0
1.998566,0,953,125283,47,0,0,0,0,0,0,52,0,0,0
2.000093,0,924,104080,47,0,0,0,0,0,0,51,0,0,0
