elapsed_s,RAS_LRZ_INTF_WORKING_CYCLES,RAS_BLOCKS,RAS_FALSE_PARTIAL_STILE,RAS_SLICE_BLOCK_NONEMTPY
0.001227,0,0,0,0
0.002930,0,0,0,0
0.004592,0,0,0,0
0.006226,0,0,0,0
0.007719,0,0,0,0
0.009261,0,0,0,0
0.010761,0,0,0,0
0.012303,0,0,0,0
0.013848,0,0,0,0
0.015362,0,0,0,0
0.016858,0,0,0,0
0.018326,0,0,0,0
0.019835,0,0,0,0
0.021340,0,0,0,0
0.022869,0,0,0,0
0.024428,0,0,0,0
0.025967,0,0,0,0
0.027401,0,0,0,0
0.028825,0,0,0,0
0.030251,0,0,0,0
0.031670,0,0,0,0
0.033143,0,0,0,0
0.034570,0,0,0,0
0.035994,0,0,0,0
0.037416,0,0,0,0
0.038838,0,0,0,0
0.040287,0,0,0,0
0.041758,0,0,0,0
0.043181,0,0,0,0
0.044604,0,0,0,0
0.046027,0,0,0,0
0.047450,0,0,0,0
0.048894,0,0,0,0
0.050426,0,0,0,0
0.051849,0,0,0,0
0.053283,0,0,0,0
0.054706,0,0,0,0
0.056128,0,0,0,0
0.057519,0,0,0,0
0.058962,0,0,0,0
0.060420,0,0,0,0
0.061848,0,0,0,0
0.063256,0,0,0,0
0.064706,0,0,0,0
0.066212,0,0,0,0
0.067637,0,0,0,0
0.069067,0,0,0,0
0.070422,0,0,0,0
0.071851,0,0,0,0
0.073354,0,0,0,0
0.074851,0,0,0,0
0.076345,0,0,0,0
0.077888,0,0,0,0
0.079394,0,0,0,0
0.080932,0,0,0,0
0.082370,0,0,0,0
0.083862,0,0,0,0
0.085400,0,0,0,0
0.086915,0,0,0,0
0.088472,0,0,0,0
0.089959,0,0,0,0
0.091910,24,0,0,0
0.093472,0,0,0,0
0.095021,0,0,0,0
0.096607,0,0,0,0
0.098221,0,0,0,0
0.099691,0,0,0,0
0.101162,0,0,0,0
0.102636,0,0,0,0
0.104107,0,0,0,0
0.105490,0,0,0,0
0.106961,0,0,0,0
0.108433,0,0,0,0
0.109905,0,0,0,0
0.111407,0,0,0,0
0.112886,0,0,0,0
0.114421,0,0,0,0
0.115968,0,0,0,0
0.117547,0,0,0,0
0.119242,75,0,0,0
0.120889,255,0,0,0
0.122029,252,0,0,0
0.123146,174,0,0,0
0.124622,0,0,0,0
0.125973,0,0,0,0
0.127328,0,0,0,0
0.128685,0,0,0,0
0.130046,0,0,0,0
0.131409,0,0,0,0
0.132770,0,0,0,0
0.134227,0,0,0,0
0.135591,0,0,0,0
0.136985,0,0,0,0
0.138340,0,0,0,0
0.139696,0,0,0,0
0.141053,0,0,0,0
0.142414,0,0,0,0
0.143767,0,0,0,0
0.145198,0,0,0,0
0.146560,0,0,0,0
0.147915,0,0,0,0
0.149331,0,0,0,0
0.150704,0,0,0,0
0.152118,0,0,0,0
0.153542,0,0,0,0
0.154931,0,0,0,0
0.156316,0,0,0,0
0.157711,0,0,0,0
0.159132,0,0,0,0
0.160570,0,0,0,0
0.161987,0,0,0,0
0.163402,0,0,0,0
0.164818,0,0,0,0
0.166315,0,0,0,0
0.167749,0,0,0,0
0.169232,0,0,0,0
0.170690,0,0,0,0
0.172146,0,0,0,0
0.173602,0,0,0,0
0.175059,0,0,0,0
0.176567,0,0,0,0
0.178121,0,0,0,0
0.179578,0,0,0,0
0.181292,0,0,0,0
0.182875,0,0,0,0
0.184392,0,0,0,0
0.185860,0,0,0,0
0.187325,0,0,0,0
0.188800,0,0,0,0
0.190265,0,0,0,0
0.191921,0,0,0,0
0.193700,0,0,0,0
0.195408,0,0,0,0
0.197119,0,0,0,0
0.198826,0,0,0,0
0.200614,0,0,0,0
0.202135,0,0,0,0
0.203800,0,0,0,0
0.205511,0,0,0,0
0.207219,0,0,0,0
0.208987,0,0,0,0
0.210530,0,0,0,0
0.212428,0,0,0,0
0.214097,0,0,0,0
0.215805,0,0,0,0
0.217514,0,0,0,0
0.219056,0,0,0,0
0.220561,0,0,0,0
0.222033,0,0,0,0
0.223500,0,0,0,0
0.225029,0,0,0,0
0.226530,0,0,0,0
0.227996,0,0,0,0
0.229653,0,0,0,0
0.231189,0,0,0,0
0.232671,0,0,0,0
0.234428,0,0,0,0
0.236124,0,0,0,0
0.237637,0,0,0,0
0.239304,0,0,0,0
0.241203,0,0,0,0
0.242877,0,0,0,0
0.244356,0,0,0,0
0.246019,0,0,0,0
0.247730,0,0,0,0
0.249442,0,0,0,0
0.251154,0,0,0,0
0.252862,0,0,0,0
0.254383,0,0,0,0
0.255859,0,0,0,0
0.257524,0,0,0,0
0.259234,0,0,0,0
0.260943,0,0,0,0
0.262661,0,0,0,0
0.264432,0,0,0,0
0.265975,0,0,0,0
0.267643,0,0,0,0
0.269356,0,0,0,0
0.271067,0,0,0,0
0.272840,0,0,0,0
0.274556,0,0,0,0
0.276284,0,0,0,0
0.277996,0,0,0,0
0.279705,0,0,0,0
0.281418,0,0,0,0
0.283128,0,0,0,0
0.284834,0,0,0,0
0.286569,0,0,0,0
0.288341,0,0,0,0
0.290052,0,0,0,0
0.291762,0,0,0,0
0.293474,0,0,0,0
0.295171,0,0,0,0
0.296944,0,0,0,0
0.298516,0,0,0,0
0.300071,0,0,0,0
0.301542,0,0,0,0
0.303030,0,0,0,0
0.304589,0,0,0,0
0.306053,0,0,0,0
0.307812,0,0,0,0
0.309525,0,0,0,0
0.311234,0,0,0,0
0.313004,0,0,0,0
0.314524,0,0,0,0
0.316188,0,0,0,0
0.317731,0,0,0,0
0.319398,0,0,0,0
0.321112,0,0,0,0
0.322820,0,0,0,0
0.324529,0,0,0,0
0.326238,0,0,0,0
0.327967,0,0,0,0
0.329746,0,0,0,0
0.331454,0,0,0,0
0.333167,0,0,0,0
0.334876,0,0,0,0
0.336649,0,0,0,0
0.338304,0,0,0,0
0.339971,0,0,0,0
0.341683,0,0,0,0
0.343392,0,0,0,0
0.345106,0,0,0,0
0.346817,0,0,0,0
0.348356,0,0,0,0
0.350026,0,0,0,0
0.351737,0,0,0,0
0.353450,0,0,0,0
0.355144,0,0,0,0
0.356834,0,0,0,0
0.358597,0,0,0,0
0.360138,0,0,0,0
0.361730,0,0,0,0
0.363206,0,0,0,0
0.364763,0,0,0,0
0.366236,0,0,0,0
0.367699,0,0,0,0
0.369371,0,0,0,0
0.371169,0,0,0,0
0.372872,0,0,0,0
0.374386,0,0,0,0
0.375936,0,0,0,0
0.377659,0,0,0,0
0.379368,0,0,0,0
0.381096,0,0,0,0
0.382805,0,0,0,0
0.384575,0,0,0,0
0.386282,0,0,0,0
0.387989,0,0,0,0
0.389697,0,0,0,0
0.391238,0,0,0,0
0.392967,0,0,0,0
0.394682,0,0,0,0
0.396386,0,0,0,0
0.398091,0,0,0,0
0.399800,0,0,0,0
0.401870,0,0,0,0
0.403426,0,0,0,0
0.404978,0,0,0,0
0.406437,0,0,0,0
0.407894,0,0,0,0
0.409415,0,0,0,0
0.410870,0,0,0,0
0.412340,0,0,0,0
0.413798,0,0,0,0
0.415251,0,0,0,0
0.416920,0,0,0,0
0.418456,0,0,0,0
0.419886,0,0,0,0
0.421329,0,0,0,0
0.424992,0,0,0,0
0.426593,0,0,0,0
0.428126,0,0,0,0
0.429661,0,0,0,0
0.431411,0,0,0,0
0.433155,0,0,0,0
0.434742,0,0,0,0
0.436275,0,0,0,0
0.437804,0,0,0,0
0.439328,0,0,0,0
0.440918,0,0,0,0
0.442461,0,0,0,0
0.444213,0,0,0,0
0.446006,0,0,0,0
0.447791,0,0,0,0
0.449501,0,0,0,0
0.451255,0,0,0,0
0.453043,0,0,0,0
0.454755,0,0,0,0
0.456581,0,0,0,0
0.458446,0,0,0,0
0.460236,0,0,0,0
0.462029,0,0,0,0
0.463822,0,0,0,0
0.465510,0,0,0,0
0.467262,0,0,0,0
0.469159,0,0,0,0
0.470976,0,0,0,0
0.472827,0,0,0,0
0.474584,0,0,0,0
0.476182,0,0,0,0
0.477719,0,0,0,0
0.479338,0,0,0,0
0.481267,0,0,0,0
0.483047,0,0,0,0
0.484634,0,0,0,0
0.486326,0,0,0,0
0.488066,0,0,0,0
0.489584,0,0,0,0
0.491129,0,0,0,0
0.492869,0,0,0,0
0.494452,0,0,0,0
0.496183,0,0,0,0
0.497801,0,0,0,0
0.499551,0,0,0,0
0.501343,0,0,0,0
0.503135,0,0,0,0
0.505001,0,0,0,0
0.506528,0,0,0,0
0.508101,0,0,0,0
0.509641,0,0,0,0
0.511177,0,0,0,0
0.512779,0,0,0,0
0.514318,0,0,0,0
0.516059,0,0,0,0
0.517852,0,0,0,0
0.519666,0,0,0,0
0.521459,0,0,0,0
0.523251,0,0,0,0
0.525039,0,0,0,0
0.526988,0,0,0,0
0.528853,0,0,0,0
0.530406,0,0,0,0
0.531950,0,0,0,0
0.533694,0,0,0,0
0.535470,0,0,0,0
0.537390,0,0,0,0
0.538908,0,0,0,0
0.540650,0,0,0,0
0.542306,0,0,0,0
0.544082,0,0,0,0
0.545797,0,0,0,0
0.547382,0,0,0,0
0.549130,0,0,0,0
0.550736,0,0,0,0
0.552557,0,0,0,0
0.554138,0,0,0,0
0.555882,0,0,0,0
0.557670,0,0,0,0
0.559458,0,0,0,0
0.561478,0,0,0,0
0.563147,0,0,0,0
0.564851,0,0,0,0
0.566324,0,0,0,0
0.567795,0,0,0,0
0.569456,0,0,0,0
0.571164,0,0,0,0
0.573154,0,0,0,0
0.574901,0,0,0,0
0.576672,0,0,0,0
0.578481,0,0,0,0
0.580191,0,0,0,0
0.581904,0,0,0,0
0.583454,0,0,0,0
0.585282,0,0,0,0
0.587076,0,0,0,0
0.588863,0,0,0,0
0.590458,0,0,0,0
0.592002,0,0,0,0
0.593581,0,0,0,0
0.595310,0,0,0,0
0.597249,0,0,0,0
0.598895,0,0,0,0
0.600510,0,0,0,0
0.602043,0,0,0,0
0.603799,0,0,0,0
0.605592,0,0,0,0
0.607384,0,0,0,0
0.609180,0,0,0,0
0.610971,0,0,0,0
0.612762,0,0,0,0
0.614579,0,0,0,0
0.616444,0,0,0,0
0.618234,0,0,0,0
0.620052,0,0,0,0
0.621867,0,0,0,0
0.623427,0,0,0,0
0.625220,0,0,0,0
0.627031,0,0,0,0
0.628572,0,0,0,0
0.630113,0,0,0,0
0.631651,0,0,0,0
0.634833,0,0,0,0
0.636585,0,0,0,0
0.638337,0,0,0,0
0.639903,0,0,0,0
0.641511,0,0,0,0
0.643045,0,0,0,0
0.644579,0,0,0,0
0.646108,0,0,0,0
0.647671,0,0,0,0
0.649274,0,0,0,0
0.650811,0,0,0,0
0.652345,0,0,0,0
0.653884,0,0,0,0
0.655407,0,0,0,0
0.657291,0,0,0,0
0.658923,0,0,0,0
0.660696,0,0,0,0
0.662384,0,0,0,0
0.664134,0,0,0,0
0.665849,0,0,0,0
0.667436,0,0,0,0
0.669207,0,0,0,0
0.670998,0,0,0,0
0.672863,0,0,0,0
0.674437,0,0,0,0
0.676185,0,0,0,0
0.677977,0,0,0,0
0.679788,0,0,0,0
0.681581,0,0,0,0
0.683372,0,0,0,0
0.685166,0,0,0,0
0.686957,0,0,0,0
0.688823,0,0,0,0
0.690442,0,0,0,0
0.692192,0,0,0,0
0.693985,0,0,0,0
0.695778,0,0,0,0
0.697571,0,0,0,0
0.699360,0,0,0,0
0.701175,0,0,0,0
0.702966,0,0,0,0
0.704832,0,0,0,0
0.706622,0,0,0,0
0.708408,0,0,0,0
0.710199,0,0,0,0
0.712010,0,0,0,0
0.713723,0,0,0,0
0.715468,0,0,0,0
0.717042,0,0,0,0
0.718631,0,0,0,0
0.720432,0,0,0,0
0.721986,0,0,0,0
0.724152,0,0,0,0
0.725866,0,0,0,0
0.727577,0,0,0,0
0.729295,0,0,0,0
0.731007,0,0,0,0
0.732733,0,0,0,0
0.734451,0,0,0,0
0.736158,0,0,0,0
0.737682,0,0,0,0
0.739161,0,0,0,0
0.740821,0,0,0,0
0.742538,0,0,0,0
0.744088,0,0,0,0
0.745921,0,0,0,0
0.747714,0,0,0,0
0.749507,0,0,0,0
0.751300,0,0,0,0
0.753172,0,0,0,0
0.754786,0,0,0,0
0.756535,0,0,0,0
0.758325,0,0,0,0
0.760115,0,0,0,0
0.761632,0,0,0,0
0.763382,0,0,0,0
0.764990,0,0,0,0
0.766747,0,0,0,0
0.768613,0,0,0,0
0.770360,0,0,0,0
0.772109,0,0,0,0
0.773902,0,0,0,0
0.775698,0,0,0,0
0.777383,0,0,0,0
0.779080,0,0,0,0
0.780823,0,0,0,0
0.782498,0,0,0,0
0.784322,0,0,0,0
0.785932,0,0,0,0
0.787680,0,0,0,0
0.789556,0,0,0,0
0.791208,0,0,0,0
0.793030,0,0,0,0
0.794974,0,0,0,0
0.796578,0,0,0,0
0.798325,0,0,0,0
0.800111,0,0,0,0
0.801626,0,0,0,0
0.803370,0,0,0,0
0.805001,0,0,0,0
0.806576,0,0,0,0
0.808119,0,0,0,0
0.809949,0,0,0,0
0.811743,0,0,0,0
0.813537,0,0,0,0
0.815314,0,0,0,0
0.816991,0,0,0,0
0.818697,0,0,0,0
0.820330,0,0,0,0
0.821874,0,0,0,0
0.823421,0,0,0,0
0.825025,0,0,0,0
0.826634,0,0,0,0
0.828182,0,0,0,0
0.829928,0,0,0,0
0.831720,0,0,0,0
0.833514,0,0,0,0
0.835291,0,0,0,0
0.837236,0,0,0,0
0.838902,0,0,0,0
0.840648,0,0,0,0
0.842279,0,0,0,0
0.844056,0,0,0,0
0.845849,0,0,0,0
0.847640,0,0,0,0
0.849256,0,0,0,0
0.851008,0,0,0,0
0.852796,0,0,0,0
0.854593,0,0,0,0
0.856461,0,0,0,0
0.858251,0,0,0,0
0.860063,0,0,0,0
0.861857,0,0,0,0
0.863647,0,0,0,0
0.865444,0,0,0,0
0.867236,0,0,0,0
0.869024,0,0,0,0
0.870863,0,0,0,0
0.872547,0,0,0,0
0.874092,0,0,0,0
0.875629,0,0,0,0
0.877167,0,0,0,0
0.878704,0,0,0,0
0.880308,0,0,0,0
0.881875,0,0,0,0
0.883612,0,0,0,0
0.885406,0,0,0,0
0.887105,0,0,0,0
0.888850,0,0,0,0
0.890601,0,0,0,0
0.892285,0,0,0,0
0.893960,0,0,0,0
0.895645,0,0,0,0
0.897370,0,0,0,0
0.899400,0,0,0,0
0.901222,0,0,0,0
0.902929,0,0,0,0
0.904756,0,0,0,0
0.906553,0,0,0,0
0.908341,0,0,0,0
0.910133,0,0,0,0
0.911923,0,0,0,0
0.913620,0,0,0,0
0.915373,0,0,0,0
0.917166,0,0,0,0
0.918957,0,0,0,0
0.920825,0,0,0,0
0.922620,0,0,0,0
0.924429,0,0,0,0
0.926221,0,0,0,0
0.928010,0,0,0,0
0.929529,0,0,0,0
0.931278,0,0,0,0
0.933218,0,0,0,0
0.934814,0,0,0,0
0.936435,0,0,0,0
0.938182,0,0,0,0
0.939975,0,0,0,0
0.941767,0,0,0,0
0.943368,0,0,0,0
0.945019,0,0,0,0
0.946814,0,0,0,0
0.948400,0,0,0,0
0.950148,0,0,0,0
0.951941,0,0,0,0
0.953814,0,0,0,0
0.955612,0,0,0,0
0.957423,0,0,0,0
0.959068,0,0,0,0
0.960683,0,0,0,0
0.962293,0,0,0,0
0.964029,0,0,0,0
0.965638,0,0,0,0
0.967385,0,0,0,0
0.969179,0,0,0,0
0.970969,0,0,0,0
0.972755,0,0,0,0
0.974548,0,0,0,0
0.976154,0,0,0,0
0.977929,0,0,0,0
0.979714,0,0,0,0
0.981307,0,0,0,0
0.983061,0,0,0,0
0.984921,0,0,0,0
0.986738,0,0,0,0
0.988511,0,0,0,0
0.990215,0,0,0,0
0.991921,0,0,0,0
0.993696,0,0,0,0
0.995399,0,0,0,0
0.997202,0,0,0,0
0.998720,0,0,0,0
1.000253,0,0,0,0
1.001918,0,0,0,0
1.003630,0,0,0,0
1.005345,0,0,0,0
1.007055,0,0,0,0
1.008661,0,0,0,0
1.010330,0,0,0,0
1.012051,0,0,0,0
1.013765,0,0,0,0
1.015534,0,0,0,0
1.017425,0,0,0,0
1.019690,0,0,0,0
1.021327,0,0,0,0
1.023029,0,0,0,0
1.024639,0,0,0,0
1.026391,0,0,0,0
1.027917,0,0,0,0
1.029478,0,0,0,0
1.031308,0,0,0,0
1.032899,0,0,0,0
1.034465,0,0,0,0
1.036005,0,0,0,0
1.037543,0,0,0,0
1.039078,0,0,0,0
1.040624,0,0,0,0
1.042282,0,0,0,0
1.044023,0,0,0,0
1.045818,0,0,0,0
1.047414,0,0,0,0
1.049169,0,0,0,0
1.050984,0,0,0,0
1.052773,0,0,0,0
1.054573,0,0,0,0
1.056440,0,0,0,0
1.058406,0,0,0,0
1.061021,0,0,0,0
1.062930,0,0,0,0
1.064567,0,0,0,0
1.066112,0,0,0,0
1.067651,0,0,0,0
1.069188,0,0,0,0
1.070714,0,0,0,0
1.072517,0,0,0,0
1.074130,0,0,0,0
1.075869,0,0,0,0
1.077456,0,0,0,0
1.079481,0,0,0,0
1.081331,0,0,0,0
1.083217,0,0,0,0
1.085025,0,0,0,0
1.086762,0,0,0,0
1.088568,0,0,0,0
1.090436,0,0,0,0
1.092229,0,0,0,0
1.094023,0,0,0,0
1.095836,0,0,0,0
1.097629,0,0,0,0
1.099422,0,0,0,0
1.101212,0,0,0,0
1.102989,0,0,0,0
1.104842,0,0,0,0
1.106491,0,0,0,0
1.108036,0,0,0,0
1.109577,0,0,0,0
1.111113,0,0,0,0
1.112716,0,0,0,0
1.114389,0,0,0,0
1.116129,0,0,0,0
1.117941,0,0,0,0
1.119735,0,0,0,0
1.121529,0,0,0,0
1.123322,0,0,0,0
1.125116,0,0,0,0
1.126908,0,0,0,0
1.128597,0,0,0,0
1.130144,0,0,0,0
1.131890,0,0,0,0
1.133685,0,0,0,0
1.135462,0,0,0,0
1.137383,0,0,0,0
1.139015,0,0,0,0
1.140531,0,0,0,0
1.142104,0,0,0,0
1.143884,0,0,0,0
1.145583,0,0,0,0
1.147294,0,0,0,0
1.148948,0,0,0,0
1.150535,0,0,0,0
1.152077,0,0,0,0
1.153696,0,0,0,0
1.155234,0,0,0,0
1.156781,0,0,0,0
1.158682,0,0,0,0
1.160290,0,0,0,0
1.161967,0,0,0,0
1.163485,0,0,0,0
1.165286,0,0,0,0
1.166917,0,0,0,0
1.168520,0,0,0,0
1.170149,0,0,0,0
1.171676,0,0,0,0
1.173339,0,0,0,0
1.174866,0,0,0,0
1.176671,0,0,0,0
1.178655,0,0,0,0
1.180432,0,0,0,0
1.182012,0,0,0,0
1.183763,0,0,0,0
1.185346,0,0,0,0
1.187097,0,0,0,0
1.188889,0,0,0,0
1.190690,0,0,0,0
1.192562,0,0,0,0
1.194299,0,0,0,0
1.196039,0,0,0,0
1.197620,0,0,0,0
1.199296,0,0,0,0
1.201245,0,0,0,0
1.203057,0,0,0,0
1.204718,0,0,0,0
1.206614,0,0,0,0
1.208479,0,0,0,0
1.210270,0,0,0,0
1.211866,0,0,0,0
1.213625,0,0,0,0
1.215236,0,0,0,0
1.217214,0,0,0,0
1.218759,0,0,0,0
1.220305,0,0,0,0
1.222050,0,0,0,0
1.223660,0,0,0,0
1.225439,0,0,0,0
1.227232,0,0,0,0
1.229022,0,0,0,0
1.230614,0,0,0,0
1.232512,0,0,0,0
1.234064,0,0,0,0
1.235630,0,0,0,0
1.237517,0,0,0,0
1.239140,0,0,0,0
1.240744,0,0,0,0
1.242355,0,0,0,0
1.243883,0,0,0,0
1.245406,0,0,0,0
1.247147,0,0,0,0
1.249002,0,0,0,0
1.250873,0,0,0,0
1.252461,0,0,0,0
1.254210,0,0,0,0
1.255989,0,0,0,0
1.257765,0,0,0,0
1.259452,0,0,0,0
1.261258,0,0,0,0
1.262891,0,0,0,0
1.264713,0,0,0,0
1.266469,0,0,0,0
1.268227,0,0,0,0
1.270018,0,0,0,0
1.271808,0,0,0,0
1.273597,0,0,0,0
1.275387,0,0,0,0
1.277178,0,0,0,0
1.278788,0,0,0,0
1.280611,0,0,0,0
1.282556,0,0,0,0
1.284344,0,0,0,0
1.286134,0,0,0,0
1.287924,0,0,0,0
1.289819,0,0,0,0
1.291608,0,0,0,0
1.293400,0,0,0,0
1.295189,0,0,0,0
1.297205,0,0,0,0
1.298789,0,0,0,0
1.300350,0,0,0,0
1.302094,0,0,0,0
1.303879,0,0,0,0
1.305616,0,0,0,0
1.307166,0,0,0,0
1.308909,0,0,0,0
1.310732,0,0,0,0
1.312602,0,0,0,0
1.314534,0,0,0,0
1.316309,0,0,0,0
1.318014,0,0,0,0
1.319642,0,0,0,0
1.321276,0,0,0,0
1.323029,0,0,0,0
1.324618,0,0,0,0
1.326505,0,0,0,0
1.328362,0,0,0,0
1.329946,0,0,0,0
1.331624,0,0,0,0
1.333379,0,0,0,0
1.335171,0,0,0,0
1.337035,0,0,0,0
1.338855,0,0,0,0
1.340394,0,0,0,0
1.341947,0,0,0,0
1.343685,0,0,0,0
1.345477,0,0,0,0
1.347265,0,0,0,0
1.349210,0,0,0,0
1.351013,0,0,0,0
1.352895,0,0,0,0
1.354689,0,0,0,0
1.356448,0,0,0,0
1.358173,0,0,0,0
1.359797,0,0,0,0
1.361390,0,0,0,0
1.362933,0,0,0,0
1.364656,0,0,0,0
1.366534,0,0,0,0
1.369532,0,0,0,0
1.372503,0,0,0,0
1.374115,0,0,0,0
1.375686,0,0,0,0
1.377467,0,0,0,0
1.379130,0,0,0,0
1.380639,0,0,0,0
1.382257,0,0,0,0
1.383747,0,0,0,0
1.385399,0,0,0,0
1.386944,0,0,0,0
1.388472,0,0,0,0
1.390114,0,0,0,0
1.391658,0,0,0,0
1.393296,0,0,0,0
1.394823,0,0,0,0
1.396363,0,0,0,0
1.397888,0,0,0,0
1.399592,0,0,0,0
1.401276,0,0,0,0
1.403017,0,0,0,0
1.404595,0,0,0,0
1.406131,0,0,0,0
1.407890,0,0,0,0
1.409763,0,0,0,0
1.411553,0,0,0,0
1.413344,0,0,0,0
1.415134,0,0,0,0
1.416999,0,0,0,0
1.418741,0,0,0,0
1.420281,0,0,0,0
1.422022,0,0,0,0
1.423633,0,0,0,0
1.425394,0,0,0,0
1.427186,0,0,0,0
1.428794,0,0,0,0
1.430546,0,0,0,0
1.432352,0,0,0,0
1.434522,0,0,0,0
1.436259,0,0,0,0
1.437840,0,0,0,0
1.439410,0,0,0,0
1.441463,0,0,0,0
1.443120,0,0,0,0
1.444665,0,0,0,0
1.446283,0,0,0,0
1.447819,0,0,0,0
1.449357,0,0,0,0
1.450905,0,0,0,0
1.452670,0,0,0,0
1.454399,0,0,0,0
1.455978,0,0,0,0
1.457597,0,0,0,0
1.459135,0,0,0,0
1.460670,0,0,0,0
1.462542,0,0,0,0
1.464280,0,0,0,0
1.465822,0,0,0,0
1.467357,0,0,0,0
1.468892,0,0,0,0
1.470496,0,0,0,0
1.472314,0,0,0,0
1.473933,0,0,0,0
1.475684,0,0,0,0
1.477476,0,0,0,0
1.479269,0,0,0,0
1.481140,0,0,0,0
1.482932,0,0,0,0
1.484738,0,0,0,0
1.486536,0,0,0,0
1.488405,0,0,0,0
1.490197,0,0,0,0
1.491987,0,0,0,0
1.493785,0,0,0,0
1.495397,0,0,0,0
1.497151,0,0,0,0
1.499551,0,0,0,0
1.501502,0,0,0,0
1.503232,0,0,0,0
1.504789,0,0,0,0
1.506351,0,0,0,0
1.507889,0,0,0,0
1.509427,0,0,0,0
1.510962,0,0,0,0
1.512566,0,0,0,0
1.514100,0,0,0,0
1.515840,0,0,0,0
1.517455,0,0,0,0
1.519193,0,0,0,0
1.521045,0,0,0,0
1.523005,0,0,0,0
1.524795,0,0,0,0
1.526591,0,0,0,0
1.528478,0,0,0,0
1.530272,0,0,0,0
1.532065,0,0,0,0
1.533860,0,0,0,0
1.535651,0,0,0,0
1.537448,0,0,0,0
1.539062,0,0,0,0
1.540810,0,0,0,0
1.542609,0,0,0,0
1.544476,0,0,0,0
1.546268,0,0,0,0
1.548059,0,0,0,0
1.549874,0,0,0,0
1.551669,0,0,0,0
1.553465,0,0,0,0
1.555243,0,0,0,0
1.557018,0,0,0,0
1.558803,0,0,0,0
1.560621,0,0,0,0
1.562223,0,0,0,0
1.563966,0,0,0,0
1.565760,0,0,0,0
1.567552,0,0,0,0
1.569350,0,0,0,0
1.571162,0,0,0,0
1.572952,0,0,0,0
1.574752,0,0,0,0
1.576620,0,0,0,0
1.578550,0,0,0,0
1.580336,0,0,0,0
1.581950,0,0,0,0
1.583688,0,0,0,0
1.585335,0,0,0,0
1.587088,0,0,0,0
1.588879,0,0,0,0
1.590678,0,0,0,0
1.592564,0,0,0,0
1.594152,0,0,0,0
1.595901,0,0,0,0
1.597695,0,0,0,0
1.599488,0,0,0,0
1.601285,0,0,0,0
1.602898,0,0,0,0
1.605464,0,0,0,0
1.607163,0,0,0,0
1.608823,0,0,0,0
1.610372,0,0,0,0
1.611911,0,0,0,0
1.613467,0,0,0,0
1.614996,0,0,0,0
1.616522,0,0,0,0
1.618187,0,0,0,0
1.619865,0,0,0,0
1.621706,0,0,0,0
1.623684,0,0,0,0
1.625980,0,0,0,0
1.627547,0,0,0,0
1.629254,0,0,0,0
1.630784,0,0,0,0
1.632382,0,0,0,0
1.634021,0,0,0,0
1.635760,0,0,0,0
1.637572,0,0,0,0
1.639364,0,0,0,0
1.641157,0,0,0,0
1.642947,0,0,0,0
1.644732,0,0,0,0
1.646527,0,0,0,0
1.648134,0,0,0,0
1.649968,0,0,0,0
1.651758,0,0,0,0
1.653549,0,0,0,0
1.655339,0,0,0,0
1.657134,0,0,0,0
1.658944,0,0,0,0
1.660729,0,0,0,0
1.662522,0,0,0,0
1.664381,0,0,0,0
1.666170,0,0,0,0
1.667958,0,0,0,0
1.670348,0,0,0,0
1.672102,0,0,0,0
1.673974,0,0,0,0
1.675753,0,0,0,0
1.677859,0,0,0,0
1.679678,0,0,0,0
1.681226,0,0,0,0
1.682760,0,0,0,0
1.684298,0,0,0,0
1.685837,0,0,0,0
1.687372,0,0,0,0
1.688907,0,0,0,0
1.690460,0,0,0,0
1.692201,0,0,0,0
1.693995,0,0,0,0
1.695788,0,0,0,0
1.697582,0,0,0,0
1.699372,0,0,0,0
1.701187,0,0,0,0
1.702975,0,0,0,0
1.704843,0,0,0,0
1.706442,0,0,0,0
1.707986,0,0,0,0
1.709732,0,0,0,0
1.711344,0,0,0,0
1.713177,0,0,0,0
1.714970,0,0,0,0
1.716759,0,0,0,0
1.718556,0,0,0,0
1.720425,0,0,0,0
1.722237,0,0,0,0
1.724030,0,0,0,0
1.725824,0,0,0,0
1.727617,0,0,0,0
1.729414,0,0,0,0
1.731206,0,0,0,0
1.732814,0,0,0,0
1.734563,0,0,0,0
1.736415,0,0,0,0
1.738110,0,0,0,0
1.739943,0,0,0,0
1.741775,0,0,0,0
1.743567,0,0,0,0
1.745364,0,0,0,0
1.747156,0,0,0,0
1.748943,0,0,0,0
1.750740,0,0,0,0
1.752604,0,0,0,0
1.754341,0,0,0,0
1.756090,0,0,0,0
1.757884,0,0,0,0
1.759697,0,0,0,0
1.761332,0,0,0,0
1.762884,0,0,0,0
1.764644,0,0,0,0
1.766579,0,0,0,0
1.768443,0,0,0,0
1.770232,0,0,0,0
1.772018,0,0,0,0
1.773810,0,0,0,0
1.775422,0,0,0,0
1.777176,0,0,0,0
1.778966,0,0,0,0
1.780753,0,0,0,0
1.782547,0,0,0,0
1.784407,0,0,0,0
1.786218,0,0,0,0
1.788007,0,0,0,0
1.789603,0,0,0,0
1.791359,0,0,0,0
1.793157,0,0,0,0
1.794934,0,0,0,0
1.796534,0,0,0,0
1.798247,0,0,0,0
1.799872,0,0,0,0
1.801725,0,0,0,0
1.803521,0,0,0,0
1.805117,0,0,0,0
1.806881,0,0,0,0
1.808701,0,0,0,0
1.810434,0,0,0,0
1.811976,0,0,0,0
1.813722,0,0,0,0
1.815513,0,0,0,0
1.817130,0,0,0,0
1.818883,0,0,0,0
1.820674,0,0,0,0
1.822622,0,0,0,0
1.824490,0,0,0,0
1.826113,0,0,0,0
1.827809,0,0,0,0
1.829523,0,0,0,0
1.831236,0,0,0,0
1.833225,0,0,0,0
1.834982,0,0,0,0
1.836708,0,0,0,0
1.838403,0,0,0,0
1.840136,0,0,0,0
1.841732,0,0,0,0
1.843527,0,0,0,0
1.845322,0,0,0,0
1.847116,0,0,0,0
1.849003,0,0,0,0
1.850610,0,0,0,0
1.852358,0,0,0,0
1.854150,0,0,0,0
1.855926,0,0,0,0
1.857589,0,0,0,0
1.859361,0,0,0,0
1.861118,0,0,0,0
1.862649,0,0,0,0
1.864476,0,0,0,0
1.866267,0,0,0,0
1.868059,0,0,0,0
1.869872,0,0,0,0
1.871663,0,0,0,0
1.873459,0,0,0,0
1.875250,0,0,0,0
1.877040,0,0,0,0
1.878825,0,0,0,0
1.880664,0,0,0,0
1.882540,0,0,0,0
1.884330,0,0,0,0
1.886119,0,0,0,0
1.887911,0,0,0,0
1.889783,0,0,0,0
1.891390,0,0,0,0
1.893144,0,0,0,0
1.894936,0,0,0,0
1.896807,0,0,0,0
1.898608,0,0,0,0
1.900397,0,0,0,0
1.902006,0,0,0,0
1.903757,0,0,0,0
1.905553,0,0,0,0
1.907348,0,0,0,0
1.909143,0,0,0,0
1.910935,0,0,0,0
1.912823,0,0,0,0
1.914614,0,0,0,0
1.916390,0,0,0,0
1.918161,0,0,0,0
1.919788,0,0,0,0
1.921641,0,0,0,0
1.923280,0,0,0,0
1.924822,0,0,0,0
1.926568,0,0,0,0
1.928432,0,0,0,0
1.930222,0,0,0,0
1.932012,0,0,0,0
1.933825,0,0,0,0
1.935613,0,0,0,0
1.937408,0,0,0,0
1.939198,0,0,0,0
1.940982,0,0,0,0
1.942582,0,0,0,0
1.944466,0,0,0,0
1.946265,0,0,0,0
1.948059,0,0,0,0
1.949853,0,0,0,0
1.951646,0,0,0,0
1.953442,0,0,0,0
1.955257,0,0,0,0
1.957046,0,0,0,0
1.958871,0,0,0,0
1.960697,0,0,0,0
1.962575,0,0,0,0
1.964363,0,0,0,0
1.965969,0,0,0,0
1.967719,0,0,0,0
1.969516,0,0,0,0
1.971310,0,0,0,0
1.973107,0,0,0,0
1.974885,0,0,0,0
1.976757,0,0,0,0
1.978516,0,0,0,0
1.980050,0,0,0,0
1.981669,0,0,0,0
1.983435,0,0,0,0
1.985022,0,0,0,0
1.986840,0,0,0,0
1.988426,0,0,0,0
1.990177,0,0,0,0
1.991967,0,0,0,0
1.993837,0,0,0,0
1.995625,0,0,0,0
1.997342,0,0,0,0
1.998890,0,0,0,0
2.000708,0,0,0,0
2.002440,0,0,0,0
2.004186,0,0,0,0
2.005977,0,0,0,0
2.007588,0,0,0,0
2.009342,0,0,0,0
2.011132,0,0,0,0
2.012917,0,0,0,0
2.014713,0,0,0,0
2.016576,0,0,0,0
2.018511,0,0,0,0
2.020332,0,0,0,0
2.022331,0,0,0,0
2.023902,0,0,0,0
2.025517,0,0,0,0
2.027043,0,0,0,0
2.028598,0,0,0,0
2.030127,0,0,0,0
2.031655,0,0,0,0
2.033379,0,0,0,0
2.034906,0,0,0,0
2.036631,0,0,0,0
2.038351,0,0,0,0
2.040132,0,0,0,0
2.041768,0,0,0,0
2.043413,0,0,0,0
2.044965,0,0,0,0
2.046572,0,0,0,0
2.048112,0,0,0,0
2.049721,0,0,0,0
2.051264,0,0,0,0
2.053005,0,0,0,0
2.054607,0,0,0,0
2.056430,0,0,0,0
2.058223,0,0,0,0
2.060018,0,0,0,0
2.061831,0,0,0,0
2.063624,0,0,0,0
2.065418,0,0,0,0
2.067212,0,0,0,0
2.068999,0,0,0,0
2.070644,0,0,0,0
2.072481,0,0,0,0
2.074274,0,0,0,0
2.076096,0,0,0,0
2.077895,0,0,0,0
2.079686,0,0,0,0
2.081508,0,0,0,0
2.083154,0,0,0,0
2.084698,0,0,0,0
2.086373,0,0,0,0
2.087917,0,0,0,0
2.089540,0,0,0,0
2.091078,0,0,0,0
2.092819,0,0,0,0
2.094436,0,0,0,0
2.096172,0,0,0,0
2.097812,0,0,0,0
2.099479,0,0,0,0
2.101140,0,0,0,0
2.102992,0,0,0,0
2.104679,0,0,0,0
2.106565,0,0,0,0
2.108356,0,0,0,0
2.110149,0,0,0,0
2.111943,0,0,0,0
2.113815,0,0,0,0
2.115430,0,0,0,0
2.117185,0,0,0,0
2.118978,0,0,0,0
2.120847,0,0,0,0
2.122445,0,0,0,0
2.123988,0,0,0,0
2.125749,0,0,0,0
2.127544,0,0,0,0
2.129341,0,0,0,0
2.131135,0,0,0,0
2.132926,0,0,0,0
2.134727,0,0,0,0
2.136413,0,0,0,0
2.138169,0,0,0,0
2.139967,0,0,0,0
2.141762,0,0,0,0
2.143554,0,0,0,0
2.145351,0,0,0,0
2.147164,0,0,0,0
2.148955,0,0,0,0
2.150754,0,0,0,0
2.152622,0,0,0,0
2.154348,0,0,0,0
2.156081,0,0,0,0
2.157683,0,0,0,0
2.159304,0,0,0,0
2.161160,0,0,0,0
2.162857,0,0,0,0
2.164402,0,0,0,0
2.165941,0,0,0,0
2.167476,0,0,0,0
2.169097,0,0,0,0
2.170632,0,0,0,0
2.172370,0,0,0,0
2.174161,0,0,0,0
2.175949,0,0,0,0
2.177823,0,0,0,0
2.179434,0,0,0,0
2.181186,0,0,0,0
2.182976,0,0,0,0
2.184843,0,0,0,0
2.186437,0,0,0,0
2.187976,0,0,0,0
2.189736,0,0,0,0
2.191523,0,0,0,0
2.193318,0,0,0,0
2.195108,0,0,0,0
2.196896,0,0,0,0
2.198693,0,0,0,0
2.200380,0,0,0,0
2.202131,0,0,0,0
2.203923,0,0,0,0
2.205715,0,0,0,0
2.207505,0,0,0,0
2.209299,0,0,0,0
2.211104,0,0,0,0
2.212723,0,0,0,0
2.214419,0,0,0,0
2.216145,0,0,0,0
2.217982,0,0,0,0
2.219605,0,0,0,0
2.221476,0,0,0,0
2.223304,0,0,0,0
2.224888,0,0,0,0
2.226989,0,0,0,0
2.228814,0,0,0,0
2.230606,0,0,0,0
2.232487,0,0,0,0
2.234525,0,0,0,0
2.236317,0,0,0,0
2.238111,0,0,0,0
2.239904,0,0,0,0
2.241780,0,0,0,0
2.243392,0,0,0,0
2.245149,0,0,0,0
2.246944,0,0,0,0
2.248810,0,0,0,0
2.250607,0,0,0,0
2.252396,0,0,0,0
2.254208,0,0,0,0
2.256003,0,0,0,0
2.257879,0,0,0,0
2.259671,0,0,0,0
2.261466,0,0,0,0
2.263259,0,0,0,0
2.264950,0,0,0,0
2.266710,0,0,0,0
2.268500,0,0,0,0
2.270295,0,0,0,0
2.272088,0,0,0,0
2.273765,0,0,0,0
2.275424,0,0,0,0
2.276952,0,0,0,0
2.278595,0,0,0,0
2.280131,0,0,0,0
2.282182,0,0,0,0
2.283875,0,0,0,0
2.285696,0,0,0,0
2.287228,0,0,0,0
2.288764,0,0,0,0
2.290454,0,0,0,0
2.291937,0,0,0,0
2.293586,0,0,0,0
2.295070,0,0,0,0
2.296611,0,0,0,0
2.298072,0,0,0,0
2.299734,0,0,0,0
2.301314,0,0,0,0
2.302797,0,0,0,0
2.304336,0,0,0,0
2.305811,0,0,0,0
2.307339,0,0,0,0
2.308980,0,0,0,0
2.310518,0,0,0,0
2.312002,0,0,0,0
2.313786,0,0,0,0
2.315568,0,0,0,0
2.317585,0,0,0,0
2.319124,0,0,0,0
2.320719,0,0,0,0
2.322402,0,0,0,0
2.323887,0,0,0,0
2.325511,0,0,0,0
2.326986,0,0,0,0
2.328693,0,0,0,0
2.330565,0,0,0,0
2.332697,0,0,0,0
2.334508,0,0,0,0
2.335966,0,0,0,0
2.337551,0,0,0,0
2.339072,0,0,0,0
2.340489,0,0,0,0
2.341915,0,0,0,0
2.343383,0,0,0,0
2.344916,0,0,0,0
2.346434,0,0,0,0
2.348000,0,0,0,0
2.349527,0,0,0,0
2.351057,0,0,0,0
2.352511,0,0,0,0
2.354012,0,0,0,0
2.355517,0,0,0,0
2.357015,0,0,0,0
2.358555,0,0,0,0
2.360070,0,0,0,0
2.361862,0,0,0,0
2.363883,0,0,0,0
2.365499,0,0,0,0
2.369227,0,0,0,0
2.370841,0,0,0,0
2.372297,0,0,0,0
2.373817,0,0,0,0
2.375533,0,0,0,0
2.377079,0,0,0,0
2.378793,0,0,0,0
2.380374,0,0,0,0
2.381972,0,0,0,0
2.383536,0,0,0,0
2.385048,0,0,0,0
2.386874,0,0,0,0
2.388358,0,0,0,0
2.389843,0,0,0,0
2.391326,0,0,0,0
2.392902,0,0,0,0
2.394491,0,0,0,0
2.396025,0,0,0,0
2.397562,0,0,0,0
2.399096,0,0,0,0
2.400694,0,0,0,0
2.402277,0,0,0,0
2.403755,0,0,0,0
2.405225,0,0,0,0
2.406692,0,0,0,0
2.408156,0,0,0,0
2.409679,0,0,0,0
2.411147,0,0,0,0
2.412802,0,0,0,0
2.414352,0,0,0,0
2.416013,0,0,0,0
2.417791,0,0,0,0
2.419500,0,0,0,0
2.421210,0,0,0,0
2.422694,0,0,0,0
2.424366,0,0,0,0
2.425853,0,0,0,0
2.427491,0,0,0,0
2.429068,0,0,0,0
2.430602,0,0,0,0
2.432407,0,0,0,0
2.434199,0,0,0,0
2.436357,0,0,0,0
2.437896,0,0,0,0
2.439428,0,0,0,0
2.441022,0,0,0,0
2.442791,0,0,0,0
2.444325,0,0,0,0
2.446064,0,0,0,0
2.447871,0,0,0,0
2.449747,0,0,0,0
2.451539,0,0,0,0
2.453333,0,0,0,0
2.455193,0,0,0,0
2.457238,0,0,0,0
2.458842,0,0,0,0
2.460589,0,0,0,0
2.462450,0,0,0,0
2.464316,0,0,0,0
2.466108,0,0,0,0
2.467898,0,0,0,0
2.469711,0,0,0,0
2.471503,0,0,0,0
2.473297,0,0,0,0
2.475089,0,0,0,0
2.476877,0,0,0,0
2.478662,0,0,0,0
2.480337,0,0,0,0
2.482393,0,0,0,0
2.484092,0,0,0,0
2.485710,0,0,0,0
2.487272,0,0,0,0
2.488880,0,0,0,0
2.490404,0,0,0,0
2.492083,0,0,0,0
2.494663,0,0,0,0
2.496265,0,0,0,0
2.497804,0,0,0,0
2.499343,0,0,0,0
2.500891,0,0,0,0
2.502515,0,0,0,0
2.504049,0,0,0,0
2.505859,0,0,0,0
2.507648,0,0,0,0
2.509443,0,0,0,0
2.511256,0,0,0,0
2.513130,0,0,0,0
2.514922,0,0,0,0
2.516712,0,0,0,0
2.518661,0,0,0,0
2.520529,0,0,0,0
2.522138,0,0,0,0
2.523887,0,0,0,0
2.525681,0,0,0,0
2.527476,0,0,0,0
2.529273,0,0,0,0
2.531053,0,0,0,0
2.532846,0,0,0,0
2.534453,0,0,0,0
2.535996,0,0,0,0
2.537821,0,0,0,0
2.539600,0,0,0,0
2.541421,0,0,0,0
2.543078,0,0,0,0
2.544916,0,0,0,0
2.546573,0,0,0,0
2.548322,0,0,0,0
2.550115,0,0,0,0
2.551909,0,0,0,0
2.553804,0,0,0,0
2.555596,0,0,0,0
2.557390,0,0,0,0
2.559180,0,0,0,0
2.561049,0,0,0,0
2.562786,0,0,0,0
2.564347,0,0,0,0
2.566093,0,0,0,0
2.567885,0,0,0,0
2.569759,0,0,0,0
2.571549,0,0,0,0
2.573345,0,0,0,0
2.575157,0,0,0,0
2.577024,0,0,0,0
2.578634,0,0,0,0
2.580381,0,0,0,0
2.582173,0,0,0,0
2.583964,0,0,0,0
2.585662,0,0,0,0
2.587414,0,0,0,0
2.589207,0,0,0,0
2.590999,0,0,0,0
2.592868,0,0,0,0
2.594464,0,0,0,0
2.596023,0,0,0,0
2.597772,0,0,0,0
2.599551,0,0,0,0
2.601620,0,0,0,0
2.603356,0,0,0,0
2.605110,0,0,0,0
2.606778,0,0,0,0
2.608391,0,0,0,0
2.610126,0,0,0,0
2.611913,0,0,0,0
2.613707,0,0,0,0
2.615496,0,0,0,0
2.617108,0,0,0,0
2.618852,0,0,0,0
2.620638,0,0,0,0
2.622576,0,0,0,0
2.624440,0,0,0,0
2.626227,0,0,0,0
2.628139,0,0,0,0
2.629927,0,0,0,0
2.631722,0,0,0,0
2.633517,0,0,0,0
2.635310,0,0,0,0
2.637105,0,0,0,0
2.638917,0,0,0,0
2.640786,0,0,0,0
2.642585,0,0,0,0
2.644377,0,0,0,0
2.646169,0,0,0,0
2.647960,0,0,0,0
2.649661,0,0,0,0
2.651413,0,0,0,0
2.653208,0,0,0,0
2.655001,0,0,0,0
2.656868,0,0,0,0
2.658448,0,0,0,0
2.659998,0,0,0,0
2.661530,0,0,0,0
2.663462,0,0,0,0
2.665321,0,0,0,0
2.667213,0,0,0,0
2.669001,0,0,0,0
2.670684,0,0,0,0
2.672307,0,0,0,0
2.674054,0,0,0,0
2.675848,0,0,0,0
2.677643,0,0,0,0
2.679435,0,0,0,0
2.681048,0,0,0,0
2.682943,0,0,0,0
2.684732,0,0,0,0
2.686531,0,0,0,0
2.688398,0,0,0,0
2.690191,0,0,0,0
2.691805,0,0,0,0
2.693560,0,0,0,0
2.695352,0,0,0,0
2.697150,0,0,0,0
2.698944,0,0,0,0
2.700736,0,0,0,0
2.702555,0,0,0,0
2.704424,0,0,0,0
2.706214,0,0,0,0
2.708005,0,0,0,0
2.709801,0,0,0,0
2.711593,0,0,0,0
2.713211,0,0,0,0
2.714964,0,0,0,0
2.716752,0,0,0,0
2.718541,0,0,0,0
2.720394,0,0,0,0
2.722161,0,0,0,0
2.723806,0,0,0,0
2.725662,0,0,0,0
2.727469,0,0,0,0
2.729166,0,0,0,0
2.730956,0,0,0,0
2.732745,0,0,0,0
2.734364,0,0,0,0
2.736114,0,0,0,0
2.737988,0,0,0,0
2.739780,0,0,0,0
2.741575,0,0,0,0
2.743367,0,0,0,0
2.744979,0,0,0,0
2.746735,0,0,0,0
2.748525,0,0,0,0
2.750318,0,0,0,0
2.752111,0,0,0,0
2.753986,0,0,0,0
2.755601,0,0,0,0
2.757356,0,0,0,0
2.759147,0,0,0,0
2.761016,0,0,0,0
2.762749,0,0,0,0
2.764293,0,0,0,0
2.766049,0,0,0,0
2.767827,0,0,0,0
2.769537,0,0,0,0
2.771216,0,0,0,0
2.772882,0,0,0,0
2.774626,0,0,0,0
2.776369,0,0,0,0
2.778045,0,0,0,0
2.779802,0,0,0,0
2.781386,0,0,0,0
2.783070,0,0,0,0
2.784942,0,0,0,0
2.786660,0,0,0,0
2.788408,0,0,0,0
2.790001,0,0,0,0
2.791751,0,0,0,0
2.793544,0,0,0,0
2.795333,0,0,0,0
2.796942,0,0,0,0
2.798695,0,0,0,0
2.800561,0,0,0,0
2.802147,0,0,0,0
2.803890,0,0,0,0
2.805703,0,0,0,0
2.807387,0,0,0,0
2.809010,0,0,0,0
2.810560,0,0,0,0
2.812295,0,0,0,0
2.814078,0,0,0,0
2.815861,0,0,0,0
2.817555,0,0,0,0
2.819301,0,0,0,0
2.821243,0,0,0,0
2.823046,0,0,0,0
2.824906,0,0,0,0
2.826695,0,0,0,0
2.828452,0,0,0,0
2.830171,0,0,0,0
2.831971,0,0,0,0
2.833761,0,0,0,0
2.835351,0,0,0,0
2.837104,0,0,0,0
2.838708,0,0,0,0
2.840519,0,0,0,0
2.842276,0,0,0,0
2.843904,0,0,0,0
2.845764,0,0,0,0
2.847592,0,0,0,0
2.849209,0,0,0,0
2.850960,0,0,0,0
2.852751,0,0,0,0
2.854549,0,0,0,0
2.856416,0,0,0,0
2.858211,0,0,0,0
2.859823,0,0,0,0
2.861579,0,0,0,0
2.863358,0,0,0,0
2.865319,0,0,0,0
2.867010,0,0,0,0
2.868599,0,0,0,0
2.870233,0,0,0,0
2.872139,0,0,0,0
2.873835,0,0,0,0
2.875400,0,0,0,0
2.876941,0,0,0,0
2.878515,0,0,0,0
2.880041,0,0,0,0
2.881716,0,0,0,0
2.883245,0,0,0,0
2.884769,0,0,0,0
2.886621,0,0,0,0
2.888487,0,0,0,0
2.890283,0,0,0,0
2.892094,0,0,0,0
2.893888,0,0,0,0
2.895678,0,0,0,0
2.897473,0,0,0,0
2.899106,0,0,0,0
2.900845,0,0,0,0
2.902476,0,0,0,0
2.904105,0,0,0,0
2.906183,0,0,0,0
2.907767,0,0,0,0
2.909325,0,0,0,0
2.910861,0,0,0,0
2.912475,0,0,0,0
2.914030,0,0,0,0
2.915565,0,0,0,0
2.917311,0,0,0,0
2.919102,0,0,0,0
2.920968,0,0,0,0
2.922766,0,0,0,0
2.924377,0,0,0,0
2.926128,0,0,0,0
2.927919,0,0,0,0
2.929794,0,0,0,0
2.931584,0,0,0,0
2.933378,0,0,0,0
2.935188,0,0,0,0
2.937208,0,0,0,0
2.938747,0,0,0,0
2.940292,0,0,0,0
2.942037,0,0,0,0
2.943632,0,0,0,0
2.945210,0,0,0,0
2.946955,0,0,0,0
2.948745,0,0,0,0
2.950541,0,0,0,0
2.952411,0,0,0,0
2.954033,0,0,0,0
2.955839,0,0,0,0
2.957637,0,0,0,0
2.959416,0,0,0,0
2.961337,0,0,0,0
2.962985,0,0,0,0
2.964521,0,0,0,0
2.966070,0,0,0,0
2.967812,0,0,0,0
2.969605,0,0,0,0
2.971396,0,0,0,0
2.973191,0,0,0,0
2.974981,0,0,0,0
2.976868,0,0,0,0
2.978447,0,0,0,0
2.980192,0,0,0,0
2.981784,0,0,0,0
2.983534,0,0,0,0
2.985326,0,0,0,0
2.986937,0,0,0,0
2.988683,0,0,0,0
2.990627,0,0,0,0
2.992494,0,0,0,0
2.994283,0,0,0,0
2.996329,0,0,0,0
2.998142,0,0,0,0
2.999935,0,0,0,0
3.001808,0,0,0,0
3.003603,0,0,0,0
3.005396,0,0,0,0
3.007189,0,0,0,0
3.008880,0,0,0,0
3.010492,0,0,0,0
3.012031,0,0,0,0
3.013778,0,0,0,0
3.015572,0,0,0,0
3.017369,0,0,0,0
3.019167,0,0,0,0
3.020941,0,0,0,0
3.023106,0,0,0,0
3.024745,0,0,0,0
3.026483,0,0,0,0
3.028007,0,0,0,0
3.029703,0,0,0,0
3.031282,0,0,0,0
3.032885,0,0,0,0
3.034494,0,0,0,0
3.036028,0,0,0,0
3.037565,0,0,0,0
3.039100,0,0,0,0
3.040934,0,0,0,0
3.042733,0,0,0,0
3.044527,0,0,0,0
3.046109,0,0,0,0
3.047651,0,0,0,0
3.049696,0,0,0,0
3.051335,0,0,0,0
3.052857,0,0,0,0
3.054455,0,0,0,0
3.055984,0,0,0,0
3.057609,0,0,0,0
3.059359,0,0,0,0
3.061554,0,0,0,0
3.063222,0,0,0,0
3.064813,0,0,0,0
3.066349,0,0,0,0
3.067874,0,0,0,0
3.069409,0,0,0,0
3.070934,0,0,0,0
3.072527,0,0,0,0
3.074070,0,0,0,0
3.075604,0,0,0,0
3.077258,0,0,0,0
3.078785,0,0,0,0
3.080373,0,0,0,0
3.081979,0,0,0,0
3.083597,0,0,0,0
3.085600,0,0,0,0
3.087437,0,0,0,0
3.089435,0,0,0,0
3.091505,0,0,0,0
3.093359,0,0,0,0
3.094952,0,0,0,0
3.096597,0,0,0,0
3.098135,0,0,0,0
3.099669,0,0,0,0
3.101206,0,0,0,0
3.102738,0,0,0,0
3.104336,0,0,0,0
3.106074,0,0,0,0
3.107832,0,0,0,0
3.109465,0,0,0,0
3.110993,0,0,0,0
3.112717,0,0,0,0
3.114512,0,0,0,0
3.116074,0,0,0,0
3.117609,0,0,0,0
3.119136,0,0,0,0
3.120730,0,0,0,0
3.122278,0,0,0,0
3.123772,0,0,0,0
3.125277,0,0,0,0
3.126799,0,0,0,0
3.128376,0,0,0,0
3.129930,0,0,0,0
3.131462,0,0,0,0
3.132997,0,0,0,0
3.134536,0,0,0,0
3.136352,0,0,0,0
3.138144,0,0,0,0
3.139730,0,0,0,0
3.142388,0,0,0,0
3.144152,0,0,0,0
3.145949,0,0,0,0
3.147542,0,0,0,0
3.149084,0,0,0,0
3.150620,0,0,0,0
3.152167,0,0,0,0
3.153721,0,0,0,0
3.155255,0,0,0,0
3.156787,0,0,0,0
3.158335,0,0,0,0
3.159875,0,0,0,0
3.161686,0,0,0,0
3.163304,0,0,0,0
3.165205,0,0,0,0
3.166806,0,0,0,0
3.168428,0,0,0,0
3.170175,0,0,0,0
3.171969,0,0,0,0
3.173784,0,0,0,0
3.175576,0,0,0,0
3.177373,0,0,0,0
3.179165,0,0,0,0
3.180953,0,0,0,0
3.182753,0,0,0,0
3.184443,0,0,0,0
3.186193,0,0,0,0
3.187983,0,0,0,0
3.189777,0,0,0,0
3.191552,0,0,0,0
3.193411,0,0,0,0
3.195067,0,0,0,0
3.196613,0,0,0,0
3.198153,0,0,0,0
3.199693,0,0,0,0
3.201393,0,0,0,0
3.203040,0,0,0,0
3.204897,0,0,0,0
3.206547,0,0,0,0
3.208292,0,0,0,0
3.209835,0,0,0,0
3.211361,0,0,0,0
3.212927,0,0,0,0
3.214448,0,0,0,0
3.215982,0,0,0,0
3.217603,0,0,0,0
3.219134,0,0,0,0
3.220868,0,0,0,0
3.222494,0,0,0,0
3.224033,0,0,0,0
3.225854,0,0,0,0
3.227642,0,0,0,0
3.229255,0,0,0,0
3.230803,0,0,0,0
3.232631,0,0,0,0
3.234522,0,0,0,0
3.236308,0,0,0,0
3.238093,0,0,0,0
3.239899,0,0,0,0
3.241765,0,0,0,0
3.243558,0,0,0,0
3.245352,0,0,0,0
3.247144,0,0,0,0
3.249010,0,0,0,0
3.250742,0,0,0,0
3.252494,0,0,0,0
3.254287,0,0,0,0
3.256080,0,0,0,0
3.257957,0,0,0,0
3.259752,0,0,0,0
3.261569,0,0,0,0
3.263348,0,0,0,0
3.265271,0,0,0,0
3.266884,0,0,0,0
3.268420,0,0,0,0
3.270739,0,0,0,0
3.272445,0,0,0,0
3.273984,0,0,0,0
3.275513,0,0,0,0
3.277039,0,0,0,0
3.278611,0,0,0,0
3.280143,0,0,0,0
3.281954,0,0,0,0
3.283769,0,0,0,0
3.285564,0,0,0,0
3.287356,0,0,0,0
3.289219,0,0,0,0
3.291011,0,0,0,0
3.292801,0,0,0,0
3.294419,0,0,0,0
3.295970,0,0,0,0
3.297806,0,0,0,0
3.299599,0,0,0,0
3.301393,0,0,0,0
3.302981,0,0,0,0
3.304825,0,0,0,0
3.306640,0,0,0,0
3.308306,0,0,0,0
3.310059,0,0,0,0
3.311834,0,0,0,0
3.313978,0,0,0,0
3.315548,0,0,0,0
3.317094,0,0,0,0
3.318633,0,0,0,0
3.320170,0,0,0,0
3.321728,0,0,0,0
3.323253,0,0,0,0
3.324978,0,0,0,0
3.326695,0,0,0,0
3.328786,0,0,0,0
3.330501,0,0,0,0
3.332050,0,0,0,0
3.333592,0,0,0,0
3.335335,0,0,0,0
3.337027,0,0,0,0
3.338628,0,0,0,0
3.340372,0,0,0,0
3.342167,0,0,0,0
3.343945,0,0,0,0
3.345602,0,0,0,0
3.347368,0,0,0,0
3.349161,0,0,0,0
3.350951,0,0,0,0
3.352819,0,0,0,0
3.354616,0,0,0,0
3.356406,0,0,0,0
3.358012,0,0,0,0
3.359796,0,0,0,0
3.361429,0,0,0,0
3.362984,0,0,0,0
3.364514,0,0,0,0
3.366042,0,0,0,0
3.367577,0,0,0,0
3.369215,0,0,0,0
3.370962,0,0,0,0
3.372754,0,0,0,0
3.374545,0,0,0,0
3.376451,0,0,0,0
3.378043,0,0,0,0
3.379660,0,0,0,0
3.381411,0,0,0,0
3.383188,0,0,0,0
3.385040,0,0,0,0
3.386871,0,0,0,0
3.388410,0,0,0,0
3.389954,0,0,0,0
3.391697,0,0,0,0
3.393291,0,0,0,0
3.395039,0,0,0,0
3.396829,0,0,0,0
3.398626,0,0,0,0
3.400315,0,0,0,0
3.402066,0,0,0,0
3.403858,0,0,0,0
3.405652,0,0,0,0
3.407443,0,0,0,0
3.409239,0,0,0,0
3.411054,0,0,0,0
3.412842,0,0,0,0
3.414458,0,0,0,0
3.416205,0,0,0,0
3.417803,0,0,0,0
3.419342,0,0,0,0
3.420896,0,0,0,0
3.422394,0,0,0,0
3.423925,0,0,0,0
3.425656,0,0,0,0
3.427146,0,0,0,0
3.428635,0,0,0,0
3.430123,0,0,0,0
3.431617,0,0,0,0
3.433128,0,0,0,0
3.434863,0,0,0,0
3.436537,0,0,0,0
3.438090,0,0,0,0
3.439624,0,0,0,0
3.441281,0,0,0,0
3.442828,0,0,0,0
3.444356,0,0,0,0
3.446057,0,0,0,0
3.447679,0,0,0,0
3.449519,0,0,0,0
3.451323,0,0,0,0
3.452931,0,0,0,0
3.454689,0,0,0,0
3.456560,0,0,0,0
3.458149,0,0,0,0
3.459897,0,0,0,0
3.461696,0,0,0,0
3.463310,0,0,0,0
3.465141,0,0,0,0
3.466937,0,0,0,0
3.468729,0,0,0,0
3.470528,0,0,0,0
3.472397,0,0,0,0
3.474211,0,0,0,0
3.476005,0,0,0,0
3.477799,0,0,0,0
3.479592,0,0,0,0
3.481390,0,0,0,0
3.483185,0,0,0,0
3.484795,0,0,0,0
3.486554,0,0,0,0
3.488423,0,0,0,0
3.490216,0,0,0,0
3.492011,0,0,0,0
3.493803,0,0,0,0
3.495618,0,0,0,0
3.497412,0,0,0,0
3.499205,0,0,0,0
3.502355,0,0,0,0
3.504116,0,0,0,0
3.505990,0,0,0,0
3.507619,0,0,0,0
3.509157,0,0,0,0
3.510720,0,0,0,0
3.512326,0,0,0,0
3.513866,0,0,0,0
3.515402,0,0,0,0
3.516953,0,0,0,0
3.518490,0,0,0,0
3.520310,0,0,0,0
3.522104,0,0,0,0
3.523897,0,0,0,0
3.525691,0,0,0,0
3.527309,0,0,0,0
3.529141,0,0,0,0
3.530934,0,0,0,0
3.532724,0,0,0,0
3.534524,0,0,0,0
3.536393,0,0,0,0
3.538207,0,0,0,0
3.540002,0,0,0,0
3.541796,0,0,0,0
3.543589,0,0,0,0
3.545385,0,0,0,0
3.547180,0,0,0,0
3.548792,0,0,0,0
3.550550,0,0,0,0
3.552415,0,0,0,0
3.554210,0,0,0,0
3.556004,0,0,0,0
3.557798,0,0,0,0
3.559612,0,0,0,0
3.561410,0,0,0,0
3.563190,0,0,0,0
3.564964,0,0,0,0
3.566530,0,0,0,0
3.568547,0,0,0,0
3.570293,0,0,0,0
3.571832,0,0,0,0
3.573582,0,0,0,0
3.575378,0,0,0,0
3.577178,0,0,0,0
3.578972,0,0,0,0
3.580782,0,0,0,0
3.582577,0,0,0,0
3.584447,0,0,0,0
3.586240,0,0,0,0
3.588032,0,0,0,0
3.589828,0,0,0,0
3.591443,0,0,0,0
3.593199,0,0,0,0
3.594991,0,0,0,0
3.596780,0,0,0,0
3.598579,0,0,0,0
3.600340,0,0,0,0
3.601923,0,0,0,0
3.603469,0,0,0,0
3.605007,0,0,0,0
3.606549,0,0,0,0
3.608086,0,0,0,0
3.609702,0,0,0,0
3.611442,0,0,0,0
3.613192,0,0,0,0
3.614811,0,0,0,0
3.616633,0,0,0,0
3.618519,0,0,0,0
3.620310,0,0,0,0
3.622102,0,0,0,0
3.623900,0,0,0,0
3.625561,0,0,0,0
3.627548,0,0,0,0
3.629336,0,0,0,0
3.631150,0,0,0,0
3.632985,0,0,0,0
3.634671,0,0,0,0
3.636420,0,0,0,0
3.638216,0,0,0,0
3.640009,0,0,0,0
3.641886,0,0,0,0
3.643680,0,0,0,0
3.645495,0,0,0,0
3.647274,0,0,0,0
3.649280,0,0,0,0
3.650917,0,0,0,0
3.652675,0,0,0,0
3.654374,0,0,0,0
3.656140,0,0,0,0
3.657942,0,0,0,0
3.659736,0,0,0,0
3.661533,0,0,0,0
3.663328,0,0,0,0
3.665201,0,0,0,0
3.667016,0,0,0,0
3.668805,0,0,0,0
3.670600,0,0,0,0
3.672469,0,0,0,0
3.674262,0,0,0,0
3.676056,0,0,0,0
3.677673,0,0,0,0
3.679426,0,0,0,0
3.681223,0,0,0,0
3.683001,0,0,0,0
3.684777,0,0,0,0
3.686489,0,0,0,0
3.688328,0,0,0,0
3.689956,0,0,0,0
3.691711,0,0,0,0
3.693436,0,0,0,0
3.695230,0,0,0,0
3.697104,0,0,0,0
3.698718,0,0,0,0
3.700467,0,0,0,0
3.702260,0,0,0,0
3.704054,0,0,0,0
3.705928,0,0,0,0
3.707778,0,0,0,0
3.709572,0,0,0,0
3.711286,0,0,0,0
3.713194,0,0,0,0
3.714756,0,0,0,0
3.716298,0,0,0,0
3.718009,0,0,0,0
3.719558,0,0,0,0
3.721390,0,0,0,0
3.723177,0,0,0,0
3.724964,0,0,0,0
3.726760,0,0,0,0
3.728628,0,0,0,0
3.730367,0,0,0,0
3.732115,0,0,0,0
3.733907,0,0,0,0
3.735700,0,0,0,0
3.737496,0,0,0,0
3.739289,0,0,0,0
3.740901,0,0,0,0
3.742647,0,0,0,0
3.744499,0,0,0,0
3.746088,0,0,0,0
3.747685,0,0,0,0
3.749443,0,0,0,0
3.751286,0,0,0,0
3.752869,0,0,0,0
3.754677,0,0,0,0
3.756263,0,0,0,0
3.758012,0,0,0,0
3.759802,0,0,0,0
3.761490,0,0,0,0
3.763236,0,0,0,0
3.765050,0,0,0,0
3.767028,0,0,0,0
3.768653,0,0,0,0
3.770318,0,0,0,0
3.771848,0,0,0,0
3.773311,0,0,0,0
3.774742,0,0,0,0
3.776170,0,0,0,0
3.777928,0,0,0,0
3.779936,0,0,0,0
3.781475,0,0,0,0
3.783028,0,0,0,0
3.784628,0,0,0,0
3.786251,0,0,0,0
3.787784,0,0,0,0
3.789335,0,0,0,0
3.791086,0,0,0,0
3.792755,0,0,0,0
3.795733,0,0,0,0
3.797726,0,0,0,0
3.799305,0,0,0,0
3.800928,0,0,0,0
3.802467,0,0,0,0
3.803992,0,0,0,0
3.805556,0,0,0,0
3.807498,0,0,0,0
3.809138,0,0,0,0
3.810780,0,0,0,0
3.812322,0,0,0,0
3.813859,0,0,0,0
3.815391,0,0,0,0
3.817004,0,0,0,0
3.818745,0,0,0,0
3.820532,0,0,0,0
3.822322,0,0,0,0
3.824112,0,0,0,0
3.825987,0,0,0,0
3.827599,0,0,0,0
3.829347,0,0,0,0
3.831135,0,0,0,0
3.832727,0,0,0,0
3.834644,0,0,0,0
3.836436,0,0,0,0
3.838250,0,0,0,0
3.840043,0,0,0,0
3.841918,0,0,0,0
3.843712,0,0,0,0
3.845508,0,0,0,0
3.847302,0,0,0,0
3.848995,0,0,0,0
3.850754,0,0,0,0
3.852545,0,0,0,0
3.854133,0,0,0,0
3.855883,0,0,0,0
3.857760,0,0,0,0
3.859574,0,0,0,0
3.861371,0,0,0,0
3.863147,0,0,0,0
3.864996,0,0,0,0
3.866753,0,0,0,0
3.868299,0,0,0,0
3.869993,0,0,0,0
3.871535,0,0,0,0
3.873152,0,0,0,0
3.874730,0,0,0,0
3.876472,0,0,0,0
3.878268,0,0,0,0
3.880082,0,0,0,0
3.881959,0,0,0,0
3.883752,0,0,0,0
3.885548,0,0,0,0
3.887328,0,0,0,0
3.889348,0,0,0,0
3.890956,0,0,0,0
3.892543,0,0,0,0
3.894290,0,0,0,0
3.895893,0,0,0,0
3.897732,0,0,0,0
3.899527,0,0,0,0
3.901344,0,0,0,0
3.903137,0,0,0,0
3.905006,0,0,0,0
3.906785,0,0,0,0
3.908327,0,0,0,0
3.910074,0,0,0,0
3.911688,0,0,0,0
3.913443,0,0,0,0
3.915236,0,0,0,0
3.917029,0,0,0,0
3.918627,0,0,0,0
3.920454,0,0,0,0
3.922061,0,0,0,0
3.923797,0,0,0,0
3.925386,0,0,0,0
3.927065,0,0,0,0
3.928882,0,0,0,0
3.930774,0,0,0,0
3.932379,0,0,0,0
3.934131,0,0,0,0
3.935924,0,0,0,0
3.937796,0,0,0,0
3.939585,0,0,0,0
3.941374,0,0,0,0
3.943183,0,0,0,0
3.944813,0,0,0,0
3.946570,0,0,0,0
3.948360,0,0,0,0
3.950150,0,0,0,0
3.951943,0,0,0,0
3.953644,0,0,0,0
3.955396,0,0,0,0
3.957192,0,0,0,0
3.958985,0,0,0,0
3.960854,0,0,0,0
3.962439,0,0,0,0
3.963987,0,0,0,0
3.965520,0,0,0,0
3.967260,0,0,0,0
3.969132,0,0,0,0
3.970923,0,0,0,0
3.972710,0,0,0,0
3.974457,0,0,0,0
3.976205,0,0,0,0
3.977801,0,0,0,0
3.979546,0,0,0,0
3.981496,0,0,0,0
3.983277,0,0,0,0
3.984878,0,0,0,0
3.986706,0,0,0,0
3.988431,0,0,0,0
3.990279,0,0,0,0
3.992097,0,0,0,0
3.993968,0,0,0,0
3.995577,0,0,0,0
3.997133,0,0,0,0
3.998881,0,0,0,0
4.000748,0,0,0,0
4.002546,0,0,0,0
4.004336,0,0,0,0
4.006148,0,0,0,0
4.007939,0,0,0,0
4.009812,0,0,0,0
4.011604,0,0,0,0
4.013398,0,0,0,0
4.015189,0,0,0,0
4.016878,0,0,0,0
4.018451,0,0,0,0
4.019987,0,0,0,0
4.021730,0,0,0,0
4.024080,0,0,0,0
4.025709,0,0,0,0
4.027260,0,0,0,0
4.028789,0,0,0,0
4.030421,0,0,0,0
4.031952,0,0,0,0
4.033592,0,0,0,0
4.035342,0,0,0,0
4.037139,0,0,0,0
4.038755,0,0,0,0
4.040585,0,0,0,0
4.042515,0,0,0,0
4.044292,0,0,0,0
4.046013,0,0,0,0
4.047627,0,0,0,0
4.049202,0,0,0,0
4.050948,0,0,0,0
4.052739,0,0,0,0
4.054539,0,0,0,0
4.056409,0,0,0,0
4.058203,0,0,0,0
4.059816,0,0,0,0
4.061572,0,0,0,0
4.063364,0,0,0,0
4.065162,0,0,0,0
4.066955,0,0,0,0
4.068746,0,0,0,0
4.070566,0,0,0,0
4.072433,0,0,0,0
4.074227,0,0,0,0
4.075821,0,0,0,0
4.077578,0,0,0,0
4.079358,0,0,0,0
4.081037,0,0,0,0
4.082849,0,0,0,0
4.084592,0,0,0,0
4.086460,0,0,0,0
4.088049,0,0,0,0
4.089888,0,0,0,0
4.091704,0,0,0,0
4.093501,0,0,0,0
4.095295,0,0,0,0
4.097170,0,0,0,0
4.098964,0,0,0,0
4.100757,0,0,0,0
4.102373,0,0,0,0
4.104107,0,0,0,0
4.105769,0,0,0,0
4.107429,0,0,0,0
4.109275,0,0,0,0
4.111078,0,0,0,0
4.112763,0,0,0,0
4.114520,0,0,0,0
4.116309,0,0,0,0
4.118101,0,0,0,0
4.119892,0,0,0,0
4.121766,0,0,0,0
4.123379,0,0,0,0
4.125359,0,0,0,0
4.127186,0,0,0,0
4.128764,0,0,0,0
4.130649,0,0,0,0
4.132441,0,0,0,0
4.134255,0,0,0,0
4.136050,0,0,0,0
4.137928,0,0,0,0
4.139721,0,0,0,0
4.141519,0,0,0,0
4.143297,0,0,0,0
4.144974,0,0,0,0
4.146822,0,0,0,0
4.148611,0,0,0,0
4.150487,0,0,0,0
4.152354,0,0,0,0
4.154144,0,0,0,0
4.155954,0,0,0,0
4.157745,0,0,0,0
4.159461,0,0,0,0
4.161293,0,0,0,0
4.163072,0,0,0,0
4.164848,0,0,0,0
4.166591,0,0,0,0
4.168136,0,0,0,0
4.170075,0,0,0,0
4.172017,0,0,0,0
4.173631,0,0,0,0
4.175407,0,0,0,0
4.176946,0,0,0,0
4.178466,0,0,0,0
4.180018,0,0,0,0
4.181492,0,0,0,0
4.182956,0,0,0,0
4.184556,0,0,0,0
4.186085,0,0,0,0
4.187625,0,0,0,0
4.189363,0,0,0,0
4.191150,0,0,0,0
4.193014,0,0,0,0
4.194628,0,0,0,0
4.196372,0,0,0,0
4.197984,0,0,0,0
4.199732,0,0,0,0
4.201525,0,0,0,0
4.203315,0,0,0,0
4.205109,0,0,0,0
4.206898,0,0,0,0
4.208586,0,0,0,0
4.210129,0,0,0,0
4.211868,0,0,0,0
4.213481,0,0,0,0
4.215039,0,0,0,0
4.216861,0,0,0,0
4.218457,0,0,0,0
4.220017,0,0,0,0
4.221768,0,0,0,0
4.223546,0,0,0,0
4.225423,0,0,0,0
4.227075,0,0,0,0
4.228613,0,0,0,0
4.230226,0,0,0,0
4.231965,0,0,0,0
4.233737,0,0,0,0
4.235368,0,0,0,0
4.236912,0,0,0,0
4.238455,0,0,0,0
4.239991,0,0,0,0
4.241620,0,0,0,0
4.243158,0,0,0,0
4.244900,0,0,0,0
4.246700,0,0,0,0
4.248567,0,0,0,0
4.250297,0,0,0,0
4.252086,0,0,0,0
4.253882,0,0,0,0
4.255676,0,0,0,0
4.257476,0,0,0,0
4.259270,0,0,0,0
4.261219,0,0,0,0
4.263042,0,0,0,0
4.264909,0,0,0,0
4.266710,0,0,0,0
4.268501,0,0,0,0
4.270293,0,0,0,0
4.272087,0,0,0,0
4.273785,0,0,0,0
4.275537,0,0,0,0
4.277332,0,0,0,0
4.279128,0,0,0,0
4.280997,0,0,0,0
4.282611,0,0,0,0
4.284358,0,0,0,0
4.286011,0,0,0,0
4.287632,0,0,0,0
4.289636,0,0,0,0
4.291510,0,0,0,0
4.293306,0,0,0,0
4.294917,0,0,0,0
4.296744,0,0,0,0
4.298539,0,0,0,0
4.300328,0,0,0,0
4.302119,0,0,0,0
4.303910,0,0,0,0
4.305806,0,0,0,0
4.307614,0,0,0,0
4.309244,0,0,0,0
4.310998,0,0,0,0
4.312867,0,0,0,0
4.314458,0,0,0,0
4.316020,0,0,0,0
4.317772,0,0,0,0
4.319564,0,0,0,0
4.321362,0,0,0,0
4.323155,0,0,0,0
4.324946,0,0,0,0
4.326766,0,0,0,0
4.328634,0,0,0,0
4.330360,0,0,0,0
4.332109,0,0,0,0
4.333903,0,0,0,0
4.335698,0,0,0,0
4.337313,0,0,0,0
4.339066,0,0,0,0
4.340858,0,0,0,0
4.342658,0,0,0,0
4.344469,0,0,0,0
4.346050,0,0,0,0
4.347640,0,0,0,0
4.349497,0,0,0,0
4.351320,0,0,0,0
4.352985,0,0,0,0
4.354740,0,0,0,0
4.356681,0,0,0,0
4.358437,0,0,0,0
4.359979,0,0,0,0
4.362525,0,0,0,0
4.364077,0,0,0,0
4.365605,0,0,0,0
4.367426,0,0,0,0
4.369028,0,0,0,0
4.370847,0,0,0,0
4.372387,0,0,0,0
4.373927,0,0,0,0
4.375528,0,0,0,0
4.377140,0,0,0,0
4.378884,0,0,0,0
4.380496,0,0,0,0
4.382248,0,0,0,0
4.384043,0,0,0,0
4.385921,0,0,0,0
4.387715,0,0,0,0
4.389511,0,0,0,0
4.391311,0,0,0,0
4.393372,0,0,0,0
4.395159,0,0,0,0
4.396949,0,0,0,0
4.398737,0,0,0,0
4.400591,0,0,0,0
4.402352,0,0,0,0
4.404180,0,0,0,0
4.406000,0,0,0,0
4.407627,0,0,0,0
4.409485,0,0,0,0
4.411291,0,0,0,0
4.412897,0,0,0,0
4.414432,0,0,0,0
4.416174,0,0,0,0
4.417975,0,0,0,0
4.419563,0,0,0,0
4.421313,0,0,0,0
4.422926,0,0,0,0
4.424474,0,0,0,0
4.426018,0,0,0,0
4.427555,0,0,0,0
4.429093,0,0,0,0
4.430629,0,0,0,0
4.432326,0,0,0,0
4.435146,0,0,0,0
4.437699,0,0,0,0
4.439246,0,0,0,0
4.440859,0,0,0,0
4.442491,0,0,0,0
4.444028,0,0,0,0
4.445665,0,0,0,0
4.447192,0,0,0,0
4.448790,0,0,0,0
4.450532,0,0,0,0
4.452056,0,0,0,0
4.453699,0,0,0,0
4.455227,0,0,0,0
4.456829,0,0,0,0
4.458514,0,0,0,0
4.460051,0,0,0,0
4.461584,0,0,0,0
4.463111,0,0,0,0
4.464701,0,0,0,0
4.466476,0,0,0,0
4.468430,0,0,0,0
4.470027,0,0,0,0
4.471821,0,0,0,0
4.473417,0,0,0,0
4.475167,0,0,0,0
4.476955,0,0,0,0
4.478775,0,0,0,0
4.480647,0,0,0,0
4.482592,0,0,0,0
4.484382,0,0,0,0
4.486175,0,0,0,0
4.487967,0,0,0,0
4.489663,0,0,0,0
4.491415,0,0,0,0
4.493208,0,0,0,0
4.494985,0,0,0,0
4.496838,0,0,0,0
4.498525,0,0,0,0
4.500084,0,0,0,0
4.501835,0,0,0,0
4.503629,0,0,0,0
4.505427,0,0,0,0
4.507222,0,0,0,0
4.509012,0,0,0,0
4.510635,0,0,0,0
4.512179,0,0,0,0
4.513953,0,0,0,0
4.515747,0,0,0,0
4.517541,0,0,0,0
4.519333,0,0,0,0
4.520945,0,0,0,0
4.522692,0,0,0,0
4.524465,0,0,0,0
4.526091,0,0,0,0
4.527719,0,0,0,0
4.529721,0,0,0,0
4.531317,0,0,0,0
4.533218,0,0,0,0
4.535004,0,0,0,0
4.536871,0,0,0,0
4.538411,0,0,0,0
4.540158,0,0,0,0
4.541966,0,0,0,0
4.543815,0,0,0,0
4.545608,0,0,0,0
4.547398,0,0,0,0
4.549191,0,0,0,0
4.550812,0,0,0,0
4.553014,0,0,0,0
4.554655,0,0,0,0
4.556398,0,0,0,0
4.558186,0,0,0,0
4.559975,0,0,0,0
4.561796,0,0,0,0
4.563603,0,0,0,0
4.565396,0,0,0,0
4.567185,0,0,0,0
4.569049,0,0,0,0
4.571009,0,0,0,0
4.572792,0,0,0,0
4.574405,0,0,0,0
4.575950,0,0,0,0
4.577774,0,0,0,0
4.579565,0,0,0,0
4.581360,0,0,0,0
4.583137,0,0,0,0
4.585008,0,0,0,0
4.586768,0,0,0,0
4.588308,0,0,0,0
4.590059,0,0,0,0
4.591881,0,0,0,0
4.593538,0,0,0,0
4.595103,0,0,0,0
4.596848,0,0,0,0
4.598719,0,0,0,0
4.600573,0,0,0,0
4.602585,0,0,0,0
4.604373,0,0,0,0
4.606180,0,0,0,0
4.607969,0,0,0,0
4.610054,0,0,0,0
4.611672,0,0,0,0
4.613219,0,0,0,0
4.614755,0,0,0,0
4.616351,0,0,0,0
4.617891,0,0,0,0
4.619423,0,0,0,0
4.621166,0,0,0,0
4.622956,0,0,0,0
4.624822,0,0,0,0
4.627054,0,0,0,0
4.628796,0,0,0,0
4.630519,0,0,0,0
4.632327,0,0,0,0
4.633913,0,0,0,0
4.635830,0,0,0,0
4.637438,0,0,0,0
4.638986,0,0,0,0
4.640602,0,0,0,0
4.642137,0,0,0,0
4.643665,0,0,0,0
4.645267,0,0,0,0
4.647503,0,0,0,0
4.649085,0,0,0,0
4.650614,0,0,0,0
4.652088,0,0,0,0
4.653556,0,0,0,0
4.654983,0,0,0,0
4.656453,0,0,0,0
4.657846,0,0,0,0
4.659459,0,0,0,0
4.661160,0,0,0,0
4.662942,0,0,0,0
4.664810,0,0,0,0
4.666604,0,0,0,0
4.668390,0,0,0,0
4.670198,0,0,0,0
4.671989,0,0,0,0
4.673811,0,0,0,0
4.675602,0,0,0,0
4.677394,0,0,0,0
4.679186,0,0,0,0
4.680873,0,0,0,0
4.682439,0,0,0,0
4.683976,0,0,0,0
4.685720,0,0,0,0
4.687511,0,0,0,0
4.689309,0,0,0,0
4.691122,0,0,0,0
4.692912,0,0,0,0
4.694713,0,0,0,0
4.696582,0,0,0,0
4.698522,0,0,0,0
4.700316,0,0,0,0
4.701931,0,0,0,0
4.703670,0,0,0,0
4.705421,0,0,0,0
4.707475,0,0,0,0
4.709331,0,0,0,0
4.711220,0,0,0,0
4.713111,0,0,0,0
4.714904,0,0,0,0
4.716694,0,0,0,0
4.718643,0,0,0,0
4.720509,0,0,0,0
4.722301,0,0,0,0
4.723915,0,0,0,0
4.725669,0,0,0,0
4.727462,0,0,0,0
4.729260,0,0,0,0
4.731054,0,0,0,0
4.732843,0,0,0,0
4.734481,0,0,0,0
4.736308,0,0,0,0
4.738100,0,0,0,0
4.739892,0,0,0,0
4.741687,0,0,0,0
4.743480,0,0,0,0
4.745174,0,0,0,0
4.746929,0,0,0,0
4.748718,0,0,0,0
4.750516,0,0,0,0
4.752383,0,0,0,0
4.754177,0,0,0,0
4.755990,0,0,0,0
4.757784,0,0,0,0
4.759574,0,0,0,0
4.761372,0,0,0,0
4.763152,0,0,0,0
4.764927,0,0,0,0
4.766500,0,0,0,0
4.768042,0,0,0,0
4.769974,0,0,0,0
4.771794,0,0,0,0
4.773584,0,0,0,0
4.775375,0,0,0,0
4.776982,0,0,0,0
4.778737,0,0,0,0
4.780522,0,0,0,0
4.782311,0,0,0,0
4.784101,0,0,0,0
4.785974,0,0,0,0
4.787588,0,0,0,0
4.789526,0,0,0,0
4.791321,0,0,0,0
4.793192,0,0,0,0
4.794984,0,0,0,0
4.796772,0,0,0,0
4.798589,0,0,0,0
4.800455,0,0,0,0
4.802247,0,0,0,0
4.804038,0,0,0,0
4.805831,0,0,0,0
4.807608,0,0,0,0
4.809434,0,0,0,0
4.811187,0,0,0,0
4.812779,0,0,0,0
4.814540,0,0,0,0
4.816408,0,0,0,0
4.818201,0,0,0,0
4.820015,0,0,0,0
4.821811,0,0,0,0
4.823590,0,0,0,0
4.825222,0,0,0,0
4.826817,0,0,0,0
4.828393,0,0,0,0
4.829950,0,0,0,0
4.831695,0,0,0,0
4.833492,0,0,0,0
4.835286,0,0,0,0
4.837443,0,0,0,0
4.839266,0,0,0,0
4.840955,0,0,0,0
4.842712,0,0,0,0
4.844504,0,0,0,0
4.846296,0,0,0,0
4.848090,0,0,0,0
4.849966,0,0,0,0
4.851582,0,0,0,0
4.853338,0,0,0,0
4.855133,0,0,0,0
4.857001,0,0,0,0
4.858773,0,0,0,0
4.860318,0,0,0,0
4.862092,0,0,0,0
4.863885,0,0,0,0
4.865760,0,0,0,0
4.867552,0,0,0,0
4.869347,0,0,0,0
4.871140,0,0,0,0
4.872830,0,0,0,0
4.874590,0,0,0,0
4.876379,0,0,0,0
4.878171,0,0,0,0
4.879963,0,0,0,0
4.881839,0,0,0,0
4.883639,0,0,0,0
4.885422,0,0,0,0
4.887076,0,0,0,0
4.888691,0,0,0,0
4.890304,0,0,0,0
4.892046,0,0,0,0
4.893662,0,0,0,0
4.895417,0,0,0,0
4.897214,0,0,0,0
4.899010,0,0,0,0
4.900800,0,0,0,0
4.902599,0,0,0,0
4.904489,0,0,0,0
4.906283,0,0,0,0
4.908078,0,0,0,0
4.909872,0,0,0,0
4.911648,0,0,0,0
4.913333,0,0,0,0
4.915034,0,0,0,0
4.916575,0,0,0,0
4.918114,0,0,0,0
4.919651,0,0,0,0
4.921258,0,0,0,0
4.922997,0,0,0,0
4.924787,0,0,0,0
4.926606,0,0,0,0
4.928474,0,0,0,0
4.930265,0,0,0,0
4.932054,0,0,0,0
4.933847,0,0,0,0
4.935639,0,0,0,0
4.937255,0,0,0,0
4.939007,0,0,0,0
4.940793,0,0,0,0
4.942583,0,0,0,0
4.944168,0,0,0,0
4.945709,0,0,0,0
4.947354,0,0,0,0
4.949106,0,0,0,0
4.950947,0,0,0,0
4.952815,0,0,0,0
4.954614,0,0,0,0
4.956401,0,0,0,0
4.958009,0,0,0,0
4.959757,0,0,0,0
4.961550,0,0,0,0
4.963341,0,0,0,0
4.965135,0,0,0,0
4.966983,0,0,0,0
4.968869,0,0,0,0
4.970478,0,0,0,0
4.972020,0,0,0,0
4.973765,0,0,0,0
4.975554,0,0,0,0
4.977350,0,0,0,0
4.978963,0,0,0,0
4.980710,0,0,0,0
4.982460,0,0,0,0
4.984211,0,0,0,0
4.985809,0,0,0,0
4.987554,0,0,0,0
4.989165,0,0,0,0
4.990912,0,0,0,0
4.992778,0,0,0,0
4.994568,0,0,0,0
4.996350,0,0,0,0
4.998112,0,0,0,0
4.999885,0,0,0,0
5.001762,0,0,0,0
5.003543,0,0,0,0
5.005576,0,0,0,0
5.007184,0,0,0,0
5.008796,0,0,0,0
5.010356,0,0,0,0
5.011892,0,0,0,0
5.013429,0,0,0,0
5.014963,0,0,0,0
5.016780,0,0,0,0
5.018578,0,0,0,0
5.020366,0,0,0,0
5.021970,0,0,0,0
5.023715,0,0,0,0
5.025331,0,0,0,0
5.027143,0,0,0,0
5.028919,0,0,0,0
5.030592,0,0,0,0
5.032144,0,0,0,0
5.033753,0,0,0,0
5.035493,0,0,0,0
5.037284,0,0,0,0
5.038901,0,0,0,0
5.040739,0,0,0,0
5.042361,0,0,0,0
5.044111,0,0,0,0
5.045907,0,0,0,0
5.047702,0,0,0,0
5.049497,0,0,0,0
5.051291,0,0,0,0
5.053108,0,0,0,0
5.054900,0,0,0,0
5.056770,0,0,0,0
5.058570,0,0,0,0
5.060361,0,0,0,0
5.062155,0,0,0,0
5.063759,0,0,0,0
5.065518,0,0,0,0
5.067206,0,0,0,0
5.068930,0,0,0,0
5.070548,0,0,0,0
5.072375,0,0,0,0
5.074188,0,0,0,0
5.075781,0,0,0,0
5.077534,0,0,0,0
5.079326,0,0,0,0
5.081192,0,0,0,0
5.082983,0,0,0,0
5.084589,0,0,0,0
5.086130,0,0,0,0
5.087885,0,0,0,0
5.089765,0,0,0,0
5.091561,0,0,0,0
5.093356,0,0,0,0
5.095170,0,0,0,0
5.097038,0,0,0,0
5.098979,0,0,0,0
5.100768,0,0,0,0
5.102558,0,0,0,0
5.104409,0,0,0,0
5.106242,0,0,0,0
5.107889,0,0,0,0
5.109385,0,0,0,0
5.110829,0,0,0,0
5.112322,0,0,0,0
5.114093,0,0,0,0
5.116312,0,0,0,0
5.117868,0,0,0,0
5.119407,0,0,0,0
5.121001,0,0,0,0
5.122518,0,0,0,0
5.123972,0,0,0,0
5.125493,0,0,0,0
5.127320,0,0,0,0
5.128975,0,0,0,0
5.130521,0,0,0,0
5.132261,0,0,0,0
5.134047,0,0,0,0
5.135838,0,0,0,0
5.137714,0,0,0,0
5.139527,0,0,0,0
5.141319,0,0,0,0
5.143110,0,0,0,0
5.144978,0,0,0,0
5.146772,0,0,0,0
5.148559,0,0,0,0
5.150296,0,0,0,0
5.152047,0,0,0,0
5.153924,0,0,0,0
5.155717,0,0,0,0
5.157509,0,0,0,0
5.159338,0,0,0,0
5.161162,0,0,0,0
5.162956,0,0,0,0
5.164745,0,0,0,0
5.166342,0,0,0,0
5.168072,0,0,0,0
5.169729,0,0,0,0
5.171295,0,0,0,0
5.173038,0,0,0,0
5.174975,0,0,0,0
5.176841,0,0,0,0
5.178725,0,0,0,0
5.180516,0,0,0,0
5.182122,0,0,0,0
5.183856,0,0,0,0
5.185517,0,0,0,0
5.187726,0,0,0,0
5.189342,0,0,0,0
5.190991,0,0,0,0
5.192617,0,0,0,0
5.194318,0,0,0,0
5.195896,0,0,0,0
5.197435,0,0,0,0
5.198967,0,0,0,0
5.200567,0,0,0,0
5.202102,0,0,0,0
5.203648,0,0,0,0
5.205389,0,0,0,0
5.207180,0,0,0,0
5.209043,0,0,0,0
5.210991,0,0,0,0
5.212584,0,0,0,0
5.214154,0,0,0,0
5.215897,0,0,0,0
5.217770,0,0,0,0
5.219560,0,0,0,0
5.221354,0,0,0,0
5.223143,0,0,0,0
5.225028,0,0,0,0
5.226624,0,0,0,0
5.228369,0,0,0,0
5.230156,0,0,0,0
5.231942,0,0,0,0
5.233605,0,0,0,0
5.235175,0,0,0,0
5.236915,0,0,0,0
5.238547,0,0,0,0
5.240069,0,0,0,0
5.241702,0,0,0,0
5.243431,0,0,0,0
5.245341,0,0,0,0
5.247512,0,0,0,0
5.249070,0,0,0,0
5.250885,0,0,0,0
5.252673,0,0,0,0
5.254613,0,0,0,0
5.256479,0,0,0,0
5.258293,0,0,0,0
5.259911,0,0,0,0
5.261455,0,0,0,0
5.262992,0,0,0,0
5.264595,0,0,0,0
5.266129,0,0,0,0
5.267662,0,0,0,0
5.269215,0,0,0,0
5.270952,0,0,0,0
5.272819,0,0,0,0
5.274612,0,0,0,0
5.276399,0,0,0,0
5.278187,0,0,0,0
5.279797,0,0,0,0
5.281547,0,0,0,0
5.283337,0,0,0,0
5.285128,0,0,0,0
5.286917,0,0,0,0
5.288783,0,0,0,0
5.290598,0,0,0,0
5.292384,0,0,0,0
5.294172,0,0,0,0
5.295962,0,0,0,0
5.297834,0,0,0,0
5.299622,0,0,0,0
5.301234,0,0,0,0
5.302834,0,0,0,0
5.304451,0,0,0,0
5.306088,0,0,0,0
5.307746,0,0,0,0
5.309345,0,0,0,0
5.311168,0,0,0,0
5.313211,0,0,0,0
5.315012,0,0,0,0
5.316799,0,0,0,0
5.318595,0,0,0,0
5.320458,0,0,0,0
5.322250,0,0,0,0
5.323863,0,0,0,0
5.325614,0,0,0,0
5.327404,0,0,0,0
5.329198,0,0,0,0
5.330988,0,0,0,0
5.332775,0,0,0,0
5.334590,0,0,0,0
5.336455,0,0,0,0
5.338245,0,0,0,0
5.340033,0,0,0,0
5.341824,0,0,0,0
5.343614,0,0,0,0
5.345229,0,0,0,0
5.346978,0,0,0,0
5.348765,0,0,0,0
5.350562,0,0,0,0
5.352426,0,0,0,0
5.354215,0,0,0,0
5.356024,0,0,0,0
5.357815,0,0,0,0
5.359604,0,0,0,0
5.361395,0,0,0,0
5.363080,0,0,0,0
5.364638,0,0,0,0
5.366824,0,0,0,0
5.368544,0,0,0,0
5.370149,0,0,0,0
5.371688,0,0,0,0
5.373261,0,0,0,0
5.374792,0,0,0,0
5.376406,0,0,0,0
5.377968,0,0,0,0
5.379501,0,0,0,0
5.381243,0,0,0,0
5.383035,0,0,0,0
5.384955,0,0,0,0
5.386752,0,0,0,0
5.388359,0,0,0,0
5.390107,0,0,0,0
5.391895,0,0,0,0
5.393768,0,0,0,0
5.395556,0,0,0,0
5.397345,0,0,0,0
5.399155,0,0,0,0
5.401017,0,0,0,0
5.402614,0,0,0,0
5.405043,0,0,0,0
5.406767,0,0,0,0
5.408368,0,0,0,0
5.409916,0,0,0,0
5.411455,0,0,0,0
5.412991,0,0,0,0
5.414531,0,0,0,0
5.416065,0,0,0,0
5.417668,0,0,0,0
5.419408,0,0,0,0
5.421016,0,0,0,0
5.422755,0,0,0,0
5.424608,0,0,0,0
5.426412,0,0,0,0
5.427967,0,0,0,0
5.429503,0,0,0,0
5.431056,0,0,0,0
5.432661,0,0,0,0
5.434314,0,0,0,0
5.436052,0,0,0,0
5.437858,0,0,0,0
5.439544,0,0,0,0
5.441128,0,0,0,0
5.442724,0,0,0,0
5.444253,0,0,0,0
5.445782,0,0,0,0
5.447310,0,0,0,0
5.448836,0,0,0,0
5.450689,0,0,0,0
5.452299,0,0,0,0
5.454050,0,0,0,0
5.455844,0,0,0,0
5.457720,0,0,0,0
5.459513,0,0,0,0
5.461309,0,0,0,0
5.463122,0,0,0,0
5.464991,0,0,0,0
5.466637,0,0,0,0
5.468384,0,0,0,0
5.470177,0,0,0,0
5.471969,0,0,0,0
5.473667,0,0,0,0
5.475419,0,0,0,0
5.477214,0,0,0,0
5.479007,0,0,0,0
5.480875,0,0,0,0
5.482663,0,0,0,0
5.484459,0,0,0,0
5.486248,0,0,0,0
5.487873,0,0,0,0
5.489813,0,0,0,0
5.491618,0,0,0,0
5.493213,0,0,0,0
5.494780,0,0,0,0
5.496602,0,0,0,0
5.498542,0,0,0,0
5.500333,0,0,0,0
5.502124,0,0,0,0
5.503916,0,0,0,0
5.505813,0,0,0,0
5.507609,0,0,0,0
5.509404,0,0,0,0
5.511197,0,0,0,0
5.513218,0,0,0,0
5.515021,0,0,0,0
5.516631,0,0,0,0
5.518464,0,0,0,0
5.520332,0,0,0,0
5.522125,0,0,0,0
5.523920,0,0,0,0
5.525715,0,0,0,0
5.527528,0,0,0,0
5.529324,0,0,0,0
5.531117,0,0,0,0
5.532909,0,0,0,0
5.534709,0,0,0,0
5.536577,0,0,0,0
5.538325,0,0,0,0
5.540076,0,0,0,0
5.541869,0,0,0,0
5.543647,0,0,0,0
5.545372,0,0,0,0
5.547041,0,0,0,0
5.548660,0,0,0,0
5.550340,0,0,0,0
5.551879,0,0,0,0
5.553490,0,0,0,0
5.555027,0,0,0,0
5.556560,0,0,0,0
5.558302,0,0,0,0
5.559916,0,0,0,0
5.561749,0,0,0,0
5.563542,0,0,0,0
5.565338,0,0,0,0
5.567131,0,0,0,0
5.569759,0,0,0,0
5.571364,0,0,0,0
5.572922,0,0,0,0
5.574551,0,0,0,0
5.576009,0,0,0,0
5.577813,0,0,0,0
5.579342,0,0,0,0
5.580873,0,0,0,0
5.582462,0,0,0,0
5.583980,0,0,0,0
5.585575,0,0,0,0
5.587101,0,0,0,0
5.588627,0,0,0,0
5.590353,0,0,0,0
5.592074,0,0,0,0
5.593677,0,0,0,0
5.595339,0,0,0,0
5.597018,0,0,0,0
5.598502,0,0,0,0
5.599974,0,0,0,0
5.601708,0,0,0,0
5.603484,0,0,0,0
5.605213,0,0,0,0
5.606786,0,0,0,0
5.608430,0,0,0,0
5.610026,0,0,0,0
5.611813,0,0,0,0
5.613610,0,0,0,0
5.615406,0,0,0,0
5.617341,0,0,0,0
5.618957,0,0,0,0
5.621212,0,0,0,0
5.622757,0,0,0,0
5.624368,0,0,0,0
5.625927,0,0,0,0
5.627408,0,0,0,0
5.629010,0,0,0,0
5.630753,0,0,0,0
5.632620,0,0,0,0
5.634560,0,0,0,0
5.636369,0,0,0,0
5.638159,0,0,0,0
5.639946,0,0,0,0
5.641666,0,0,0,0
5.643430,0,0,0,0
5.645223,0,0,0,0
5.646836,0,0,0,0
5.648663,0,0,0,0
5.650607,0,0,0,0
5.652398,0,0,0,0
5.654189,0,0,0,0
5.655979,0,0,0,0
5.657822,0,0,0,0
5.659613,0,0,0,0
5.661407,0,0,0,0
5.663186,0,0,0,0
5.665037,0,0,0,0
5.666817,0,0,0,0
5.668367,0,0,0,0
5.669899,0,0,0,0
5.671671,0,0,0,0
5.673266,0,0,0,0
5.675016,0,0,0,0
5.676806,0,0,0,0
5.678423,0,0,0,0
5.679959,0,0,0,0
5.681572,0,0,0,0
5.683110,0,0,0,0
5.684647,0,0,0,0
5.686259,0,0,0,0
5.687999,0,0,0,0
5.689699,0,0,0,0
5.691449,0,0,0,0
5.693243,0,0,0,0
5.695032,0,0,0,0
5.696866,0,0,0,0
5.698653,0,0,0,0
5.700377,0,0,0,0
5.702089,0,0,0,0
5.703802,0,0,0,0
5.705517,0,0,0,0
5.707230,0,0,0,0
5.708934,0,0,0,0
5.710486,0,0,0,0
5.712151,0,0,0,0
5.713676,0,0,0,0
5.715153,0,0,0,0
5.716812,0,0,0,0
5.718529,0,0,0,0
5.720301,0,0,0,0
5.722052,0,0,0,0
5.723823,0,0,0,0
5.725782,0,0,0,0
5.727474,0,0,0,0
5.729269,0,0,0,0
5.731151,0,0,0,0
5.732759,0,0,0,0
5.734515,0,0,0,0
5.736383,0,0,0,0
5.738177,0,0,0,0
5.739970,0,0,0,0
5.741767,0,0,0,0
5.743580,0,0,0,0
5.745376,0,0,0,0
5.747170,0,0,0,0
5.748958,0,0,0,0
5.750760,0,0,0,0
5.752626,0,0,0,0
5.754368,0,0,0,0
5.756118,0,0,0,0
5.757914,0,0,0,0
5.759707,0,0,0,0
5.761503,0,0,0,0
5.763296,0,0,0,0
5.765108,0,0,0,0
5.766902,0,0,0,0
5.768772,0,0,0,0
5.770573,0,0,0,0
5.772364,0,0,0,0
5.774156,0,0,0,0
5.775771,0,0,0,0
5.778665,0,0,0,0
5.781280,0,0,0,0
5.782837,0,0,0,0
5.784445,0,0,0,0
5.786241,0,0,0,0
5.787874,0,0,0,0
5.789371,0,0,0,0
5.790870,0,0,0,0
5.792404,0,0,0,0
5.793946,0,0,0,0
5.795478,0,0,0,0
5.797027,0,0,0,0
5.798633,0,0,0,0
5.800447,0,0,0,0
5.802292,0,0,0,0
5.804079,0,0,0,0
5.805870,0,0,0,0
5.807677,0,0,0,0
5.809487,0,0,0,0
5.811125,0,0,0,0
5.812870,0,0,0,0
5.814466,0,0,0,0
5.816295,0,0,0,0
5.817908,0,0,0,0
5.819656,0,0,0,0
5.821446,0,0,0,0
5.823371,0,0,0,0
5.825162,0,0,0,0
5.826951,0,0,0,0
5.828757,0,0,0,0
5.830551,0,0,0,0
5.832414,0,0,0,0
5.834205,0,0,0,0
5.835995,0,0,0,0
5.837784,0,0,0,0
5.839389,0,0,0,0
5.841158,0,0,0,0
5.842929,0,0,0,0
5.844474,0,0,0,0
5.846007,0,0,0,0
5.847907,0,0,0,0
5.849860,0,0,0,0
5.851750,0,0,0,0
5.853543,0,0,0,0
5.855337,0,0,0,0
5.857133,0,0,0,0
5.858927,0,0,0,0
5.860536,0,0,0,0
5.862289,0,0,0,0
5.864082,0,0,0,0
5.865957,0,0,0,0
5.867750,0,0,0,0
5.869545,0,0,0,0
5.871344,0,0,0,0
5.873343,0,0,0,0
5.874968,0,0,0,0
5.876510,0,0,0,0
5.878053,0,0,0,0
5.879591,0,0,0,0
5.881151,0,0,0,0
5.882689,0,0,0,0
5.884428,0,0,0,0
5.886220,0,0,0,0
5.888012,0,0,0,0
5.889889,0,0,0,0
5.891703,0,0,0,0
5.893496,0,0,0,0
5.895288,0,0,0,0
5.897159,0,0,0,0
5.898951,0,0,0,0
5.900741,0,0,0,0
5.902359,0,0,0,0
5.904092,0,0,0,0
5.905756,0,0,0,0
5.907742,0,0,0,0
5.909601,0,0,0,0
5.911287,0,0,0,0
5.913129,0,0,0,0
5.914923,0,0,0,0
5.916712,0,0,0,0
5.918659,0,0,0,0
5.920525,0,0,0,0
5.922317,0,0,0,0
5.923929,0,0,0,0
5.925681,0,0,0,0
5.927474,0,0,0,0
5.929271,0,0,0,0
5.931065,0,0,0,0
5.932852,0,0,0,0
5.934457,0,0,0,0
5.935991,0,0,0,0
5.937598,0,0,0,0
5.939177,0,0,0,0
5.940707,0,0,0,0
5.942360,0,0,0,0
5.943902,0,0,0,0
5.945535,0,0,0,0
5.947073,0,0,0,0
5.948810,0,0,0,0
5.950612,0,0,0,0
5.952480,0,0,0,0
5.954270,0,0,0,0
5.956083,0,0,0,0
5.957879,0,0,0,0
5.959673,0,0,0,0
5.961469,0,0,0,0
5.963248,0,0,0,0
5.965022,0,0,0,0
5.966833,0,0,0,0
5.968809,0,0,0,0
5.970399,0,0,0,0
5.972144,0,0,0,0
5.973936,0,0,0,0
5.975725,0,0,0,0
5.977606,0,0,0,0
5.979397,0,0,0,0
5.981186,0,0,0,0
5.982780,0,0,0,0
5.984609,0,0,0,0
5.986354,0,0,0,0
5.988115,0,0,0,0
5.989905,0,0,0,0
5.991698,0,0,0,0
5.993491,0,0,0,0
5.995281,0,0,0,0
5.997335,0,0,0,0
5.999159,0,0,0,0
6.001024,0,0,0,0
6.002888,0,0,0,0
6.004676,0,0,0,0
6.006394,0,0,0,0
6.008139,0,0,0,0
6.009767,0,0,0,0
6.011311,0,0,0,0
6.013200,0,0,0,0
6.014984,0,0,0,0
6.016851,0,0,0,0
6.018883,0,0,0,0
6.020453,0,0,0,0
6.021984,0,0,0,0
6.023513,0,0,0,0
6.025177,0,0,0,0
6.027111,0,0,0,0
6.028639,0,0,0,0
6.030348,0,0,0,0
6.031888,0,0,0,0
6.033479,0,0,0,0
6.035006,0,0,0,0
6.036733,0,0,0,0
6.038731,0,0,0,0
6.040594,0,0,0,0
6.042289,0,0,0,0
6.044122,0,0,0,0
6.045913,0,0,0,0
6.047702,0,0,0,0
6.049496,0,0,0,0
6.051287,0,0,0,0
6.052896,0,0,0,0
6.054431,0,0,0,0
6.055968,0,0,0,0
6.057786,0,0,0,0
6.059577,0,0,0,0
6.061366,0,0,0,0
6.063161,0,0,0,0
6.064930,0,0,0,0
6.066669,0,0,0,0
6.068455,0,0,0,0
6.070245,0,0,0,0
6.072034,0,0,0,0
6.073725,0,0,0,0
6.075551,0,0,0,0
6.077349,0,0,0,0
6.079143,0,0,0,0
6.081012,0,0,0,0
6.082625,0,0,0,0
6.084369,0,0,0,0
6.086024,0,0,0,0
6.087645,0,0,0,0
6.089359,0,0,0,0
6.090931,0,0,0,0
6.092469,0,0,0,0
6.094008,0,0,0,0
6.095559,0,0,0,0
6.097310,0,0,0,0
6.099105,0,0,0,0
6.100895,0,0,0,0
6.102693,0,0,0,0
6.104562,0,0,0,0
6.106298,0,0,0,0
6.108051,0,0,0,0
6.109846,0,0,0,0
6.111639,0,0,0,0
6.113437,0,0,0,0
6.115230,0,0,0,0
6.116841,0,0,0,0
6.118595,0,0,0,0
6.120464,0,0,0,0
6.122259,0,0,0,0
6.124053,0,0,0,0
6.125848,0,0,0,0
6.127647,0,0,0,0
6.129298,0,0,0,0
6.130850,0,0,0,0
6.132418,0,0,0,0
6.134283,0,0,0,0
6.135810,0,0,0,0
6.137343,0,0,0,0
6.138887,0,0,0,0
6.140412,0,0,0,0
6.141939,0,0,0,0
6.143644,0,0,0,0
6.145536,0,0,0,0
6.147057,0,0,0,0
6.148596,0,0,0,0
6.150350,0,0,0,0
6.152163,0,0,0,0
6.153760,0,0,0,0
6.155509,0,0,0,0
6.157302,0,0,0,0
6.158899,0,0,0,0
6.160553,0,0,0,0
6.162303,0,0,0,0
6.164096,0,0,0,0
6.165894,0,0,0,0
6.167687,0,0,0,0
6.169479,0,0,0,0
6.171293,0,0,0,0
6.173233,0,0,0,0
6.175028,0,0,0,0
6.176899,0,0,0,0
6.178702,0,0,0,0
6.180494,0,0,0,0
6.182105,0,0,0,0
6.183857,0,0,0,0
6.185732,0,0,0,0
6.187524,0,0,0,0
6.189319,0,0,0,0
6.191099,0,0,0,0
6.192970,0,0,0,0
6.194537,0,0,0,0
6.196091,0,0,0,0
6.197766,0,0,0,0
6.199279,0,0,0,0
6.201089,0,0,0,0
6.202616,0,0,0,0
6.204158,0,0,0,0
6.205688,0,0,0,0
6.207238,0,0,0,0
6.208852,0,0,0,0
6.210460,0,0,0,0
6.211989,0,0,0,0
6.213574,0,0,0,0
6.215131,0,0,0,0
6.216949,0,0,0,0
6.218747,0,0,0,0
6.220590,0,0,0,0
6.222528,0,0,0,0
6.224398,0,0,0,0
6.226057,0,0,0,0
6.227604,0,0,0,0
6.229145,0,0,0,0
6.230679,0,0,0,0
6.232280,0,0,0,0
6.233819,0,0,0,0
6.235562,0,0,0,0
6.237611,0,0,0,0
6.239301,0,0,0,0
6.240944,0,0,0,0
6.242499,0,0,0,0
6.244072,0,0,0,0
6.245615,0,0,0,0
6.247172,0,0,0,0
6.248992,0,0,0,0
6.250563,0,0,0,0
6.252105,0,0,0,0
6.253851,0,0,0,0
6.255646,0,0,0,0
6.257262,0,0,0,0
6.259012,0,0,0,0
6.260803,0,0,0,0
6.262594,0,0,0,0
6.264444,0,0,0,0
6.266090,0,0,0,0
6.267732,0,0,0,0
6.269588,0,0,0,0
6.271398,0,0,0,0
6.272984,0,0,0,0
6.274736,0,0,0,0
6.276525,0,0,0,0
6.278132,0,0,0,0
6.279881,0,0,0,0
6.281755,0,0,0,0
6.283547,0,0,0,0
6.285340,0,0,0,0
6.287130,0,0,0,0
6.288817,0,0,0,0
6.290573,0,0,0,0
6.292361,0,0,0,0
6.294152,0,0,0,0
6.295941,0,0,0,0
6.297815,0,0,0,0
6.299626,0,0,0,0
6.301420,0,0,0,0
6.303209,0,0,0,0
6.305230,0,0,0,0
6.307036,0,0,0,0
6.308823,0,0,0,0
6.310442,0,0,0,0
6.312196,0,0,0,0
6.313999,0,0,0,0
6.315589,0,0,0,0
6.317340,0,0,0,0
6.319133,0,0,0,0
6.321020,0,0,0,0
6.322730,0,0,0,0
6.324466,0,0,0,0
6.326056,0,0,0,0
6.327628,0,0,0,0
6.329486,0,0,0,0
6.331130,0,0,0,0
6.332673,0,0,0,0
6.334353,0,0,0,0
6.335888,0,0,0,0
6.337504,0,0,0,0
6.339037,0,0,0,0
6.340775,0,0,0,0
6.342590,0,0,0,0
6.344456,0,0,0,0
6.346245,0,0,0,0
6.348034,0,0,0,0
6.349825,0,0,0,0
6.351616,0,0,0,0
6.353232,0,0,0,0
6.354979,0,0,0,0
6.356766,0,0,0,0
6.358561,0,0,0,0
6.360423,0,0,0,0
6.362211,0,0,0,0
6.363823,0,0,0,0
6.365522,0,0,0,0
6.367253,0,0,0,0
6.369328,0,0,0,0
6.370933,0,0,0,0
6.372464,0,0,0,0
6.374015,0,0,0,0
6.375757,0,0,0,0
6.377643,0,0,0,0
6.379440,0,0,0,0
6.381235,0,0,0,0
6.383013,0,0,0,0
6.384885,0,0,0,0
6.386523,0,0,0,0
6.388081,0,0,0,0
6.389731,0,0,0,0
6.391275,0,0,0,0
6.392890,0,0,0,0
6.394477,0,0,0,0
6.396024,0,0,0,0
6.397769,0,0,0,0
6.399561,0,0,0,0
6.401370,0,0,0,0
6.403146,0,0,0,0
6.404934,0,0,0,0
6.406754,0,0,0,0
6.408622,0,0,0,0
6.410351,0,0,0,0
6.412097,0,0,0,0
6.413890,0,0,0,0
6.415684,0,0,0,0
6.417296,0,0,0,0
6.419048,0,0,0,0
6.420836,0,0,0,0
6.422431,0,0,0,0
6.423973,0,0,0,0
6.425797,0,0,0,0
6.427611,0,0,0,0
6.429210,0,0,0,0
6.430747,0,0,0,0
6.432358,0,0,0,0
6.433890,0,0,0,0
6.435419,0,0,0,0
6.436951,0,0,0,0
6.438514,0,0,0,0
6.440582,0,0,0,0
6.442117,0,0,0,0
6.443813,0,0,0,0
6.445459,0,0,0,0
6.447131,0,0,0,0
6.448752,0,0,0,0
6.450370,0,0,0,0
6.452005,0,0,0,0
6.453546,0,0,0,0
6.455082,0,0,0,0
6.456686,0,0,0,0
6.458351,0,0,0,0
6.459899,0,0,0,0
6.461647,0,0,0,0
6.463440,0,0,0,0
6.465237,0,0,0,0
6.467031,0,0,0,0
6.468820,0,0,0,0
6.470640,0,0,0,0
6.472507,0,0,0,0
6.474303,0,0,0,0
6.476095,0,0,0,0
6.477889,0,0,0,0
6.479682,0,0,0,0
6.481302,0,0,0,0
6.483056,0,0,0,0
6.484845,0,0,0,0
6.486443,0,0,0,0
6.487985,0,0,0,0
6.489813,0,0,0,0
6.491628,0,0,0,0
6.493423,0,0,0,0
6.495217,0,0,0,0
6.497237,0,0,0,0
6.498827,0,0,0,0
6.500372,0,0,0,0
6.502133,0,0,0,0
6.503910,0,0,0,0
6.505571,0,0,0,0
6.507257,0,0,0,0
6.509000,0,0,0,0
6.510551,0,0,0,0
6.512393,0,0,0,0
6.514188,0,0,0,0
6.515981,0,0,0,0
6.517776,0,0,0,0
6.519568,0,0,0,0
6.521365,0,0,0,0
6.522980,0,0,0,0
6.524728,0,0,0,0
6.526528,0,0,0,0
6.528394,0,0,0,0
6.530187,0,0,0,0
6.531979,0,0,0,0
6.533785,0,0,0,0
6.535505,0,0,0,0
6.537220,0,0,0,0
6.538924,0,0,0,0
6.540593,0,0,0,0
6.542265,0,0,0,0
6.543956,0,0,0,0
6.545723,0,0,0,0
6.547515,0,0,0,0
6.549310,0,0,0,0
6.551104,0,0,0,0
6.552969,0,0,0,0
6.554789,0,0,0,0
6.556580,0,0,0,0
6.558316,0,0,0,0
6.560067,0,0,0,0
6.561944,0,0,0,0
6.563724,0,0,0,0
6.565373,0,0,0,0
6.567061,0,0,0,0
6.568991,0,0,0,0
6.570805,0,0,0,0
6.572392,0,0,0,0
6.574142,0,0,0,0
6.575955,0,0,0,0
6.577832,0,0,0,0
6.579618,0,0,0,0
6.581411,0,0,0,0
6.583190,0,0,0,0
6.585211,0,0,0,0
6.586829,0,0,0,0
6.588577,0,0,0,0
6.590447,0,0,0,0
6.592318,0,0,0,0
6.594107,0,0,0,0
6.595895,0,0,0,0
6.597710,0,0,0,0
6.599488,0,0,0,0
6.601280,0,0,0,0
6.603074,0,0,0,0
6.604862,0,0,0,0
6.606447,0,0,0,0
6.608006,0,0,0,0
6.609779,0,0,0,0
6.611573,0,0,0,0
6.613369,0,0,0,0
6.615162,0,0,0,0
6.617029,0,0,0,0
6.618643,0,0,0,0
6.620188,0,0,0,0
6.621934,0,0,0,0
6.623714,0,0,0,0
6.625385,0,0,0,0
6.627072,0,0,0,0
6.628626,0,0,0,0
6.630260,0,0,0,0
6.632039,0,0,0,0
6.633913,0,0,0,0
6.635706,0,0,0,0
6.637559,0,0,0,0
6.639357,0,0,0,0
6.641267,0,0,0,0
6.643055,0,0,0,0
6.644646,0,0,0,0
6.646313,0,0,0,0
6.648053,0,0,0,0
6.649749,0,0,0,0
6.651500,0,0,0,0
6.653293,0,0,0,0
6.655083,0,0,0,0
6.656950,0,0,0,0
6.658748,0,0,0,0
6.660557,0,0,0,0
6.662141,0,0,0,0
6.663888,0,0,0,0
6.665761,0,0,0,0
6.667551,0,0,0,0
6.669344,0,0,0,0
6.671621,0,0,0,0
6.673173,0,0,0,0
6.674905,0,0,0,0
6.676628,0,0,0,0
6.678500,0,0,0,0
6.680048,0,0,0,0
6.681684,0,0,0,0
6.683216,0,0,0,0
6.684741,0,0,0,0
6.686477,0,0,0,0
6.688014,0,0,0,0
6.689783,0,0,0,0
6.691605,0,0,0,0
6.693221,0,0,0,0
6.696083,0,0,0,0
6.697947,0,0,0,0
6.699589,0,0,0,0
6.701137,0,0,0,0
6.702665,0,0,0,0
6.704399,0,0,0,0
6.705929,0,0,0,0
6.707452,0,0,0,0
6.708947,0,0,0,0
6.710574,0,0,0,0
6.712098,0,0,0,0
6.713692,0,0,0,0
6.715431,0,0,0,0
6.717429,0,0,0,0
6.719208,0,0,0,0
6.721340,0,0,0,0
6.723158,0,0,0,0
6.724949,0,0,0,0
6.726768,0,0,0,0
6.728637,0,0,0,0
6.730364,0,0,0,0
6.732112,0,0,0,0
6.733907,0,0,0,0
6.735699,0,0,0,0
6.737317,0,0,0,0
6.739073,0,0,0,0
6.740862,0,0,0,0
6.742459,0,0,0,0
6.743994,0,0,0,0
6.745603,0,0,0,0
6.747269,0,0,0,0
6.749315,0,0,0,0
6.751135,0,0,0,0
6.752799,0,0,0,0
6.754554,0,0,0,0
6.756342,0,0,0,0
6.758135,0,0,0,0
6.759747,0,0,0,0
6.761501,0,0,0,0
6.763293,0,0,0,0
6.765240,0,0,0,0
6.767035,0,0,0,0
6.768900,0,0,0,0
6.770720,0,0,0,0
6.772509,0,0,0,0
6.774300,0,0,0,0
6.776092,0,0,0,0
6.777966,0,0,0,0
6.779757,0,0,0,0
6.781370,0,0,0,0
6.783121,0,0,0,0
6.784990,0,0,0,0
6.786765,0,0,0,0
6.788307,0,0,0,0
6.789852,0,0,0,0
6.791616,0,0,0,0
6.793212,0,0,0,0
6.794963,0,0,0,0
6.796753,0,0,0,0
6.798550,0,0,0,0
6.800416,0,0,0,0
6.802022,0,0,0,0
6.803759,0,0,0,0
6.805338,0,0,0,0
6.807023,0,0,0,0
6.808900,0,0,0,0
6.810464,0,0,0,0
6.812052,0,0,0,0
6.813593,0,0,0,0
6.815138,0,0,0,0
6.816956,0,0,0,0
6.818755,0,0,0,0
6.820541,0,0,0,0
6.822149,0,0,0,0
6.823897,0,0,0,0
6.825770,0,0,0,0
6.827559,0,0,0,0
6.829351,0,0,0,0
6.831141,0,0,0,0
6.833026,0,0,0,0
6.834735,0,0,0,0
6.836482,0,0,0,0
6.838270,0,0,0,0
6.840060,0,0,0,0
6.841930,0,0,0,0
6.843537,0,0,0,0
6.845094,0,0,0,0
6.846850,0,0,0,0
6.848718,0,0,0,0
6.850517,0,0,0,0
6.852307,0,0,0,0
6.854119,0,0,0,0
6.855912,0,0,0,0
6.857786,0,0,0,0
6.859578,0,0,0,0
6.861376,0,0,0,0
6.863157,0,0,0,0
6.864834,0,0,0,0
6.866454,0,0,0,0
6.868063,0,0,0,0
6.869907,0,0,0,0
6.871530,0,0,0,0
6.873362,0,0,0,0
6.874976,0,0,0,0
6.876723,0,0,0,0
6.878523,0,0,0,0
6.880390,0,0,0,0
6.882184,0,0,0,0
6.883977,0,0,0,0
6.885595,0,0,0,0
6.887348,0,0,0,0
6.889148,0,0,0,0
6.890942,0,0,0,0
6.892733,0,0,0,0
6.894521,0,0,0,0
6.896393,0,0,0,0
6.897974,0,0,0,0
6.899718,0,0,0,0
6.901421,0,0,0,0
6.903180,0,0,0,0
6.906867,0,0,0,0
6.908625,0,0,0,0
6.910287,0,0,0,0
6.911830,0,0,0,0
6.913374,0,0,0,0
6.914914,0,0,0,0
6.916451,0,0,0,0
6.917991,0,0,0,0
6.919548,0,0,0,0
6.921154,0,0,0,0
6.922680,0,0,0,0
6.924205,0,0,0,0
6.925736,0,0,0,0
6.927412,0,0,0,0
6.928944,0,0,0,0
6.930583,0,0,0,0
6.932323,0,0,0,0
6.934115,0,0,0,0
6.935911,0,0,0,0
6.937782,0,0,0,0
6.939574,0,0,0,0
6.941385,0,0,0,0
6.943173,0,0,0,0
6.944842,0,0,0,0
6.946606,0,0,0,0
6.948397,0,0,0,0
6.950190,0,0,0,0
6.951805,0,0,0,0
6.953560,0,0,0,0
6.955356,0,0,0,0
6.957151,0,0,0,0
6.958929,0,0,0,0
6.960783,0,0,0,0
6.962499,0,0,0,0
6.964142,0,0,0,0
6.965684,0,0,0,0
6.967220,0,0,0,0
6.968822,0,0,0,0
6.970358,0,0,0,0
6.971892,0,0,0,0
6.973443,0,0,0,0
6.975182,0,0,0,0
6.977049,0,0,0,0
6.978990,0,0,0,0
6.980777,0,0,0,0
6.982374,0,0,0,0
6.984132,0,0,0,0
6.985732,0,0,0,0
6.987428,0,0,0,0
6.989275,0,0,0,0
6.991101,0,0,0,0
6.992765,0,0,0,0
6.994339,0,0,0,0
6.996082,0,0,0,0
6.997770,0,0,0,0
6.999522,0,0,0,0
7.001317,0,0,0,0
7.003104,0,0,0,0
7.004895,0,0,0,0
7.006607,0,0,0,0
7.008412,0,0,0,0
7.010196,0,0,0,0
7.011983,0,0,0,0
7.013768,0,0,0,0
7.015376,0,0,0,0
7.017201,0,0,0,0
7.018991,0,0,0,0
7.020777,0,0,0,0
7.022571,0,0,0,0
7.024436,0,0,0,0
7.026242,0,0,0,0
7.028098,0,0,0,0
7.029774,0,0,0,0
7.031506,0,0,0,0
7.033474,0,0,0,0
7.035254,0,0,0,0
7.036855,0,0,0,0
7.038743,0,0,0,0
7.040607,0,0,0,0
7.042472,0,0,0,0
7.044057,0,0,0,0
7.045752,0,0,0,0
7.047467,0,0,0,0
7.049210,0,0,0,0
7.051102,0,0,0,0
7.052890,0,0,0,0
7.054689,0,0,0,0
7.056557,0,0,0,0
7.058355,0,0,0,0
7.060106,0,0,0,0
7.061900,0,0,0,0
7.063692,0,0,0,0
7.065486,0,0,0,0
7.067277,0,0,0,0
7.069238,0,0,0,0
7.070918,0,0,0,0
7.072742,0,0,0,0
7.074536,0,0,0,0
7.076124,0,0,0,0
7.077875,0,0,0,0
7.079481,0,0,0,0
7.081233,0,0,0,0
7.083023,0,0,0,0
7.084808,0,0,0,0
7.086601,0,0,0,0
7.088548,0,0,0,0
7.090293,0,0,0,0
7.092043,0,0,0,0
7.093836,0,0,0,0
7.095627,0,0,0,0
7.097424,0,0,0,0
7.099217,0,0,0,0
7.100826,0,0,0,0
7.102576,0,0,0,0
7.104426,0,0,0,0
7.106086,0,0,0,0
7.107701,0,0,0,0
7.109504,0,0,0,0
7.111227,0,0,0,0
7.113000,0,0,0,0
7.114516,0,0,0,0
7.116182,0,0,0,0
7.117892,0,0,0,0
7.119589,0,0,0,0
7.121264,0,0,0,0
7.122932,0,0,0,0
7.124638,0,0,0,0
7.126424,0,0,0,0
7.128132,0,0,0,0
7.129912,0,0,0,0
7.131643,0,0,0,0
7.133356,0,0,0,0
7.135068,0,0,0,0
7.136839,0,0,0,0
7.138552,0,0,0,0
7.140260,0,0,0,0
7.141987,0,0,0,0
7.143699,0,0,0,0
7.145414,0,0,0,0
7.147123,0,0,0,0
7.148832,0,0,0,0
7.150549,0,0,0,0
7.152089,0,0,0,0
7.153827,0,0,0,0
7.155537,0,0,0,0
7.157249,0,0,0,0
7.158779,0,0,0,0
7.160513,0,0,0,0
7.162223,0,0,0,0
7.163939,0,0,0,0
7.165450,0,0,0,0
7.167050,0,0,0,0
7.168771,0,0,0,0
7.170574,0,0,0,0
7.172280,0,0,0,0
7.173821,0,0,0,0
7.175487,0,0,0,0
7.177010,0,0,0,0
7.178679,0,0,0,0
7.180385,0,0,0,0
7.182093,0,0,0,0
7.183801,0,0,0,0
7.185592,0,0,0,0
7.187300,0,0,0,0
7.189006,0,0,0,0
7.190523,0,0,0,0
7.192185,0,0,0,0
7.193706,0,0,0,0
7.195181,0,0,0,0
7.196667,0,0,0,0
7.198135,0,0,0,0
7.199791,0,0,0,0
7.201504,0,0,0,0
7.203212,0,0,0,0
7.204916,0,0,0,0
7.206631,0,0,0,0
7.208419,0,0,0,0
7.210123,0,0,0,0
7.211830,0,0,0,0
7.213365,0,0,0,0
7.215027,0,0,0,0
7.216785,0,0,0,0
7.218420,0,0,0,0
7.220090,0,0,0,0
7.221804,0,0,0,0
7.223501,0,0,0,0
7.225316,0,0,0,0
7.226854,0,0,0,0
7.228518,0,0,0,0
7.230054,0,0,0,0
7.231717,0,0,0,0
7.233513,0,0,0,0
7.235225,0,0,0,0
7.236930,0,0,0,0
7.238643,0,0,0,0
7.240183,0,0,0,0
7.241853,0,0,0,0
7.243562,0,0,0,0
7.245274,0,0,0,0
7.246801,0,0,0,0
7.248543,0,0,0,0
7.250253,0,0,0,0
7.251985,0,0,0,0
7.253698,0,0,0,0
7.255407,0,0,0,0
7.257124,0,0,0,0
7.258832,0,0,0,0
7.260541,0,0,0,0
7.262085,0,0,0,0
7.263751,0,0,0,0
7.265465,0,0,0,0
7.267177,0,0,0,0
7.268885,0,0,0,0
7.270605,0,0,0,0
7.272399,0,0,0,0
7.274111,0,0,0,0
7.275823,0,0,0,0
7.277538,0,0,0,0
7.279251,0,0,0,0
7.281026,0,0,0,0
7.282640,0,0,0,0
7.284175,0,0,0,0
7.285702,0,0,0,0
7.287465,0,0,0,0
7.289208,0,0,0,0
7.290847,0,0,0,0
7.292386,0,0,0,0
7.294146,0,0,0,0
7.295939,0,0,0,0
7.297814,0,0,0,0
7.299606,0,0,0,0
7.301402,0,0,0,0
7.303194,0,0,0,0
7.305233,0,0,0,0
7.306915,0,0,0,0
7.308662,0,0,0,0
7.310536,0,0,0,0
7.312176,0,0,0,0
7.313722,0,0,0,0
7.315287,0,0,0,0
7.317029,0,0,0,0
7.318962,0,0,0,0
7.320830,0,0,0,0
7.322452,0,0,0,0
7.324126,0,0,0,0
7.325755,0,0,0,0
7.327342,0,0,0,0
7.328881,0,0,0,0
7.330413,0,0,0,0
7.332150,0,0,0,0
7.333946,0,0,0,0
7.335741,0,0,0,0
7.337431,0,0,0,0
7.339184,0,0,0,0
7.341034,0,0,0,0
7.342850,0,0,0,0
7.344458,0,0,0,0
7.346195,0,0,0,0
7.347836,0,0,0,0
7.349371,0,0,0,0
7.350930,0,0,0,0
7.352744,0,0,0,0
7.354562,0,0,0,0
7.356102,0,0,0,0
7.357848,0,0,0,0
7.359469,0,0,0,0
7.361223,0,0,0,0
7.363010,0,0,0,0
7.364599,0,0,0,0
7.366143,0,0,0,0
7.367874,0,0,0,0
7.369751,0,0,0,0
7.371322,0,0,0,0
7.372979,0,0,0,0
7.374508,0,0,0,0
7.376044,0,0,0,0
7.377664,0,0,0,0
7.379218,0,0,0,0
7.380971,0,0,0,0
7.382770,0,0,0,0
7.384636,0,0,0,0
7.386362,0,0,0,0
7.388107,0,0,0,0
7.389899,0,0,0,0
7.391710,0,0,0,0
7.393501,0,0,0,0
7.395292,0,0,0,0
7.397236,0,0,0,0
7.399034,0,0,0,0
7.400871,0,0,0,0
7.402491,0,0,0,0
7.404226,0,0,0,0
7.406037,0,0,0,0
7.407657,0,0,0,0
7.409616,0,0,0,0
7.411846,0,0,0,0
7.413490,0,0,0,0
7.414967,0,0,0,0
7.416503,0,0,0,0
7.418018,0,0,0,0
7.419490,0,0,0,0
7.421005,0,0,0,0
7.422663,0,0,0,0
7.424271,0,0,0,0
7.425967,0,0,0,0
7.427685,0,0,0,0
7.429397,0,0,0,0
7.431104,0,0,0,0
7.432901,0,0,0,0
7.434507,0,0,0,0
7.436713,0,0,0,0
7.438307,0,0,0,0
7.439855,0,0,0,0
7.441852,0,0,0,0
7.443716,0,0,0,0
7.445717,0,0,0,0
7.447761,0,0,0,0
7.449315,0,0,0,0
7.450833,0,0,0,0
7.452436,0,0,0,0
7.453930,0,0,0,0
7.455403,0,0,0,0
7.456953,0,0,0,0
7.458446,0,0,0,0
7.459914,0,0,0,0
7.461327,0,0,0,0
7.462745,0,0,0,0
7.464168,0,0,0,0
7.465627,0,0,0,0
7.467227,0,0,0,0
7.468740,0,0,0,0
7.470292,0,0,0,0
7.471811,0,0,0,0
7.473398,0,0,0,0
7.474916,0,0,0,0
7.476424,0,0,0,0
7.477929,0,0,0,0
7.479433,0,0,0,0
7.480970,0,0,0,0
7.482512,0,0,0,0
7.484034,0,0,0,0
7.485737,0,0,0,0
7.487562,0,0,0,0
7.489266,0,0,0,0
7.490945,0,0,0,0
7.492470,0,0,0,0
7.493995,0,0,0,0
7.495520,0,0,0,0
7.497252,0,0,0,0
7.498996,0,0,0,0
7.500773,0,0,0,0
7.502754,0,0,0,0
7.504625,0,0,0,0
7.506502,0,0,0,0
7.508294,0,0,0,0
7.509912,0,0,0,0
7.511665,0,0,0,0
7.513462,0,0,0,0
7.515256,0,0,0,0
7.517044,0,0,0,0
7.518989,0,0,0,0
7.520876,0,0,0,0
7.522676,0,0,0,0
7.524466,0,0,0,0
7.526259,0,0,0,0
7.528053,0,0,0,0
7.529926,0,0,0,0
7.531543,0,0,0,0
7.533296,0,0,0,0
7.535090,0,0,0,0
7.536958,0,0,0,0
7.538747,0,0,0,0
7.540522,0,0,0,0
7.542335,0,0,0,0
7.543969,0,0,0,0
7.546050,0,0,0,0
7.547636,0,0,0,0
7.549185,0,0,0,0
7.550723,0,0,0,0
7.552357,0,0,0,0
7.553900,0,0,0,0
7.555437,0,0,0,0
7.557185,0,0,0,0
7.558977,0,0,0,0
7.560846,0,0,0,0
7.562447,0,0,0,0
7.563991,0,0,0,0
7.565738,0,0,0,0
7.567530,0,0,0,0
7.569327,0,0,0,0
7.571121,0,0,0,0
7.572732,0,0,0,0
7.574637,0,0,0,0
7.576502,0,0,0,0
7.578292,0,0,0,0
7.580053,0,0,0,0
7.581765,0,0,0,0
7.583496,0,0,0,0
7.585212,0,0,0,0
7.586923,0,0,0,0
7.588631,0,0,0,0
7.590288,0,0,0,0
7.591956,0,0,0,0
7.593569,0,0,0,0
7.595239,0,0,0,0
7.596948,0,0,0,0
7.598655,0,0,0,0
7.600412,0,0,0,0
7.602022,0,0,0,0
7.603589,0,0,0,0
7.605366,0,0,0,0
7.607196,0,0,0,0
7.608858,0,0,0,0
7.610604,0,0,0,0
7.612391,0,0,0,0
7.613995,0,0,0,0
7.615743,0,0,0,0
7.617536,0,0,0,0
7.619326,0,0,0,0
7.621118,0,0,0,0
7.622909,0,0,0,0
7.624797,0,0,0,0
7.626594,0,0,0,0
7.628402,0,0,0,0
7.630173,0,0,0,0
7.631922,0,0,0,0
7.633579,0,0,0,0
7.635141,0,0,0,0
7.636881,0,0,0,0
7.638677,0,0,0,0
7.640544,0,0,0,0
7.642333,0,0,0,0
7.644124,0,0,0,0
7.645936,0,0,0,0
7.647563,0,0,0,0
7.649354,0,0,0,0
7.651148,0,0,0,0
7.652937,0,0,0,0
7.654738,0,0,0,0
7.656429,0,0,0,0
7.658183,0,0,0,0
7.659960,0,0,0,0
7.661540,0,0,0,0
7.663224,0,0,0,0
7.665030,0,0,0,0
7.666825,0,0,0,0
7.668571,0,0,0,0
7.670294,0,0,0,0
7.672042,0,0,0,0
7.673917,0,0,0,0
7.675708,0,0,0,0
7.677325,0,0,0,0
7.679076,0,0,0,0
7.680943,0,0,0,0
7.682741,0,0,0,0
7.684529,0,0,0,0
7.686319,0,0,0,0
7.688130,0,0,0,0
7.690001,0,0,0,0
7.691790,0,0,0,0
7.693581,0,0,0,0
7.695173,0,0,0,0
7.697008,0,0,0,0
7.698675,0,0,0,0
7.700219,0,0,0,0
7.701968,0,0,0,0
7.703764,0,0,0,0
7.705562,0,0,0,0
7.707354,0,0,0,0
7.709170,0,0,0,0
7.710961,0,0,0,0
7.712831,0,0,0,0
7.714624,0,0,0,0
7.716412,0,0,0,0
7.717990,0,0,0,0
7.719542,0,0,0,0
7.721194,0,0,0,0
7.722734,0,0,0,0
7.724257,0,0,0,0
7.725780,0,0,0,0
7.727609,0,0,0,0
7.729374,0,0,0,0
7.730909,0,0,0,0
7.732407,0,0,0,0
7.733893,0,0,0,0
7.735371,0,0,0,0
7.736938,0,0,0,0
7.738444,0,0,0,0
7.739902,0,0,0,0
7.741367,0,0,0,0
7.742825,0,0,0,0
7.744338,0,0,0,0
7.745910,0,0,0,0
7.747481,0,0,0,0
7.749168,0,0,0,0
7.750741,0,0,0,0
7.752371,0,0,0,0
7.753946,0,0,0,0
7.755535,0,0,0,0
7.757105,0,0,0,0
7.758673,0,0,0,0
7.760303,0,0,0,0
7.761839,0,0,0,0
7.763387,0,0,0,0
7.764922,0,0,0,0
7.766461,0,0,0,0
7.767995,0,0,0,0
7.769601,0,0,0,0
7.771135,0,0,0,0
7.772876,0,0,0,0
7.774710,0,0,0,0
7.776583,0,0,0,0
7.778314,0,0,0,0
7.780066,0,0,0,0
7.781863,0,0,0,0
7.783643,0,0,0,0
7.785372,0,0,0,0
7.787069,0,0,0,0
7.788814,0,0,0,0
7.790547,0,0,0,0
7.792379,0,0,0,0
7.794170,0,0,0,0
7.795980,0,0,0,0
7.797773,0,0,0,0
7.799564,0,0,0,0
7.801431,0,0,0,0
7.803334,0,0,0,0
7.805287,0,0,0,0
7.806895,0,0,0,0
7.808721,0,0,0,0
7.810515,0,0,0,0
7.812107,0,0,0,0
7.813861,0,0,0,0
7.815647,0,0,0,0
7.817302,0,0,0,0
7.819064,0,0,0,0
7.820855,0,0,0,0
7.822982,0,0,0,0
7.824829,0,0,0,0
7.826450,0,0,0,0
7.828017,0,0,0,0
7.829513,0,0,0,0
7.831029,0,0,0,0
7.832655,0,0,0,0
7.834420,0,0,0,0
7.835946,0,0,0,0
7.837471,0,0,0,0
7.839011,0,0,0,0
7.840817,0,0,0,0
7.842685,0,0,0,0
7.844460,0,0,0,0
7.846219,0,0,0,0
7.848001,0,0,0,0
7.849656,0,0,0,0
7.851395,0,0,0,0
7.853400,0,0,0,0
7.855212,0,0,0,0
7.857191,0,0,0,0
7.858810,0,0,0,0
7.860376,0,0,0,0
7.861921,0,0,0,0
7.863459,0,0,0,0
7.865067,0,0,0,0
7.866604,0,0,0,0
7.868347,0,0,0,0
7.870142,0,0,0,0
7.871745,0,0,0,0
7.873287,0,0,0,0
7.874878,0,0,0,0
7.876413,0,0,0,0
7.878226,0,0,0,0
7.880016,0,0,0,0
7.881888,0,0,0,0
7.883700,0,0,0,0
7.885493,0,0,0,0
7.887282,0,0,0,0
7.889153,0,0,0,0
7.890944,0,0,0,0
7.892732,0,0,0,0
7.894351,0,0,0,0
7.896097,0,0,0,0
7.897972,0,0,0,0
7.899558,0,0,0,0
7.901318,0,0,0,0
7.903095,0,0,0,0
7.904972,0,0,0,0
7.906669,0,0,0,0
7.908567,0,0,0,0
7.910152,0,0,0,0
7.911897,0,0,0,0
7.913771,0,0,0,0
7.915381,0,0,0,0
7.917134,0,0,0,0
7.918923,0,0,0,0
7.920790,0,0,0,0
7.922584,0,0,0,0
7.924371,0,0,0,0
7.926183,0,0,0,0
7.927974,0,0,0,0
7.929557,0,0,0,0
7.931308,0,0,0,0
7.933099,0,0,0,0
7.934893,0,0,0,0
7.936580,0,0,0,0
7.938331,0,0,0,0
7.940120,0,0,0,0
7.941913,0,0,0,0
7.943701,0,0,0,0
7.945304,0,0,0,0
7.946870,0,0,0,0
7.948532,0,0,0,0
7.950319,0,0,0,0
7.952108,0,0,0,0
7.953979,0,0,0,0
7.955767,0,0,0,0
7.957382,0,0,0,0
7.959134,0,0,0,0
7.961007,0,0,0,0
7.962801,0,0,0,0
7.964333,0,0,0,0
7.966282,0,0,0,0
7.968022,0,0,0,0
7.969949,0,0,0,0
7.971572,0,0,0,0
7.973118,0,0,0,0
7.974652,0,0,0,0
7.976265,0,0,0,0
7.977804,0,0,0,0
7.979356,0,0,0,0
7.981101,0,0,0,0
7.982689,0,0,0,0
7.984504,0,0,0,0
7.986092,0,0,0,0
7.987896,0,0,0,0
7.989710,0,0,0,0
7.991503,0,0,0,0
7.993299,0,0,0,0
7.995092,0,0,0,0
7.996880,0,0,0,0
7.998481,0,0,0,0
8.000339,0,0,0,0
8.002135,0,0,0,0
8.003929,0,0,0,0
8.005724,0,0,0,0
8.007518,0,0,0,0
8.009318,0,0,0,0
8.011133,0,0,0,0
8.012924,0,0,0,0
8.014723,0,0,0,0
8.016595,0,0,0,0
8.018320,0,0,0,0
8.020068,0,0,0,0
8.021684,0,0,0,0
8.023423,0,0,0,0
8.025344,0,0,0,0
8.026962,0,0,0,0
8.029291,0,0,0,0
8.030889,0,0,0,0
8.033446,0,0,0,0
8.035111,0,0,0,0
8.036663,0,0,0,0
8.038257,0,0,0,0
8.039788,0,0,0,0
8.041339,0,0,0,0
8.042890,0,0,0,0
8.044424,0,0,0,0
8.046159,0,0,0,0
8.047937,0,0,0,0
8.049604,0,0,0,0
8.051338,0,0,0,0
8.053043,0,0,0,0
8.054849,0,0,0,0
8.056622,0,0,0,0
8.058143,0,0,0,0
8.059806,0,0,0,0
8.061518,0,0,0,0
8.063228,0,0,0,0
8.064768,0,0,0,0
8.066442,0,0,0,0
8.068147,0,0,0,0
8.069858,0,0,0,0
8.071568,0,0,0,0
8.073279,0,0,0,0
8.075004,0,0,0,0
8.076537,0,0,0,0
8.078293,0,0,0,0
8.080088,0,0,0,0
8.081957,0,0,0,0
8.083731,0,0,0,0
8.085408,0,0,0,0
8.087101,0,0,0,0
8.088956,0,0,0,0
8.090853,0,0,0,0
8.092645,0,0,0,0
8.094642,0,0,0,0
8.096528,0,0,0,0
8.098323,0,0,0,0
8.100118,0,0,0,0
8.101914,0,0,0,0
8.103711,0,0,0,0
8.105509,0,0,0,0
8.107121,0,0,0,0
8.108869,0,0,0,0
8.110463,0,0,0,0
8.112214,0,0,0,0
8.114019,0,0,0,0
8.115609,0,0,0,0
8.117386,0,0,0,0
8.119181,0,0,0,0
8.121050,0,0,0,0
8.123004,0,0,0,0
8.124797,0,0,0,0
8.126596,0,0,0,0
8.128287,0,0,0,0
8.130040,0,0,0,0
8.131833,0,0,0,0
8.133630,0,0,0,0
8.135423,0,0,0,0
8.137222,0,0,0,0
8.139039,0,0,0,0
8.140831,0,0,0,0
8.142617,0,0,0,0
8.144472,0,0,0,0
8.146126,0,0,0,0
8.147657,0,0,0,0
8.149419,0,0,0,0
8.151164,0,0,0,0
8.153032,0,0,0,0
8.154977,0,0,0,0
8.156766,0,0,0,0
8.158370,0,0,0,0
8.160143,0,0,0,0
8.161948,0,0,0,0
8.163541,0,0,0,0
8.165294,0,0,0,0
8.167089,0,0,0,0
8.168960,0,0,0,0
8.170582,0,0,0,0
8.172332,0,0,0,0
8.174126,0,0,0,0
8.175921,0,0,0,0
8.177712,0,0,0,0
8.179509,0,0,0,0
8.181325,0,0,0,0
8.183120,0,0,0,0
8.184989,0,0,0,0
8.186595,0,0,0,0
8.188343,0,0,0,0
8.190138,0,0,0,0
8.191752,0,0,0,0
8.193510,0,0,0,0
8.195101,0,0,0,0
8.196656,0,0,0,0
8.198697,0,0,0,0
8.200314,0,0,0,0
8.201863,0,0,0,0
8.203402,0,0,0,0
8.205528,0,0,0,0
8.207566,0,0,0,0
8.209296,0,0,0,0
8.210852,0,0,0,0
8.212396,0,0,0,0
8.213955,0,0,0,0
8.215488,0,0,0,0
8.217214,0,0,0,0
8.218748,0,0,0,0
8.220485,0,0,0,0
8.222276,0,0,0,0
8.224087,0,0,0,0
8.225963,0,0,0,0
8.227756,0,0,0,0
8.229549,0,0,0,0
8.231341,0,0,0,0
8.233135,0,0,0,0
8.234800,0,0,0,0
8.236557,0,0,0,0
8.238142,0,0,0,0
8.239877,0,0,0,0
8.241535,0,0,0,0
8.243281,0,0,0,0
8.245243,0,0,0,0
8.247031,0,0,0,0
8.248893,0,0,0,0
8.250539,0,0,0,0
8.252297,0,0,0,0
8.254091,0,0,0,0
8.255705,0,0,0,0
8.257464,0,0,0,0
8.259259,0,0,0,0
8.261049,0,0,0,0
8.262979,0,0,0,0
8.264833,0,0,0,0
8.266461,0,0,0,0
8.268003,0,0,0,0
8.269755,0,0,0,0
8.272796,0,0,0,0
8.274494,0,0,0,0
8.276025,0,0,0,0
8.277811,0,0,0,0
8.279351,0,0,0,0
8.280953,0,0,0,0
8.282697,0,0,0,0
8.284486,0,0,0,0
8.286276,0,0,0,0
8.287886,0,0,0,0
8.289514,0,0,0,0
8.291052,0,0,0,0
8.292587,0,0,0,0
8.294122,0,0,0,0
8.295653,0,0,0,0
8.297397,0,0,0,0
8.299071,0,0,0,0
8.300816,0,0,0,0
8.302613,0,0,0,0
8.304482,0,0,0,0
8.306273,0,0,0,0
8.308065,0,0,0,0
8.309877,0,0,0,0
8.311684,0,0,0,0
8.313342,0,0,0,0
8.314890,0,0,0,0
8.316636,0,0,0,0
8.318365,0,0,0,0
8.320130,0,0,0,0
8.322004,0,0,0,0
8.323783,0,0,0,0
8.325389,0,0,0,0
8.327073,0,0,0,0
8.328894,0,0,0,0
8.331657,0,0,0,0
8.333274,0,0,0,0
8.334862,0,0,0,0
8.336459,0,0,0,0
8.337992,0,0,0,0
8.339528,0,0,0,0
8.341092,0,0,0,0
8.342834,0,0,0,0
8.344700,0,0,0,0
8.346657,0,0,0,0
8.348445,0,0,0,0
8.350234,0,0,0,0
8.352041,0,0,0,0
8.353913,0,0,0,0
8.355705,0,0,0,0
8.357496,0,0,0,0
8.359288,0,0,0,0
8.361156,0,0,0,0
8.362772,0,0,0,0
8.364612,0,0,0,0
8.366462,0,0,0,0
8.368012,0,0,0,0
8.369562,0,0,0,0
8.371151,0,0,0,0
8.372681,0,0,0,0
8.374429,0,0,0,0
8.376167,0,0,0,0
8.377861,0,0,0,0
8.379409,0,0,0,0
8.381158,0,0,0,0
8.382935,0,0,0,0
8.384615,0,0,0,0
8.386350,0,0,0,0
8.387894,0,0,0,0
8.389894,0,0,0,0
8.391682,0,0,0,0
8.393479,0,0,0,0
8.395294,0,0,0,0
8.397238,0,0,0,0
8.399045,0,0,0,0
8.400914,0,0,0,0
8.402716,0,0,0,0
8.404507,0,0,0,0
8.406116,0,0,0,0
8.407868,0,0,0,0
8.409743,0,0,0,0
8.411538,0,0,0,0
8.413336,0,0,0,0
8.415133,0,0,0,0
8.417020,0,0,0,0
8.418600,0,0,0,0
8.420257,0,0,0,0
8.421930,0,0,0,0
8.423602,0,0,0,0
8.425277,0,0,0,0
8.426970,0,0,0,0
8.428668,0,0,0,0
8.430597,0,0,0,0
8.432447,0,0,0,0
8.434024,0,0,0,0
8.435770,0,0,0,0
8.437585,0,0,0,0
8.439377,0,0,0,0
8.441172,0,0,0,0
8.443262,0,0,0,0
8.444809,0,0,0,0
8.446616,0,0,0,0
8.448162,0,0,0,0
8.450034,0,0,0,0
8.451619,0,0,0,0
8.453346,0,0,0,0
8.454897,0,0,0,0
8.456504,0,0,0,0
8.458043,0,0,0,0
8.459606,0,0,0,0
8.461145,0,0,0,0
8.462681,0,0,0,0
8.464497,0,0,0,0
8.466400,0,0,0,0
8.467994,0,0,0,0
8.469543,0,0,0,0
8.471109,0,0,0,0
8.472726,0,0,0,0
8.474415,0,0,0,0
8.476158,0,0,0,0
8.477953,0,0,0,0
8.479574,0,0,0,0
8.481175,0,0,0,0
8.482707,0,0,0,0
8.484247,0,0,0,0
8.485787,0,0,0,0
8.487324,0,0,0,0
8.488937,0,0,0,0
8.490486,0,0,0,0
8.492037,0,0,0,0
8.493783,0,0,0,0
8.495563,0,0,0,0
8.497643,0,0,0,0
8.499201,0,0,0,0
8.500791,0,0,0,0
8.502555,0,0,0,0
8.504426,0,0,0,0
8.506019,0,0,0,0
8.507877,0,0,0,0
8.509733,0,0,0,0
8.511621,0,0,0,0
8.513239,0,0,0,0
8.514992,0,0,0,0
8.516783,0,0,0,0
8.518583,0,0,0,0
8.520452,0,0,0,0
8.522244,0,0,0,0
8.524058,0,0,0,0
8.525853,0,0,0,0
8.527646,0,0,0,0
8.529444,0,0,0,0
8.531236,0,0,0,0
8.533025,0,0,0,0
8.534645,0,0,0,0
8.536268,0,0,0,0
8.538012,0,0,0,0
8.539805,0,0,0,0
8.541600,0,0,0,0
8.543393,0,0,0,0
8.545003,0,0,0,0
8.546760,0,0,0,0
8.548548,0,0,0,0
8.550138,0,0,0,0
8.551888,0,0,0,0
8.553764,0,0,0,0
8.555380,0,0,0,0
8.557132,0,0,0,0
8.558941,0,0,0,0
8.560811,0,0,0,0
8.562603,0,0,0,0
8.564379,0,0,0,0
8.566067,0,0,0,0
8.567696,0,0,0,0
8.569551,0,0,0,0
8.571360,0,0,0,0
8.572945,0,0,0,0
8.574700,0,0,0,0
8.576389,0,0,0,0
8.578143,0,0,0,0
8.579937,0,0,0,0
8.581732,0,0,0,0
8.583523,0,0,0,0
8.585320,0,0,0,0
8.587134,0,0,0,0
8.588926,0,0,0,0
8.590726,0,0,0,0
8.592595,0,0,0,0
8.594332,0,0,0,0
8.596081,0,0,0,0
8.597696,0,0,0,0
8.599452,0,0,0,0
8.601251,0,0,0,0
8.603044,0,0,0,0
8.604836,0,0,0,0
8.606436,0,0,0,0
8.607993,0,0,0,0
8.609820,0,0,0,0
8.611613,0,0,0,0
8.613408,0,0,0,0
8.615205,0,0,0,0
8.617227,0,0,0,0
8.618848,0,0,0,0
8.620598,0,0,0,0
8.622465,0,0,0,0
8.624317,0,0,0,0
8.626077,0,0,0,0
8.627702,0,0,0,0
8.629559,0,0,0,0
8.631400,0,0,0,0
8.632988,0,0,0,0
8.634742,0,0,0,0
8.636530,0,0,0,0
8.638316,0,0,0,0
8.639925,0,0,0,0
8.641754,0,0,0,0
8.643548,0,0,0,0
8.645344,0,0,0,0
8.647138,0,0,0,0
8.649006,0,0,0,0
8.650798,0,0,0,0
8.652378,0,0,0,0
8.654136,0,0,0,0
8.655932,0,0,0,0
8.657808,0,0,0,0
8.659603,0,0,0,0
8.661221,0,0,0,0
8.662974,0,0,0,0
8.664845,0,0,0,0
8.666445,0,0,0,0
8.667989,0,0,0,0
8.669736,0,0,0,0
8.671551,0,0,0,0
8.673350,0,0,0,0
8.675145,0,0,0,0
8.676937,0,0,0,0
8.678739,0,0,0,0
8.680609,0,0,0,0
8.682351,0,0,0,0
8.684087,0,0,0,0
8.685664,0,0,0,0
8.687290,0,0,0,0
8.689362,0,0,0,0
8.690899,0,0,0,0
8.692460,0,0,0,0
8.694210,0,0,0,0
8.696003,0,0,0,0
8.697882,0,0,0,0
8.699676,0,0,0,0
8.701472,0,0,0,0
8.703086,0,0,0,0
8.704915,0,0,0,0
8.706718,0,0,0,0
8.708507,0,0,0,0
8.710302,0,0,0,0
8.712095,0,0,0,0
8.713991,0,0,0,0
8.715786,0,0,0,0
8.717581,0,0,0,0
8.719432,0,0,0,0
8.721230,0,0,0,0
8.723025,0,0,0,0
8.724635,0,0,0,0
8.726545,0,0,0,0
8.728414,0,0,0,0
8.730210,0,0,0,0
8.732005,0,0,0,0
8.733802,0,0,0,0
8.735615,0,0,0,0
8.737413,0,0,0,0
8.739205,0,0,0,0
8.740997,0,0,0,0
8.742672,0,0,0,0
8.744283,0,0,0,0
8.745990,0,0,0,0
8.747615,0,0,0,0
8.749613,0,0,0,0
8.751382,0,0,0,0
8.753342,0,0,0,0
8.755132,0,0,0,0
8.756938,0,0,0,0
8.758739,0,0,0,0
8.760609,0,0,0,0
8.762549,0,0,0,0
8.764341,0,0,0,0
8.766134,0,0,0,0
8.767745,0,0,0,0
8.769498,0,0,0,0
8.771292,0,0,0,0
8.773239,0,0,0,0
8.775045,0,0,0,0
8.776912,0,0,0,0
8.778730,0,0,0,0
8.780520,0,0,0,0
8.782313,0,0,0,0
8.784103,0,0,0,0
8.785980,0,0,0,0
8.787771,0,0,0,0
8.789500,0,0,0,0
8.791258,0,0,0,0
8.793132,0,0,0,0
8.794927,0,0,0,0
8.796717,0,0,0,0
8.798516,0,0,0,0
8.800408,0,0,0,0
8.802201,0,0,0,0
8.803979,0,0,0,0
8.805563,0,0,0,0
8.807569,0,0,0,0
8.809420,0,0,0,0
8.811117,0,0,0,0
8.812667,0,0,0,0
8.814558,0,0,0,0
8.816333,0,0,0,0
8.817920,0,0,0,0
8.819665,0,0,0,0
8.821277,0,0,0,0
8.823025,0,0,0,0
8.824892,0,0,0,0
8.826689,0,0,0,0
8.828477,0,0,0,0
8.830269,0,0,0,0
8.831881,0,0,0,0
8.833710,0,0,0,0
8.835499,0,0,0,0
8.837291,0,0,0,0
8.839080,0,0,0,0
8.840946,0,0,0,0
8.842764,0,0,0,0
8.844553,0,0,0,0
8.846139,0,0,0,0
8.847887,0,0,0,0
8.849761,0,0,0,0
8.851550,0,0,0,0
8.853279,0,0,0,0
8.855046,0,0,0,0
8.856914,0,0,0,0
8.858715,0,0,0,0
8.860506,0,0,0,0
8.862300,0,0,0,0
8.864100,0,0,0,0
8.865762,0,0,0,0
8.867392,0,0,0,0
8.869140,0,0,0,0
8.870981,0,0,0,0
8.872647,0,0,0,0
8.874340,0,0,0,0
8.876081,0,0,0,0
8.877979,0,0,0,0
8.879531,0,0,0,0
8.881299,0,0,0,0
8.882828,0,0,0,0
8.884370,0,0,0,0
8.885902,0,0,0,0
8.887639,0,0,0,0
8.889362,0,0,0,0
8.891094,0,0,0,0
8.892886,0,0,0,0
8.894507,0,0,0,0
8.896333,0,0,0,0
8.898125,0,0,0,0
8.899912,0,0,0,0
8.901708,0,0,0,0
8.903501,0,0,0,0
8.905118,0,0,0,0
8.906869,0,0,0,0
8.908661,0,0,0,0
8.910608,0,0,0,0
8.912478,0,0,0,0
8.914272,0,0,0,0
8.915885,0,0,0,0
8.917653,0,0,0,0
8.919447,0,0,0,0
8.921245,0,0,0,0
8.923024,0,0,0,0
8.924799,0,0,0,0
8.926520,0,0,0,0
8.928092,0,0,0,0
8.929885,0,0,0,0
8.931563,0,0,0,0
8.933117,0,0,0,0
8.934657,0,0,0,0
8.936265,0,0,0,0
8.937818,0,0,0,0
8.939352,0,0,0,0
8.941245,0,0,0,0
8.943036,0,0,0,0
8.944618,0,0,0,0
8.946256,0,0,0,0
8.947998,0,0,0,0
8.949762,0,0,0,0
8.951499,0,0,0,0
8.953378,0,0,0,0
8.954931,0,0,0,0
8.956463,0,0,0,0
8.957990,0,0,0,0
8.959518,0,0,0,0
8.961228,0,0,0,0
8.962812,0,0,0,0
8.964546,0,0,0,0
8.966124,0,0,0,0
8.967858,0,0,0,0
8.969517,0,0,0,0
8.971272,0,0,0,0
8.973396,0,0,0,0
8.975172,0,0,0,0
8.977024,0,0,0,0
8.978676,0,0,0,0
8.980419,0,0,0,0
8.982024,0,0,0,0
8.983721,0,0,0,0
8.985302,0,0,0,0
8.986999,0,0,0,0
8.988741,0,0,0,0
8.990639,0,0,0,0
8.992528,0,0,0,0
8.994322,0,0,0,0
8.996115,0,0,0,0
8.998146,0,0,0,0
8.999925,0,0,0,0
9.001584,0,0,0,0
9.003151,0,0,0,0
9.004895,0,0,0,0
9.006686,0,0,0,0
9.008540,0,0,0,0
9.010123,0,0,0,0
9.011766,0,0,0,0
9.013322,0,0,0,0
9.014860,0,0,0,0
9.016464,0,0,0,0
9.018003,0,0,0,0
9.019535,0,0,0,0
9.021277,0,0,0,0
9.023070,0,0,0,0
9.024757,0,0,0,0
9.026513,0,0,0,0
9.028301,0,0,0,0
9.030277,0,0,0,0
9.031922,0,0,0,0
9.033567,0,0,0,0
9.035113,0,0,0,0
9.036638,0,0,0,0
9.038402,0,0,0,0
9.039927,0,0,0,0
9.041521,0,0,0,0
9.043246,0,0,0,0
9.045021,0,0,0,0
9.046669,0,0,0,0
9.048288,0,0,0,0
9.050146,0,0,0,0
9.051966,0,0,0,0
9.053738,0,0,0,0
9.055501,0,0,0,0
9.057115,0,0,0,0
9.058865,0,0,0,0
9.060650,0,0,0,0
9.062590,0,0,0,0
9.064455,0,0,0,0
9.066244,0,0,0,0
9.067857,0,0,0,0
9.069609,0,0,0,0
9.071401,0,0,0,0
9.073194,0,0,0,0
9.074983,0,0,0,0
9.076573,0,0,0,0
9.078140,0,0,0,0
9.079888,0,0,0,0
9.081764,0,0,0,0
9.083558,0,0,0,0
9.085352,0,0,0,0
9.087142,0,0,0,0
9.088830,0,0,0,0
9.090485,0,0,0,0
9.092032,0,0,0,0
9.093780,0,0,0,0
9.095574,0,0,0,0
9.097373,0,0,0,0
9.099187,0,0,0,0
9.100975,0,0,0,0
9.102760,0,0,0,0
9.104612,0,0,0,0
9.106456,0,0,0,0
9.107998,0,0,0,0
9.109762,0,0,0,0
9.111569,0,0,0,0
9.113162,0,0,0,0
9.114909,0,0,0,0
9.116700,0,0,0,0
9.118648,0,0,0,0
9.120530,0,0,0,0
9.122322,0,0,0,0
9.124112,0,0,0,0
9.125904,0,0,0,0
9.127697,0,0,0,0
9.129490,0,0,0,0
9.131101,0,0,0,0
9.132850,0,0,0,0
9.134446,0,0,0,0
9.135986,0,0,0,0
9.137813,0,0,0,0
9.139658,0,0,0,0
9.141469,0,0,0,0
9.143261,0,0,0,0
9.145131,0,0,0,0
9.146924,0,0,0,0
9.148711,0,0,0,0
9.150449,0,0,0,0
9.152004,0,0,0,0
9.153778,0,0,0,0
9.155571,0,0,0,0
9.158402,0,0,0,0
9.160336,0,0,0,0
9.161989,0,0,0,0
9.163544,0,0,0,0
9.165125,0,0,0,0
9.166687,0,0,0,0
9.168328,0,0,0,0
9.169867,0,0,0,0
9.171404,0,0,0,0
9.172938,0,0,0,0
9.174494,0,0,0,0
9.176030,0,0,0,0
9.177844,0,0,0,0
9.179639,0,0,0,0
9.181433,0,0,0,0
9.183227,0,0,0,0
9.185120,0,0,0,0
9.186915,0,0,0,0
9.188705,0,0,0,0
9.190444,0,0,0,0
9.192195,0,0,0,0
9.193999,0,0,0,0
9.195613,0,0,0,0
9.197370,0,0,0,0
9.199150,0,0,0,0
9.201004,0,0,0,0
9.202673,0,0,0,0
9.204422,0,0,0,0
9.206032,0,0,0,0
9.207779,0,0,0,0
9.209443,0,0,0,0
9.211202,0,0,0,0
9.212995,0,0,0,0
9.214550,0,0,0,0
9.216116,0,0,0,0
9.217948,0,0,0,0
9.219742,0,0,0,0
9.221537,0,0,0,0
9.223317,0,0,0,0
9.225313,0,0,0,0
9.226973,0,0,0,0
9.228643,0,0,0,0
9.230265,0,0,0,0
9.232004,0,0,0,0
9.233967,0,0,0,0
9.235786,0,0,0,0
9.237398,0,0,0,0
9.239146,0,0,0,0
9.241015,0,0,0,0
9.242618,0,0,0,0
9.244159,0,0,0,0
9.245906,0,0,0,0
9.247718,0,0,0,0
9.249510,0,0,0,0
9.251301,0,0,0,0
9.253243,0,0,0,0
9.254886,0,0,0,0
9.256725,0,0,0,0
9.258345,0,0,0,0
9.260095,0,0,0,0
9.261891,0,0,0,0
9.263671,0,0,0,0
9.265284,0,0,0,0
9.267036,0,0,0,0
9.268644,0,0,0,0
9.270502,0,0,0,0
9.272370,0,0,0,0
9.274165,0,0,0,0
9.275958,0,0,0,0
9.277756,0,0,0,0
9.279369,0,0,0,0
9.281202,0,0,0,0
9.282984,0,0,0,0
9.284760,0,0,0,0
9.286491,0,0,0,0
9.288033,0,0,0,0
9.289880,0,0,0,0
9.291566,0,0,0,0
9.293113,0,0,0,0
9.294650,0,0,0,0
9.296184,0,0,0,0
9.297744,0,0,0,0
9.299278,0,0,0,0
9.300827,0,0,0,0
9.302570,0,0,0,0
9.304435,0,0,0,0
9.306225,0,0,0,0
9.308015,0,0,0,0
9.309808,0,0,0,0
9.311616,0,0,0,0
9.313231,0,0,0,0
9.314988,0,0,0,0
9.316777,0,0,0,0
9.318576,0,0,0,0
9.320445,0,0,0,0
9.322054,0,0,0,0
9.323801,0,0,0,0
9.325598,0,0,0,0
9.327391,0,0,0,0
9.329190,0,0,0,0
9.330984,0,0,0,0
9.332795,0,0,0,0
9.334591,0,0,0,0
9.336459,0,0,0,0
9.338253,0,0,0,0
9.340043,0,0,0,0
9.341762,0,0,0,0
9.343303,0,0,0,0
9.345274,0,0,0,0
9.346883,0,0,0,0
9.348416,0,0,0,0
9.350050,0,0,0,0
9.351869,0,0,0,0
9.353759,0,0,0,0
9.355552,0,0,0,0
9.357486,0,0,0,0
9.359077,0,0,0,0
9.360617,0,0,0,0
9.362089,0,0,0,0
9.363575,0,0,0,0
9.365415,0,0,0,0
9.367147,0,0,0,0
9.368688,0,0,0,0
9.370421,0,0,0,0
9.371959,0,0,0,0
9.373506,0,0,0,0
9.375051,0,0,0,0
9.376859,0,0,0,0
9.378755,0,0,0,0
9.380352,0,0,0,0
9.381900,0,0,0,0
9.383646,0,0,0,0
9.385267,0,0,0,0
9.387021,0,0,0,0
9.388811,0,0,0,0
9.390610,0,0,0,0
9.392476,0,0,0,0
9.394268,0,0,0,0
9.396083,0,0,0,0
9.397878,0,0,0,0
9.399669,0,0,0,0
9.401466,0,0,0,0
9.403245,0,0,0,0
9.405020,0,0,0,0
9.406880,0,0,0,0
9.408585,0,0,0,0
9.410124,0,0,0,0
9.411661,0,0,0,0
9.413198,0,0,0,0
9.414732,0,0,0,0
9.416545,0,0,0,0
9.418151,0,0,0,0
9.419898,0,0,0,0
9.421693,0,0,0,0
9.423482,0,0,0,0
9.425275,0,0,0,0
9.427064,0,0,0,0
9.428672,0,0,0,0
9.430566,0,0,0,0
9.432430,0,0,0,0
9.434220,0,0,0,0
9.436008,0,0,0,0
9.437798,0,0,0,0
9.439610,0,0,0,0
9.441208,0,0,0,0
9.442741,0,0,0,0
9.444482,0,0,0,0
9.446018,0,0,0,0
9.447543,0,0,0,0
9.449226,0,0,0,0
9.450724,0,0,0,0
9.452209,0,0,0,0
9.453693,0,0,0,0
9.455182,0,0,0,0
9.456754,0,0,0,0
9.458700,0,0,0,0
9.460479,0,0,0,0
9.462076,0,0,0,0
9.463811,0,0,0,0
9.465389,0,0,0,0
9.467074,0,0,0,0
9.468816,0,0,0,0
9.470716,0,0,0,0
9.472402,0,0,0,0
9.474157,0,0,0,0
9.475951,0,0,0,0
9.477748,0,0,0,0
9.479542,0,0,0,0
9.481340,0,0,0,0
9.483154,0,0,0,0
9.484946,0,0,0,0
9.486749,0,0,0,0
9.488619,0,0,0,0
9.490362,0,0,0,0
9.492112,0,0,0,0
9.493729,0,0,0,0
9.495482,0,0,0,0
9.497281,0,0,0,0
9.499075,0,0,0,0
9.500866,0,0,0,0
9.502463,0,0,0,0
9.504025,0,0,0,0
9.505853,0,0,0,0
9.507646,0,0,0,0
9.509441,0,0,0,0
9.511236,0,0,0,0
9.513109,0,0,0,0
9.514723,0,0,0,0
9.516474,0,0,0,0
9.518268,0,0,0,0
9.520048,0,0,0,0
9.521706,0,0,0,0
9.523293,0,0,0,0
9.524839,0,0,0,0
9.526374,0,0,0,0
9.527908,0,0,0,0
9.529591,0,0,0,0
9.531125,0,0,0,0
9.532865,0,0,0,0
9.534446,0,0,0,0
9.536004,0,0,0,0
9.537774,0,0,0,0
9.539567,0,0,0,0
9.541361,0,0,0,0
9.543151,0,0,0,0
9.545016,0,0,0,0
9.546639,0,0,0,0
9.548180,0,0,0,0
9.549736,0,0,0,0
9.551480,0,0,0,0
9.553275,0,0,0,0
9.555121,0,0,0,0
9.556729,0,0,0,0
9.558613,0,0,0,0
9.560478,0,0,0,0
9.562272,0,0,0,0
9.564062,0,0,0,0
9.565852,0,0,0,0
9.567663,0,0,0,0
9.569458,0,0,0,0
9.571249,0,0,0,0
9.573036,0,0,0,0
9.575726,0,0,0,0
9.577404,0,0,0,0
9.579003,0,0,0,0
9.580542,0,0,0,0
9.582083,0,0,0,0
9.583610,0,0,0,0
9.585282,0,0,0,0
9.586855,0,0,0,0
9.588613,0,0,0,0
9.590369,0,0,0,0
9.591952,0,0,0,0
9.593820,0,0,0,0
9.595613,0,0,0,0
9.597409,0,0,0,0
9.599204,0,0,0,0
9.600895,0,0,0,0
9.602445,0,0,0,0
9.605965,0,0,0,0
9.607762,0,0,0,0
9.609308,0,0,0,0
9.610882,0,0,0,0
9.612419,0,0,0,0
9.613957,0,0,0,0
9.615498,0,0,0,0
9.617105,0,0,0,0
9.618642,0,0,0,0
9.620179,0,0,0,0
9.621745,0,0,0,0
9.623279,0,0,0,0
9.624815,0,0,0,0
9.626560,0,0,0,0
9.628353,0,0,0,0
9.630147,0,0,0,0
9.631961,0,0,0,0
9.633837,0,0,0,0
9.635630,0,0,0,0
9.637427,0,0,0,0
9.639219,0,0,0,0
9.641248,0,0,0,0
9.642894,0,0,0,0
9.644429,0,0,0,0
9.646368,0,0,0,0
9.648370,0,0,0,0
9.649975,0,0,0,0
9.651749,0,0,0,0
9.653559,0,0,0,0
9.655154,0,0,0,0
9.656993,0,0,0,0
9.658797,0,0,0,0
9.660385,0,0,0,0
9.662137,0,0,0,0
9.663748,0,0,0,0
9.665504,0,0,0,0
9.667299,0,0,0,0
9.669095,0,0,0,0
9.670889,0,0,0,0
9.672757,0,0,0,0
9.674576,0,0,0,0
9.676365,0,0,0,0
9.678158,0,0,0,0
9.679952,0,0,0,0
9.681828,0,0,0,0
9.683621,0,0,0,0
9.685239,0,0,0,0
9.686992,0,0,0,0
9.688861,0,0,0,0
9.690439,0,0,0,0
9.691984,0,0,0,0
9.693732,0,0,0,0
9.695343,0,0,0,0
9.697176,0,0,0,0
9.698970,0,0,0,0
9.700760,0,0,0,0
9.702549,0,0,0,0
9.704402,0,0,0,0
9.706176,0,0,0,0
9.707807,0,0,0,0
9.709665,0,0,0,0
9.711464,0,0,0,0
9.713043,0,0,0,0
9.714804,0,0,0,0
9.716411,0,0,0,0
9.718161,0,0,0,0
9.719956,0,0,0,0
9.721832,0,0,0,0
9.723625,0,0,0,0
9.725423,0,0,0,0
9.727036,0,0,0,0
9.728866,0,0,0,0
9.730447,0,0,0,0
9.731993,0,0,0,0
9.733742,0,0,0,0
9.735537,0,0,0,0
9.737154,0,0,0,0
9.738907,0,0,0,0
9.740696,0,0,0,0
9.742647,0,0,0,0
9.744516,0,0,0,0
9.746310,0,0,0,0
9.747925,0,0,0,0
9.749682,0,0,0,0
9.751476,0,0,0,0
9.753274,0,0,0,0
9.755069,0,0,0,0
9.756861,0,0,0,0
9.758458,0,0,0,0
9.760003,0,0,0,0
9.761773,0,0,0,0
9.763549,0,0,0,0
9.765421,0,0,0,0
9.767075,0,0,0,0
9.768706,0,0,0,0
9.770346,0,0,0,0
9.772091,0,0,0,0
9.773888,0,0,0,0
9.775665,0,0,0,0
9.777272,0,0,0,0
9.779040,0,0,0,0
9.780829,0,0,0,0
9.782627,0,0,0,0
9.784491,0,0,0,0
9.786283,0,0,0,0
9.788073,0,0,0,0
9.789686,0,0,0,0
9.791438,0,0,0,0
9.793231,0,0,0,0
9.795024,0,0,0,0
9.796809,0,0,0,0
9.798604,0,0,0,0
9.800490,0,0,0,0
9.802278,0,0,0,0
9.804067,0,0,0,0
9.805860,0,0,0,0
9.807647,0,0,0,0
9.809441,0,0,0,0
9.811052,0,0,0,0
9.812798,0,0,0,0
9.814400,0,0,0,0
9.816150,0,0,0,0
9.817968,0,0,0,0
9.819658,0,0,0,0
9.821228,0,0,0,0
9.822957,0,0,0,0
9.824806,0,0,0,0
9.826490,0,0,0,0
9.828143,0,0,0,0
9.830084,0,0,0,0
9.831614,0,0,0,0
9.833435,0,0,0,0
9.835224,0,0,0,0
9.837008,0,0,0,0
9.838668,0,0,0,0
9.840487,0,0,0,0
9.842098,0,0,0,0
9.843642,0,0,0,0
9.845184,0,0,0,0
9.846720,0,0,0,0
9.848324,0,0,0,0
9.849857,0,0,0,0
9.851596,0,0,0,0
9.853209,0,0,0,0
9.854957,0,0,0,0
9.856650,0,0,0,0
9.858352,0,0,0,0
9.860096,0,0,0,0
9.861892,0,0,0,0
9.863705,0,0,0,0
9.865501,0,0,0,0
9.867294,0,0,0,0
9.869252,0,0,0,0
9.870930,0,0,0,0
9.872549,0,0,0,0
9.874104,0,0,0,0
9.875847,0,0,0,0
9.877631,0,0,0,0
9.879414,0,0,0,0
9.881209,0,0,0,0
9.882987,0,0,0,0
9.884780,0,0,0,0
9.886761,0,0,0,0
9.888693,0,0,0,0
9.890372,0,0,0,0
9.892134,0,0,0,0
9.893926,0,0,0,0
9.895537,0,0,0,0
9.897292,0,0,0,0
9.899081,0,0,0,0
9.900868,0,0,0,0
9.902487,0,0,0,0
9.904029,0,0,0,0
9.905867,0,0,0,0
9.907657,0,0,0,0
9.909449,0,0,0,0
9.911241,0,0,0,0
9.913110,0,0,0,0
9.914900,0,0,0,0
9.916506,0,0,0,0
9.918254,0,0,0,0
9.920043,0,0,0,0
9.921917,0,0,0,0
9.923707,0,0,0,0
9.925497,0,0,0,0
9.927308,0,0,0,0
9.929179,0,0,0,0
9.930970,0,0,0,0
9.932755,0,0,0,0
9.934549,0,0,0,0
9.936415,0,0,0,0
9.938022,0,0,0,0
9.939770,0,0,0,0
9.941561,0,0,0,0
9.943339,0,0,0,0
9.944919,0,0,0,0
9.946736,0,0,0,0
9.948473,0,0,0,0
9.950323,0,0,0,0
9.952139,0,0,0,0
9.953736,0,0,0,0
9.955482,0,0,0,0
9.957273,0,0,0,0
9.958883,0,0,0,0
9.960706,0,0,0,0
9.962648,0,0,0,0
9.964433,0,0,0,0
9.966221,0,0,0,0
9.968012,0,0,0,0
9.969905,0,0,0,0
9.971694,0,0,0,0
9.973486,0,0,0,0
9.975274,0,0,0,0
9.977200,0,0,0,0
9.978989,0,0,0,0
9.980597,0,0,0,0
9.982139,0,0,0,0
9.983915,0,0,0,0
9.985797,0,0,0,0
9.987588,0,0,0,0
9.989384,0,0,0,0
9.990992,0,0,0,0
9.992815,0,0,0,0
9.994609,0,0,0,0
9.996396,0,0,0,0
9.998351,0,0,0,0
9.999897,0,0,0,0
