elapsed_s,RBBM_NEVER_COUNT,RBBM_US_ALWAYS_COUNT,RBBM_US_ALWAYS_ON,RBBM_US_STATUS_MASKED
0.001329,0,299139,5383,3191
0.002929,0,240789,4178,7307
0.004413,0,235857,4163,7777
0.005896,0,235708,4161,7747
0.007460,0,229659,4045,7256
0.008918,0,229072,4040,7698
0.010383,0,228587,4031,7297
0.011840,0,227083,4002,7389
0.013297,0,228587,4030,3675
0.014754,0,221055,3894,3591
0.016198,0,227218,4003,3591
0.017641,0,223919,3944,3664
0.019083,0,223570,3939,7694
0.020535,0,223585,3940,7700
0.021979,0,222941,3927,3649
0.023472,0,211306,3710,3104
0.024877,0,214227,3769,7380
0.026280,0,212471,3737,7177
0.027684,0,210928,3707,3165
0.029106,0,272877,4851,3572
0.030668,0,249147,4535,3675
0.032125,0,259974,4528,2163
0.033551,0,237892,4270,2007
0.034972,0,186160,3330,2103
0.036246,0,186818,3369,2097
0.037542,0,190700,3386,2145
0.038818,0,201688,3659,2147
0.040240,0,365181,6598,2550
0.041987,0,230957,4078,2615
0.043399,0,231471,4084,2580
0.044849,0,225652,4063,2641
0.046264,0,218549,3909,2570
0.047688,0,212152,3771,1696
0.049032,0,206214,3697,1679
0.050375,0,206169,3695,1674
0.051717,0,206041,3704,1676
0.053143,0,211093,3781,1677
0.054576,0,243457,4369,1694
0.056075,0,211224,3789,1674
0.057444,0,206314,3697,1680
0.058789,0,210838,3783,1730
0.060157,0,285510,5145,73658
0.061456,0,207694,3723,1735
0.062803,0,288499,5202,1685
0.064467,0,302050,5449,1765
0.066051,0,204212,3660,1719
0.067438,0,206035,3694,1719
0.068828,0,205574,3686,1726
0.070211,0,206265,3697,1724
0.071598,0,494068,5895,309943
0.072835,0,1362678,11893,1362618
0.074076,0,1364442,11907,1364385
0.075315,0,1361428,11883,1361548
0.076554,0,1363579,11899,1363489
0.077793,0,1363117,11897,1363100
0.079083,0,1419206,12385,1419222
0.080323,0,1364191,11906,1364176
0.081562,0,1362311,11889,1362328
0.082800,0,1371994,11980,1374401
0.084055,0,1372874,11976,1370467
0.085298,0,1366730,11927,1366727
0.086541,0,1367766,11937,1367784
0.087827,0,1414705,12347,1414714
0.089070,0,1367357,11933,1367344
0.090313,0,1366843,11930,1366905
0.091557,0,1368533,11942,1368441
0.093110,0,1708654,14912,1708654
0.094352,0,1364966,11913,1364970
0.095629,0,1405319,12264,1405315
0.096871,0,1366065,11922,1366066
0.098112,0,1365320,11916,1365320
0.099356,0,1368445,11943,1368443
0.100597,0,1365451,11916,1365455
0.101839,0,1365539,11918,1365537
0.103082,0,1366889,11929,1366905
0.104323,0,1365337,11916,1365322
0.105587,0,1394313,12169,1394398
0.106834,0,1388293,12113,1388467
0.108093,0,1363685,11903,1363425
0.109332,0,1362196,11889,1362195
0.110572,0,1064755,9185,592576
0.112002,0,492701,4229,2539
0.113459,0,423116,3588,2636
0.114912,0,418021,3578,2508
0.116300,0,400892,3427,2493
0.117685,0,400552,3424,2517
0.119069,0,471595,4045,2558
0.120504,0,419152,3588,2627
0.121902,0,417347,3571,2511
0.123348,0,421053,3601,2531
0.124922,0,397090,3396,2505
0.126301,0,413498,3538,2509
0.127724,0,414093,3542,2513
0.129105,0,413287,3537,2505
0.130484,0,413879,3539,2502
0.134998,0,491606,4220,2503
0.136458,0,431820,3704,2517
0.137820,0,413395,3530,2507
0.139345,0,456796,3921,2603
0.140738,0,419211,3582,2624
0.142082,0,418246,3580,2509
0.143443,0,417732,3573,2503
0.144829,0,414514,3546,2510
0.146209,0,414107,3542,2601
0.147603,0,404247,3457,2497
0.148984,0,425698,3644,2506
0.150364,0,414657,3548,2499
0.151756,0,428700,3670,2506
0.153166,0,430850,3688,2504
0.154553,0,430451,3686,2507
0.155992,0,474070,4068,2499
0.157377,0,418988,3584,2503
0.158772,0,409470,3503,2631
0.160198,0,418869,3583,2643
0.161585,0,420011,3595,2511
0.162972,0,420163,3597,2503
0.164358,0,426420,3650,2506
0.165742,0,427561,3660,2503
0.167127,0,455356,3903,2620
0.168675,0,428182,3665,2507
0.170112,0,420186,3561,2498
0.171509,0,405196,3465,2499
0.172897,0,418391,3581,2495
0.174283,0,417561,3573,2688
0.175714,0,417825,3573,2503
0.177100,0,415908,3559,2503
0.178486,0,416951,3568,2505
0.180001,0,430193,3683,2497
0.181564,0,440496,3774,2504
0.183116,0,480281,4119,2517
0.184711,0,428650,3670,2503
0.186258,0,428783,3672,2506
0.187807,0,428189,3665,2508
0.189355,0,429856,3681,2511
0.190905,0,429599,3677,2506
0.192508,0,429598,3680,2517
0.194055,0,428825,3671,2514
0.195606,0,429998,3680,2519
0.197155,0,429520,3679,2501
0.198703,0,434989,3725,2506
0.200258,0,428999,3674,2505
0.201854,0,429438,3676,2513
0.203419,0,429809,3681,2677
0.204967,0,431208,3692,2504
0.206516,0,431011,3690,2503
0.208023,0,418610,3581,2508
0.209543,0,429386,3677,2501
0.211093,0,430613,3687,2505
0.212641,0,429748,3680,2520
0.214201,0,430118,3682,2507
0.215794,0,429527,3678,2672
0.217343,0,431606,3694,2621
0.218895,0,428388,3667,2630
0.220444,0,430150,3683,2506
0.221991,0,439794,3768,2508
0.223585,0,429974,3682,2506
0.225148,0,441030,3778,2511
0.226697,0,433618,3713,2501
0.228250,0,429923,3681,2505
0.229797,0,430162,3683,2507
0.231392,0,430673,3686,2502
0.232942,0,429096,3675,2508
0.234490,0,431446,3693,2515
0.235992,0,394817,3578,2471
0.237512,0,410235,3676,2472
0.239063,0,412610,3699,2434
0.240868,0,414532,3716,2418
0.242418,0,411396,3687,2418
0.243967,0,413196,3703,2466
0.245519,0,411686,3689,2468
0.247083,0,459129,4124,2470
0.248678,0,412069,3695,2522
0.250226,0,411843,3691,2572
0.251776,0,412013,3693,2470
0.253325,0,411815,3690,2466
0.254876,0,412573,3697,2450
0.256426,0,411021,3685,2609
0.257987,0,413186,3704,2461
0.259539,0,412344,3695,2550
0.261088,0,412029,3693,2468
0.262637,0,414557,3716,2465
0.264191,0,411384,3686,2414
0.265739,0,412990,3702,2428
0.267290,0,411470,3688,2462
0.268853,0,411346,3687,2497
0.270401,0,412180,3693,2506
0.271994,0,412322,3697,2667
0.273544,0,413064,3701,2428
0.275095,0,412560,3698,2469
0.276644,0,411346,3687,2420
0.278191,0,412586,3698,2465
0.279675,0,404969,3629,2430
0.281199,0,413577,3707,2461
0.282748,0,417763,3745,2428
0.284304,0,413208,3703,2465
0.285854,0,414719,3718,2464
0.287451,0,422363,3787,2552
0.289002,0,412653,3698,2460
0.290565,0,416477,3733,2423
0.292119,0,412337,3696,2470
0.293668,0,412548,3697,2425
0.295220,0,415274,3725,2435
0.296650,0,405250,3630,2433
0.298172,0,412611,3697,2471
0.299723,0,407735,3653,2551
0.301279,0,409008,3665,2474
0.302820,0,491099,4423,2469
0.304322,0,412381,3688,2513
0.305916,0,411113,3685,2527
0.307320,0,392056,3509,2421
0.308711,0,402416,3606,2427
0.310098,0,402885,3609,2465
0.311534,0,365929,3270,2470
0.313020,0,411869,3692,2420
0.314567,0,416161,3731,2420
0.316119,0,411690,3690,2419
0.317667,0,410818,3681,2428
0.319218,0,421812,3783,2461
0.320767,0,410884,3683,2499
0.322328,0,411983,3691,2426
0.323876,0,424995,3811,2468
0.325425,0,411599,3690,2427
0.326976,0,456576,4099,2428
0.328569,0,411606,3689,2469
0.330116,0,421580,3780,2467
0.331667,0,412968,3700,2421
0.333230,0,411503,3689,2472
0.334777,0,416304,3732,2419
0.336331,0,412658,3698,2500
0.337879,0,411522,3688,2426
0.339429,0,414007,3711,2466
0.340978,0,411439,3688,2422
0.342526,0,413672,3707,2467
0.344035,0,402055,3601,2460
0.345555,0,411451,3687,2454
0.347105,0,410837,3682,2461
0.348654,0,411858,3692,2620
0.350272,0,414035,3710,2430
0.351868,0,413122,3703,2470
0.353418,0,410871,3681,2570
0.354982,0,410274,3677,2470
0.356531,0,407686,3653,2468
0.358077,0,412139,3694,2555
0.359671,0,412158,3694,2461
0.361220,0,410843,3682,2464
0.362767,0,415056,3721,2459
0.364319,0,411265,3686,2459
0.365880,0,413053,3703,2530
0.367476,0,412113,3693,2419
0.369024,0,412626,3697,2468
0.370572,0,416573,3734,2462
0.372124,0,412078,3693,2490
0.373672,0,411318,3686,2421
0.375222,0,412768,3699,2458
0.376784,0,411233,3686,2463
0.378332,0,411971,3691,2430
0.379880,0,412372,3696,2457
0.381428,0,411189,3686,2464
0.382979,0,457499,4109,2468
0.384571,0,412371,3695,2501
0.386118,0,411022,3684,2507
0.387680,0,409051,3665,2468
0.389102,0,401906,3600,2462
0.390622,0,417377,3743,2468
0.392179,0,411214,3685,2434
0.393730,0,412502,3697,2461
0.395282,0,414663,3717,2470
0.396835,0,423755,3801,2420
0.398399,0,413271,3704,2426
0.399995,0,414406,3714,2422
0.401547,0,412788,3699,2460
0.403100,0,414538,3716,2444
0.404653,0,423486,3798,2424
0.406203,0,411993,3693,2469
0.407798,0,413281,3703,2431
0.409363,0,413673,3707,2461
0.410916,0,414361,3715,2467
0.412468,0,411650,3690,2424
0.414018,0,423175,3794,2471
0.415616,0,414111,3712,2421
0.417169,0,413361,3705,2511
0.418719,0,414458,3714,2443
0.420288,0,413781,3709,2423
0.421840,0,411944,3693,2593
0.423435,0,413015,3703,2462
0.424987,0,413960,3711,2461
0.426538,0,413197,4418,2462
0.428038,0,480426,3603,2513
0.429594,0,422191,3784,2429
0.431159,0,460930,4140,2460
0.432754,0,412691,3698,2452
0.434303,0,412949,3700,2466
0.435855,0,413538,3707,2509
0.437407,0,411656,3689,2470
0.438958,0,457983,4114,2458
0.440552,0,412918,3700,2462
0.442116,0,410866,3683,2428
0.443668,0,411687,3688,2424
0.445219,0,412125,3694,2477
0.446768,0,416720,3736,2650
0.448325,0,411881,3691,2476
0.449874,0,422110,3784,2460
0.451426,0,413704,3708,2486
0.452992,0,410940,3682,2423
0.454541,0,476834,4279,2426
0.456155,0,410935,3689,2468
0.457704,0,411528,3689,2468
0.459256,0,412919,3701,2427
0.460806,0,410654,3680,2477
0.462354,0,411380,3686,2504
0.463961,0,419579,3761,2472
0.465512,0,420771,3774,2462
0.467063,0,413482,3706,2426
0.468614,0,412122,3694,2472
0.470162,0,412007,3692,2463
0.471755,0,412252,3696,2429
0.473307,0,410687,3680,2428
0.474873,0,414259,3713,2471
0.476424,0,411959,3693,2471
0.477974,0,411547,3687,2469
0.479570,0,412613,3698,2535
0.481120,0,411681,3690,2422
0.482670,0,445930,4002,2489
0.484124,0,399984,3582,2429
0.485523,0,389954,3492,2503
0.487041,0,458566,4117,2462
0.488635,0,412014,3693,2421
0.490184,0,417970,3730,2425
0.491747,0,414536,3732,2485
0.493298,0,410352,3678,2476
0.494912,0,526288,4737,2478
0.496581,0,412401,3698,2428
0.498131,0,412734,3701,2563
0.499684,0,413002,3701,2461
0.501235,0,411160,3684,2471
0.502783,0,416587,3735,2431
0.504213,0,399501,3578,2470
0.505603,0,377246,3376,2462
0.507005,0,405217,3630,2463
0.508399,0,380141,3402,2464
0.509785,0,399734,3580,2424
0.511312,0,939048,8511,2506
0.514650,0,614218,5541,2459
0.517019,0,414251,3714,2468
0.518442,0,401693,3599,2467
0.519830,0,375897,3362,2474
0.521213,0,396965,3556,2430
0.522593,0,483789,4323,2470
0.524071,0,397992,3590,2531
0.525461,0,400238,3583,2432
0.526848,0,482891,4342,2503
0.528329,0,401631,3596,2512
0.529724,0,390785,3498,2505
0.531125,0,395140,3538,2483
0.532506,0,397572,3561,2467
0.533886,0,397687,3561,2476
0.535304,0,399090,3574,2460
0.536811,0,406653,3643,2432
0.538352,0,408364,3658,2423
0.539786,0,401145,3593,2423
0.541308,0,410109,3675,2475
0.542911,0,411989,3692,2481
0.544459,0,411409,3688,2470
0.546007,0,410845,3682,2423
0.547558,0,412129,3693,2427
0.549109,0,411627,3690,2467
0.550671,0,430843,3864,2465
0.552247,0,409072,3667,2481
0.553793,0,411953,3692,2480
0.555452,0,426766,3827,2428
0.556899,0,406546,3643,2466
0.558298,0,391570,3505,2511
0.559726,0,397589,3560,2454
0.561123,0,395689,3877,2547
0.562504,0,383076,3723,2388
0.563887,0,443698,4324,2434
0.565464,0,397396,3865,2433
0.567018,0,439139,4278,2386
0.568611,0,397963,3871,2511
0.570162,0,396946,3858,2427
0.571727,0,398220,3873,2432
0.573279,0,397348,3865,2388
0.574828,0,352746,3420,2430
0.576402,0,396321,3853,2429
0.577952,0,396790,3859,2429
0.579504,0,397148,3862,2388
0.581056,0,398552,3875,2503
0.582619,0,400902,3899,2430
0.584176,0,397161,3862,2386
0.585726,0,398328,3874,2389
0.587279,0,399395,3884,2430
0.588832,0,396161,3853,2427
0.590381,0,398038,3870,2431
0.591976,0,398230,3873,2430
0.593543,0,396690,3858,2475
0.595103,0,399153,3880,2396
0.596655,0,397615,3868,2430
0.598205,0,399468,3885,2392
0.599800,0,398356,3873,2428
0.601353,0,397140,3861,2433
0.602905,0,396588,3858,2432
0.604471,0,397454,3864,2500
0.606020,0,396023,3850,2425
0.607617,0,398998,3880,2388
0.609168,0,400043,3891,2393
0.610718,0,402018,3911,2428
0.612274,0,396913,3859,2432
0.613825,0,396784,3858,2365
0.615437,0,399924,3888,2561
0.616990,0,397918,3869,2431
0.618540,0,486777,4758,2427
0.620072,0,387036,3755,2395
0.621593,0,396206,3854,2432
0.623147,0,440403,4291,2435
0.624742,0,397110,3863,2430
0.626307,0,394551,3836,2429
0.627858,0,398013,3871,2434
0.629409,0,398815,3878,2396
0.630962,0,441031,4296,2391
0.632558,0,398033,3872,2497
0.634108,0,396372,3855,2554
0.635660,0,394826,3839,2515
0.637226,0,398818,3878,2427
0.638658,0,396372,3855,2383
0.640108,0,386971,3760,2435
0.641498,0,387602,3767,2432
0.642888,0,386238,3754,2397
0.644277,0,387036,3761,2435
0.645664,0,387039,3763,2390
0.647051,0,419807,4087,2432
0.648615,0,397679,3867,2381
0.650166,0,396229,3853,2435
0.651717,0,397579,3866,2432
0.653269,0,397479,3864,2392
0.654924,0,502868,4911,2427
0.656584,0,396619,3856,2388
0.658134,0,396225,3852,2428
0.659699,0,398214,3872,2434
0.661250,0,399081,3882,2471
0.662801,0,383283,3723,2358
0.664214,0,390614,3798,2426
0.665608,0,386340,3754,2513
0.667127,0,397846,3868,2433
0.668679,0,397140,3861,2389
0.670242,0,397400,3864,2423
0.671839,0,398300,3873,2389
0.673392,0,397817,3868,2562
0.674945,0,397027,3861,2428
0.676497,0,397158,3861,2426
0.678048,0,399957,3890,2397
0.679644,0,399419,3884,2428
0.681210,0,397644,3866,2566
0.682761,0,399828,3888,2388
0.684310,0,392655,3817,2436
0.685851,0,393847,3830,2435
0.687316,0,390102,3792,2433
0.688839,0,396170,3853,2391
0.690388,0,395738,3848,2399
0.691949,0,395603,3847,2427
0.693499,0,373341,3625,2427
0.695050,0,438782,4275,2433
0.696644,0,398814,3878,2430
0.698193,0,396193,3852,2394
0.699742,0,396438,3855,2544
0.701292,0,389037,3781,2396
0.702934,0,501554,4898,2386
0.704466,0,385393,3746,2430
0.705855,0,384119,3733,2433
0.707243,0,390684,3797,2540
0.708765,0,397084,3861,2433
0.710315,0,397253,3865,2437
0.711909,0,398203,3872,2430
0.713474,0,398035,3870,2400
0.715027,0,397776,3868,2541
0.716579,0,398102,3873,2396
0.718128,0,397532,3866,2426
0.719681,0,397919,3870,2430
0.721233,0,396528,3856,2394
0.722783,0,402129,3911,2398
0.724352,0,397053,3861,2429
0.725902,0,396138,3852,2395
0.727498,0,397279,3862,2427
0.729049,0,398655,3876,2430
0.730599,0,400855,3899,2433
0.732155,0,396375,3854,2432
0.733704,0,396377,3853,2431
0.735314,0,398095,3872,2393
0.736866,0,397298,3863,2369
0.738417,0,398060,3872,2428
0.739968,0,397198,3862,2431
0.741519,0,397703,3869,2428
0.743072,0,441235,4297,2533
0.744667,0,396636,3857,2394
0.746231,0,398232,3873,2438
0.747782,0,393075,3822,2437
0.749325,0,392152,3812,2530
0.750940,0,352715,3420,2430
0.752319,0,387037,3762,2438
0.753710,0,386416,3755,2436
0.755229,0,396893,3858,2429
0.756794,0,398142,3871,2432
0.758344,0,396168,3853,2538
0.759938,0,397755,3867,2436
0.761490,0,398225,3872,2432
0.763044,0,398158,3871,2396
0.764596,0,396937,3860,2431
0.766146,0,397377,3863,2426
0.767755,0,397875,3869,2437
0.769307,0,398312,3875,2570
0.770924,0,337081,3266,2429
0.772284,0,388377,3775,2430
0.773676,0,385825,3748,2389
0.775195,0,397967,3870,2430
0.776747,0,396196,3853,2428
0.778310,0,397395,3865,2386
0.779862,0,397623,3868,2431
0.781414,0,397801,3869,2392
0.782968,0,447975,4366,2431
0.784445,0,387742,3767,2433
0.785837,0,386720,3758,2432
0.787228,0,387573,3767,2435
0.788635,0,386190,3753,2388
0.790024,0,386847,3761,2393
0.791449,0,375614,3648,2428
0.792954,0,398398,3874,2427
0.794505,0,398475,3874,2428
0.796141,0,383816,3730,2436
0.797694,0,398866,3880,2357
0.799304,0,398220,3872,2432
0.800857,0,396707,3858,2510
0.802406,0,397805,3868,2432
0.803957,0,396831,3859,2433
0.805509,0,397405,3864,2427
0.807061,0,401301,3904,2471
0.808615,0,396379,3855,2431
0.810179,0,398460,3875,2426
0.811731,0,394606,3837,2431
0.813273,0,394428,3841,2390
0.814698,0,523093,5106,2429
0.816358,0,390520,3795,2397
0.817937,0,393222,3823,2436
0.819358,0,389040,3781,2426
0.820891,0,398327,3873,2391
0.822442,0,397432,3864,2435
0.824036,0,397924,3871,2393
0.825589,0,398334,3874,2437
0.827143,0,398692,3877,2431
0.828694,0,395714,3847,2395
0.830242,0,396155,3853,2395
0.831849,0,396730,3856,2428
0.833398,0,394189,3832,2395
0.834949,0,396581,3857,2552
0.836499,0,396783,3859,2427
0.838047,0,397416,3865,2436
0.839642,0,397657,3868,2424
0.841192,0,395334,3843,2393
0.842753,0,400329,3894,2560
0.844307,0,395571,3845,2426
0.845854,0,396447,3855,2390
0.847450,0,395949,3851,2391
0.849000,0,395708,3848,2432
0.850548,0,474169,4626,2428
0.852066,0,381908,3710,2386
0.853587,0,393842,3829,2549
0.855007,0,428467,4174,2617
0.856569,0,396819,3858,2431
0.858118,0,397824,3868,2539
0.859671,0,397660,3866,2390
0.861221,0,397571,3866,2428
0.862769,0,401657,3907,2426
0.864339,0,397860,3870,2428
0.865888,0,395464,3845,2426
0.867440,0,396295,3854,2426
0.868989,0,396199,3852,2387
0.870537,0,394883,3840,2476
0.872148,0,455202,4438,2417
0.873697,0,394452,3835,2432
0.875261,0,396066,3851,2398
0.876811,0,395478,3847,2431
0.878358,0,397318,3862,2389
0.879987,0,397762,3867,2401
0.881538,0,394786,3840,2430
0.883089,0,396699,3857,2433
0.884640,0,395317,3844,2431
0.886078,0,369241,3882,2262
0.887645,0,368796,3847,2262
0.889196,0,370196,3862,2263
0.890745,0,371954,3880,2262
0.892298,0,368590,3844,2258
0.893846,0,367599,3833,2252
0.895441,0,369275,3852,2388
0.897011,0,369557,3855,2262
0.898559,0,371576,3877,2259
0.900112,0,367575,3832,2253
0.901661,0,368139,3839,2257
0.903211,0,368632,3846,2260
0.904760,0,368067,3838,2264
0.906307,0,367972,3838,2261
0.907744,0,362647,3782,2262
0.909272,0,371554,3876,2260
0.910823,0,419831,4391,2264
0.912429,0,370459,3864,2252
0.913980,0,369868,3857,2257
0.915534,0,369813,3858,2260
0.917085,0,371223,3872,2335
0.918650,0,375456,3919,2253
0.920208,0,369567,3855,2259
0.921758,0,369107,3850,2393
0.923310,0,370051,3860,2264
0.924862,0,369686,3856,2253
0.926412,0,370181,3862,2258
0.928008,0,371213,3874,2256
0.929449,0,361342,3769,2383
0.930973,0,371163,3872,2369
0.932526,0,371040,3872,2487
0.934076,0,369709,3857,2371
0.935674,0,370143,3861,2381
0.937225,0,371721,3879,2376
0.938776,0,374454,3905,2378
0.940347,0,370612,3866,2370
0.941898,0,369375,3853,2371
0.943496,0,370737,3868,2375
0.945049,0,369487,3854,2378
0.946600,0,373606,3898,2368
0.948157,0,369128,3850,2372
0.949708,0,369244,3852,2372
0.951318,0,369851,3858,2371
0.952870,0,370129,3861,2372
0.954421,0,369348,3854,2374
0.955974,0,369958,3859,2373
0.958061,0,372544,3888,2373
0.959527,0,361290,3766,2367
0.960923,0,360207,3756,2374
0.962323,0,361571,3769,2367
0.963716,0,359809,3752,2531
0.965105,0,359545,3747,2373
0.966493,0,418473,4378,2380
0.968130,0,417729,4369,2371
0.969681,0,370297,3864,2377
0.971235,0,369756,3856,2421
0.972801,0,369176,3850,2368
0.974350,0,369933,3859,2374
0.975948,0,372282,3884,2379
0.977502,0,370291,3863,2376
0.979055,0,370819,3869,2371
0.980607,0,370225,3862,2372
0.982157,0,369234,3851,2370
0.983645,0,362057,3777,2529
0.985172,0,371038,3871,2509
0.986726,0,374913,3912,2536
0.988286,0,371744,3879,2540
0.989842,0,372710,3889,2541
0.991443,0,371764,3877,2540
0.992997,0,370322,3863,2536
0.994565,0,374817,3910,2578
0.996125,0,370781,3868,2528
0.997680,0,369597,3855,2564
0.999237,0,371390,3876,2594
1.000793,0,369443,3853,2536
1.002347,0,369840,3857,2536
1.003903,0,371384,3875,2636
1.005473,0,370765,3869,2529
1.007126,0,436298,4568,2555
1.008756,0,371275,3873,2528
1.010182,0,361196,3766,2797
1.011708,0,370699,3866,2525
1.013264,0,371966,3882,2532
1.014818,0,387923,4050,2682
1.016278,0,361853,3772,2533
1.017673,0,359983,3753,2528
1.019196,0,371307,3874,2529
1.020752,0,372030,3881,2533
1.022305,0,371132,3872,2534
1.023901,0,370920,3870,2604
1.025456,0,370709,3867,2570
1.027026,0,371412,3875,2524
1.028586,0,369148,3849,2375
1.030139,0,367377,3834,2538
1.031740,0,372385,3885,2537
1.033297,0,370871,3868,2695
1.034918,0,432318,4525,2660
1.036540,0,369312,3853,2529
1.037980,0,361255,3766,2585
1.039554,0,372864,3891,2592
1.041110,0,370388,3863,2584
1.042664,0,371566,3876,2577
1.044222,0,370268,3863,2577
1.045777,0,370028,3859,2728
1.047379,0,370815,3867,2587
1.048947,0,371724,3878,2586
1.050500,0,370230,3863,2591
1.052005,0,361192,3766,2584
1.053530,0,370852,3868,2675
1.055088,0,411631,4304,2589
1.056690,0,370634,3867,2588
1.058244,0,370441,3865,2659
1.059813,0,371382,3874,2585
1.061370,0,371261,3873,2584
1.062929,0,371412,3875,2588
1.064485,0,369360,3852,2586
1.066039,0,371028,3872,2581
1.067598,0,365020,3807,2587
1.069145,0,366714,3824,2579
1.070703,0,499723,5243,2587
1.072405,0,365217,3810,2580
1.073815,0,359058,3744,2585
1.075208,0,359448,3746,2709
1.076597,0,358450,3737,2623
1.077983,0,358444,3736,2671
1.079439,0,338538,3525,2589
1.080955,0,373072,3893,2579
1.082508,0,370964,3869,2588
1.084122,0,368711,3847,2585
1.085677,0,369911,3859,2607
1.087233,0,370124,3862,2594
1.088788,0,368852,3848,2598
1.090340,0,369019,3848,2770
1.091908,0,370098,3861,2592
1.093462,0,369463,3854,2586
1.095019,0,409923,4285,2589
1.096617,0,368955,3849,2587
1.098169,0,369476,3853,2592
1.099723,0,368824,3849,2578
1.101277,0,369755,3857,2582
1.102925,0,465778,4882,2585
1.104584,0,368789,3848,2675
1.106174,0,369149,3853,2593
1.107662,0,369592,3855,2577
1.109198,0,370526,3865,2585
1.110753,0,374494,3907,2586
1.112317,0,370061,3862,2581
1.113883,0,370589,3865,2591
1.115441,0,369987,3860,2592
1.116997,0,371054,3871,2578
1.118552,0,426336,4462,2589
1.120200,0,370052,3859,2578
1.121753,0,368885,3847,2667
1.123310,0,371495,3875,2592
1.124881,0,370803,3869,2580
1.126437,0,370848,3869,2582
1.128037,0,371094,3871,2593
1.129593,0,369568,3855,2585
1.131152,0,370506,3865,2587
1.132708,0,370559,3865,2596
1.134263,0,370095,3860,2575
1.135877,0,370846,3870,2589
1.137475,0,400389,4184,2585
1.139016,0,407079,4255,2586
1.140501,0,400302,4183,2577
1.141945,0,381886,3987,2595
1.143502,0,361000,3764,2589
1.144897,0,361878,3773,2599
1.146300,0,360709,3760,2696
1.147817,0,386134,4031,2579
1.149233,0,361631,3771,2582
1.150624,0,361896,3773,2585
1.152056,0,360760,3760,2584
1.153446,0,359625,3749,2592
1.154835,0,406338,4246,2587
1.156358,0,360058,3753,2579
1.157747,0,359137,3744,2595
1.159312,0,370737,3866,2579
1.160869,0,370040,3860,2588
1.162423,0,370606,3867,2581
1.163979,0,371961,3880,2587
1.165468,0,373558,3897,2592
1.166914,0,346351,3925,2141
1.168312,0,333639,3755,2138
1.169702,0,332789,3747,2148
1.171091,0,333781,3757,2148
1.172480,0,333310,3750,2149
1.173868,0,332784,3747,2306
1.175292,0,333368,3753,2136
1.176809,0,341431,3846,2139
1.178380,0,342701,3861,2179
1.179932,0,343465,3868,2139
1.181485,0,342403,3857,2148
1.183040,0,379169,4281,2148
1.184637,0,341975,3851,2245
1.186189,0,342456,3858,2144
1.187741,0,342831,3861,2145
1.189309,0,344062,3875,2143
1.190928,0,434629,4920,2139
1.192589,0,342169,3854,2142
1.194140,0,342247,3857,2141
1.195694,0,342333,3855,2144
1.197247,0,342612,3860,2143
1.198800,0,342602,3859,2138
1.200229,0,334817,3768,2256
1.201753,0,342971,3865,2392
1.203308,0,342224,3854,2254
1.204861,0,342825,3862,2269
1.206413,0,341967,3851,2251
1.208009,0,343060,3865,2257
1.209562,0,341334,3844,2248
1.211130,0,342757,3860,2310
1.212683,0,343116,3865,2258
1.214234,0,342578,3860,2253
1.215831,0,343066,3864,2249
1.217385,0,342000,3852,2253
1.218939,0,384330,4340,2252
1.220540,0,341603,3848,2372
1.222103,0,342111,3853,2255
1.223700,0,341958,3852,2263
1.225252,0,341908,3851,2255
1.226803,0,380934,4302,2395
1.228401,0,340230,3832,2256
1.229950,0,341963,3851,2256
1.231549,0,341321,3845,2423
1.233115,0,341852,3848,2254
1.234665,0,343847,3873,2251
1.236219,0,341310,3844,2249
1.237769,0,341308,3844,2254
1.239365,0,341788,3850,2261
1.240916,0,340747,3838,2260
1.242466,0,340618,3836,2252
1.243903,0,332648,3745,2257
1.245425,0,341893,3850,2246
1.246978,0,377861,4265,2352
1.248574,0,339751,3825,2257
1.250123,0,341157,3842,2251
1.251676,0,342046,3851,2249
1.253227,0,341394,3845,2247
1.254667,0,337480,3802,2387
1.256198,0,341937,3851,2398
1.257752,0,341917,3851,2398
1.259307,0,342947,3863,2497
1.260862,0,340788,3837,2394
1.262414,0,342098,3854,2393
1.264014,0,343367,3868,2400
1.265583,0,342048,3853,2404
1.267140,0,341704,3849,2395
1.268694,0,341628,3848,2395
1.270247,0,343257,3867,2543
1.271847,0,342622,3859,2400
1.273402,0,342070,3853,2459
1.274958,0,342684,3860,2484
1.276527,0,341784,3850,2518
1.278080,0,342522,3858,2404
1.279679,0,342311,3857,2392
1.281234,0,341088,3840,2395
1.282785,0,346610,3905,2719
1.284344,0,343005,3863,2393
1.285897,0,340453,3835,2398
1.287511,0,342101,3852,2464
1.289064,0,342243,3855,2405
1.290617,0,346208,3900,2409
1.292175,0,342023,3852,2391
1.293728,0,341375,3845,2392
1.295327,0,341854,3851,2437
1.296759,0,335749,3780,2398
1.298298,0,341085,3842,2392
1.299851,0,343302,3867,2397
1.301406,0,341933,3852,2406
1.302961,0,378903,4277,2483
1.304559,0,341986,3852,2406
1.306112,0,342945,3864,2395
1.307666,0,312836,3515,2403
1.309081,0,335881,3781,2445
1.310612,0,344924,3885,2444
1.312050,0,336328,3786,2567
1.313578,0,342563,3858,2445
1.315136,0,342660,3860,2498
1.316692,0,343034,3865,2477
1.318248,0,342085,3852,2453
1.319861,0,344240,3877,2426
1.321418,0,342383,3856,2447
1.322975,0,339173,3820,2434
1.324521,0,338663,3813,2444
1.326066,0,340324,3833,2448
1.327534,0,333886,3758,2447
1.329122,0,343379,3869,2445
1.330689,0,387186,4378,2443
1.332336,0,344793,3880,2451
1.333891,0,342960,3863,2441
1.335494,0,344124,3876,2558
1.337051,0,343526,3869,2453
1.338606,0,346128,3901,2543
1.340166,0,342562,3859,2442
1.341734,0,342658,3860,2447
1.343336,0,343594,3870,2453
1.344892,0,342844,3862,2450
1.346447,0,343051,3865,2447
1.348003,0,342951,3864,2446
1.349559,0,343090,3865,2443
1.351091,0,382234,4315,2438
1.352707,0,342162,3855,2446
1.354261,0,341745,3848,2450
1.355817,0,343364,3869,2438
1.357374,0,343049,3865,2674
1.358931,0,342431,3857,2520
1.360487,0,341768,3849,2442
1.362041,0,342351,3857,2442
1.363612,0,343851,3873,2449
1.365169,0,341907,3852,2447
1.366723,0,346110,3898,2444
1.368285,0,342697,3861,2443
1.369840,0,342362,3855,2443
1.371397,0,343714,3872,2444
1.372954,0,342429,3857,2445
1.374522,0,343335,3868,2443
1.376163,0,343472,3869,2448
1.377718,0,342517,3857,2446
1.379276,0,341942,3853,2443
1.380832,0,342621,3858,2447
1.382387,0,343088,3866,2444
1.383987,0,343621,3871,2438
1.385558,0,343473,3869,2445
1.387116,0,343347,3867,2583
1.388672,0,342192,3854,2448
1.390227,0,342165,3855,2444
1.391825,0,343231,3866,2449
1.393381,0,342065,3853,2444
1.394939,0,343167,3866,2449
1.396510,0,343017,3863,2444
1.398065,0,342112,3854,2442
1.399667,0,343708,3872,2444
1.401224,0,343896,3874,2441
1.402779,0,345773,3896,2434
1.404339,0,344068,3876,2448
1.405894,0,342740,3861,2445
1.407510,0,342570,3858,2453
1.409065,0,342362,3855,2444
1.410619,0,345705,3894,2446
1.412178,0,342671,3861,2449
1.413732,0,343264,3865,2444
1.415335,0,344521,3881,2437
1.416893,0,342425,3857,2443
1.418462,0,343495,3869,2445
1.420019,0,343475,3870,2444
1.421575,0,341862,3849,2446
1.423132,0,380356,4296,2443
1.424733,0,341634,3848,2437
1.426286,0,343407,3868,2446
1.427842,0,342529,3859,2528
1.429412,0,343839,3872,2542
1.430970,0,379921,4290,2446
1.432570,0,341177,3842,2446
1.434123,0,341541,3849,2450
1.435679,0,342329,3855,2450
1.437234,0,342169,3853,2445
1.438787,0,345907,3897,2491
1.440235,0,311265,3889,2201
1.441759,0,302613,3852,2196
1.443316,0,298441,3849,2197
1.444870,0,301755,3840,2196
1.446423,0,302580,3852,2209
1.448022,0,303498,3863,2203
1.449577,0,301746,3840,2201
1.451154,0,298007,3845,2198
1.452710,0,302011,3843,2206
1.454263,0,302601,3851,2196
1.455863,0,302832,3855,2200
1.457419,0,301662,3840,2288
1.458975,0,302510,3849,2293
1.460530,0,302161,3845,2193
1.462096,0,302389,3849,2200
1.463698,0,301927,3843,2203
1.465254,0,297974,3844,2200
1.466806,0,262713,3396,2193
1.468189,0,296656,3761,2208
1.469584,0,294228,3741,2340
1.471105,0,336638,4296,2195
1.472593,0,294188,3740,2243
1.474118,0,302553,3851,2247
1.475674,0,303260,3862,2279
1.477227,0,301806,3839,2269
1.478779,0,306030,3896,2238
1.480339,0,301980,3851,2238
1.481774,0,293171,3773,2243
1.483319,0,303127,3857,2323
1.484874,0,298829,3856,2241
1.486429,0,302289,3847,2244
1.488027,0,302715,3854,2251
1.489584,0,302550,3850,2250
1.491139,0,301960,3842,2246
1.492693,0,297993,3844,2244
1.494261,0,302064,3843,2245
1.495860,0,303036,3856,2237
1.497415,0,301641,3839,2325
1.498971,0,301859,3841,2244
1.500525,0,302940,3856,2267
1.502078,0,302044,3843,2240
1.503678,0,293752,3789,2244
1.505247,0,302228,3847,2240
1.506801,0,353989,4523,2252
1.508298,0,322511,4112,2241
1.509861,0,301096,3885,2243
1.511343,0,295836,3763,2253
1.512869,0,302211,3846,2241
1.514424,0,302671,3852,2241
1.515993,0,299798,3815,2241
1.517541,0,299517,3812,2247
1.519038,0,349049,4459,2248
1.520557,0,296244,3768,2242
1.522082,0,302075,3845,2244
1.523637,0,301870,3842,2248
1.525191,0,301859,3841,2248
1.526635,0,303522,3843,7952
1.528207,0,316029,3973,7961
1.529799,0,310704,3957,7828
1.531396,0,311922,3974,7932
1.532990,0,311841,3971,7892
1.534583,0,314113,4002,7865
1.536183,0,311128,3963,7958
1.537790,0,311751,3970,7975
1.539385,0,313383,3994,7951
1.540980,0,311664,3969,7946
1.542573,0,314841,4013,7975
1.544174,0,311410,3966,7956
1.545766,0,311293,3965,7960
1.547362,0,311516,3967,7962
1.548971,0,311348,3965,7922
1.550567,0,314333,4006,7967
1.552167,0,311557,3970,7983
1.553760,0,311070,3962,7966
1.555355,0,310853,3959,7978
1.556950,0,311546,3969,7956
1.558543,0,371594,4753,7788
1.560183,0,305669,3892,7943
1.561748,0,312044,3975,8191
1.563345,0,311865,3972,7978
1.564939,0,310982,3960,7973
1.566532,0,361095,4616,7950
1.568228,0,311089,3962,7924
1.569821,0,311507,3968,7975
1.571432,0,311210,3964,8150
1.573026,0,312103,3975,7929
1.574620,0,313261,3990,7923
1.576220,0,311737,3971,7871
1.578070,0,313581,3994,7963
1.579669,0,308417,3928,7978
1.581256,0,307660,3918,7979
1.582948,0,344974,4406,7945
1.584614,0,313221,3991,7947
1.586208,0,312012,3974,7943
1.587803,0,311508,3967,7962
1.589397,0,311753,3973,7895
1.590994,0,348910,4457,7900
1.592639,0,312322,3978,7948
1.594247,0,311922,3974,7924
1.595842,0,311432,3967,7988
1.597437,0,312408,3980,7935
1.599033,0,348975,4456,7796
1.600677,0,312339,3978,8106
1.602271,0,311513,3967,7897
1.603866,0,311492,3968,7879
1.605477,0,312026,3974,7874
1.607074,0,348402,4450,7932
1.608720,0,312463,3981,7901
1.610312,0,310910,3960,7915
1.611907,0,312613,3982,7959
1.613502,0,311635,3969,7955
1.615100,0,350313,4475,7947
1.616761,0,319359,4042,7845
1.618362,0,309428,3970,7963
1.619958,0,311811,3971,7926
1.621554,0,312010,3974,7919
1.623151,0,350306,4476,7959
1.624799,0,312137,3975,7976
1.626393,0,311559,3968,7980
1.627866,0,302423,3848,7930
1.629292,0,360948,4614,7908
1.630828,0,306225,3900,3866
1.632257,0,305805,3893,7925
1.633680,0,302900,3854,7944
1.635105,0,304101,3870,7966
1.636528,0,304539,3877,7790
1.637964,0,302888,3856,3866
1.639424,0,305541,3890,3213
1.640845,0,302121,3845,3350
1.642260,0,301374,3835,7985
1.643680,0,300831,3829,7971
1.645098,0,302044,3843,7958
1.646515,0,298373,3796,7963
1.648120,0,301722,3840,7948
1.649537,0,301159,3834,7990
1.651126,0,929700,12053,3504
1.653549,0,331513,4233,7891
1.655083,0,343747,4339,7943
1.656554,0,297409,3831,7974
1.657971,0,302059,3844,7939
1.659398,0,303274,3859,7902
1.660816,0,301837,3842,7858
1.662234,0,301157,3831,7941
1.663692,0,305467,3890,7964
1.665118,0,306747,3905,7963
1.666542,0,304055,3871,7943
1.668018,0,340806,4351,8002
1.669585,0,311436,3967,7953
1.671184,0,348664,4454,7885
1.672828,0,312568,3981,7954
1.674421,0,311523,3967,7885
1.676017,0,313100,3988,7874
1.677613,0,312828,3985,7993
1.679211,0,313964,4001,7982
1.680689,0,288033,4014,7630
1.682253,0,293168,4144,7646
1.683849,0,289200,4089,7648
1.685436,0,277903,3923,7579
1.687044,0,311631,4417,7608
1.688714,0,290906,4112,7622
1.690307,0,279781,3951,7635
1.691781,0,288890,4023,7787
1.693346,0,291352,4120,7786
1.694942,0,323671,4590,7797
1.696586,0,279824,3951,7781
1.698179,0,289201,4088,7794
1.699773,0,290857,4112,7762
1.701366,0,280208,3956,7813
1.702975,0,313743,4446,7767
1.704619,0,290707,4109,7765
1.706213,0,290537,4108,7775
1.707805,0,289416,4091,7765
1.709264,0,284224,4014,7726
1.710824,0,285486,4034,7780
1.712765,0,282956,3998,7720
1.714201,0,281552,3974,7781
1.715624,0,285223,4030,7741
1.717184,0,281094,3970,7761
1.718778,0,284965,4027,7757
1.720380,0,280857,3966,7745
1.721974,0,291805,4126,7781
1.723572,0,291797,4125,7736
1.725182,0,291741,4124,7789
1.726777,0,294768,4169,7787
1.728380,0,281849,3981,7723
1.729973,0,280171,3957,7782
1.731570,0,280947,3968,7755
1.733166,0,291825,4126,7731
1.734760,0,284199,4017,7786
1.736377,0,291743,4125,7763
1.737971,0,281235,3972,7779
1.739567,0,292426,4134,7766
1.741162,0,291919,4127,7765
1.742757,0,293903,4157,7787
1.744360,0,291768,4125,7747
1.745953,0,291660,4124,7792
1.747435,0,288930,4025,7752
1.749000,0,291531,4121,7688
1.750593,0,294319,4163,7764
1.752191,0,291384,4119,7754
1.753784,0,280051,3956,7719
1.755380,0,279733,3950,7749
1.756973,0,290461,4105,7717
1.758581,0,293454,4149,7701
1.760181,0,281340,3973,7732
1.761774,0,279629,3948,7730
1.763369,0,281037,3969,7705
1.764963,0,280499,3960,7731
1.766554,0,293422,4149,7749
1.768154,0,291678,4123,7756
1.769760,0,290949,4113,7784
1.771356,0,280530,3962,7609
1.772950,0,289998,4100,7866
1.774542,0,333572,4734,7757
1.776099,0,274790,3879,7755
1.777663,0,281226,3972,7774
1.779260,0,291989,4128,7785
1.780867,0,279884,3953,7867
1.782460,0,291855,4124,7699
1.783967,0,285499,4034,7762
1.785531,0,290384,4105,7749
1.787126,0,291396,4120,7722
1.788721,0,280277,3959,7731
1.790352,0,291423,4121,7728
1.792011,0,291703,4123,7754
1.793606,0,279822,3951,7751
1.795202,0,291052,4115,7710
1.796797,0,290413,4105,7711
1.798389,0,280690,3965,7749
1.800034,0,291769,4126,7762
1.801628,0,280711,3965,7754
1.803238,0,291270,4118,7772
1.804834,0,290343,4105,7751
1.806426,0,279971,3953,7716
1.808069,0,280395,3960,7702
1.809664,0,290755,4111,7761
1.811260,0,291344,4118,7816
1.812854,0,290951,4115,7697
1.814461,0,291261,4118,7742
1.815921,0,284636,4021,7731
1.817484,0,279940,3953,7744
1.819079,0,291845,4125,7746
1.820674,0,291433,4119,7751
1.822267,0,290654,4110,7657
1.823909,0,279506,3949,7774
1.825529,0,1176128,16990,7374
1.830901,0,275352,3886,3684
1.832351,0,290019,4100,7754
1.833790,0,285769,4038,7759
1.835213,0,269748,3805,7763
1.836656,0,282775,3994,7736
1.838073,0,283814,4010,7751
1.839537,0,286320,4047,7773
1.840997,0,273851,3865,7746
1.842421,0,273662,3860,7772
1.843845,0,274360,3873,7668
1.845268,0,273540,3860,7627
1.846708,0,274746,3878,7752
1.848149,0,273723,3863,7725
1.849706,0,280081,3954,7766
1.851302,0,280769,3966,7710
1.852895,0,290734,4111,7754
1.854488,0,291109,4115,7717
1.856044,0,285248,4030,7754
1.857617,0,291084,4116,7760
1.859213,0,290364,4104,7746
1.860807,0,280173,3956,7756
1.862400,0,289877,4097,7728
1.864042,0,280975,3969,7707
1.865634,0,279671,3950,7742
1.867230,0,280830,3968,7736
1.868839,0,291020,4114,7706
1.870431,0,290649,4110,7753
1.872075,0,291156,4116,7745
1.873670,0,290420,4105,7620
1.875264,0,291022,4115,7748
1.876859,0,290740,4110,7727
1.878452,0,279481,3946,7780
1.879997,0,274549,3876,7708
1.881454,0,280521,3962,7686
1.883048,0,281176,3970,7698
1.884643,0,280390,3959,7675
1.886234,0,281186,3972,7744
1.887879,0,291106,4115,7715
1.889472,0,280911,3968,7722
1.891082,0,291884,4127,7670
1.892677,0,279625,3948,7770
1.894269,0,281042,3969,7710
1.895913,0,280750,3965,7773
1.897507,0,290908,4112,7757
1.899102,0,279934,3952,7778
1.900576,0,275891,3895,7754
1.902023,0,257454,3967,3325
1.903447,0,251801,3854,3311
1.905004,0,258009,3952,3312
1.906467,0,254242,3890,7356
1.908032,0,256936,3936,7392
1.909536,0,257844,3949,7422
1.911112,0,288775,4440,3320
1.912638,0,250842,3839,3425
1.914202,0,257953,3950,7530
1.915795,0,257835,3947,7490
1.917389,0,258145,3953,3391
1.918985,0,288320,4431,7546
1.920629,0,258040,3953,3482
1.922221,0,254781,3900,3429
1.923828,0,258461,3958,3446
1.925423,0,257598,3945,7534
1.927018,0,285724,4389,3394
1.928655,0,256960,3934,3443
1.930247,0,257343,3942,3299
1.931840,0,257685,3946,3426
1.933434,0,257718,3947,7542
1.935043,0,289753,4453,3412
1.936687,0,258511,3960,7455
1.938280,0,258314,3958,7547
1.939873,0,257123,3936,7535
1.941877,0,260414,3990,3367
1.943525,0,259750,3978,7531
1.945135,0,258382,3958,3422
1.946731,0,261824,4012,7536
1.948331,0,258750,3963,7467
1.949926,0,258048,3952,7535
1.951574,0,259704,3979,3432
1.953171,0,259279,3972,3378
1.954766,0,261248,4004,7437
1.956380,0,259587,3976,3380
1.957975,0,255691,3914,3438
1.959621,0,259395,3973,7538
1.961217,0,259326,3974,7516
1.962812,0,266329,4083,3416
1.964285,0,254136,3890,3318
1.965714,0,253133,3874,3297
1.967149,0,288625,4403,2750
1.968743,0,247952,3794,2851
1.970298,0,252405,3862,1789
1.971850,0,244279,3798,2333
1.973402,0,248440,3801,1793
1.974955,0,272501,4244,2321
1.976565,0,249480,3916,3370
1.978171,0,261331,4002,3354
1.979766,0,259662,3979,3426
1.981362,0,260281,3988,7509
1.982960,0,287805,4422,3426
1.984606,0,258278,3956,7439
1.986199,0,258431,3957,7500
1.987795,0,258431,3959,7582
1.989405,0,258503,3960,7409
1.991003,0,289683,4451,3429
1.992649,0,258253,3955,7533
1.994243,0,257973,3951,7442
1.995839,0,259921,3981,7492
1.997435,0,258797,3965,3411
1.999032,0,289186,4445,7436
2.000087,0,253088,3874,3374
