elapsed_s,TP_RESERVED_96,TP_RESERVED_97,TP_RESERVED_98,TP_RESERVED_99,TP_RESERVED_100,TP_RESERVED_101,TP_RESERVED_102,TP_RESERVED_103,TP_RESERVED_104,TP_RESERVED_105,TP_RESERVED_106,TP_RESERVED_107
0.001107,0,0,0,0,0,0,0,0,0,0,0,0
0.002636,0,0,0,0,0,0,0,0,0,0,0,0
0.004124,0,0,0,0,0,0,0,0,0,0,0,0
0.005613,0,0,0,0,0,0,0,0,0,0,0,0
0.007103,0,0,0,0,0,0,0,0,0,0,0,0
0.008590,0,0,0,0,0,0,0,0,0,0,0,0
0.010256,0,0,0,0,0,0,0,0,0,0,0,0
0.011747,0,0,0,0,0,0,0,0,0,0,0,0
0.013231,0,0,0,0,0,0,0,0,0,0,0,0
0.014717,0,0,0,0,0,0,0,0,0,0,0,0
0.016203,0,0,0,0,0,0,0,0,0,0,0,0
0.017876,0,0,0,0,0,0,0,0,0,0,0,0
0.019347,0,0,0,0,0,0,0,0,0,0,0,0
0.020822,0,0,0,0,0,0,0,0,0,0,0,0
0.022318,0,0,0,0,0,0,0,0,0,0,0,0
0.023764,0,0,0,0,0,0,0,0,0,0,0,0
0.025210,0,0,0,0,0,0,0,0,0,0,0,0
0.026704,0,0,0,0,0,0,0,0,0,0,0,0
0.028149,0,0,0,0,0,0,0,0,0,0,0,0
0.029595,0,0,0,0,0,0,0,0,0,0,0,0
0.031054,0,0,0,0,0,0,0,0,0,0,0,0
0.032500,0,0,0,0,0,0,0,0,0,0,0,0
0.034047,0,0,0,0,0,0,0,0,0,0,0,0
0.035512,0,0,0,0,0,0,0,0,0,0,0,0
0.036957,0,0,0,0,0,0,0,0,0,0,0,0
0.038404,0,0,0,0,0,0,0,0,0,0,0,0
0.039858,0,0,0,0,0,0,0,0,0,0,0,0
0.041447,0,0,0,0,0,0,0,0,0,0,0,0
0.042902,0,0,0,0,0,0,0,0,0,0,0,0
0.044335,0,0,0,0,0,0,0,0,0,0,0,0
0.045755,0,0,0,0,0,0,0,0,0,0,0,0
0.047184,0,0,0,0,0,0,0,0,0,0,0,0
0.048605,0,0,0,0,0,0,0,0,0,0,0,0
0.050063,0,0,0,0,0,0,0,0,0,0,0,0
0.051551,0,0,0,0,0,0,0,0,0,0,0,0
0.053016,0,0,0,0,0,0,0,0,0,0,0,0
0.054436,0,0,0,0,0,0,0,0,0,0,0,0
0.055854,0,0,0,0,0,0,0,0,0,0,0,0
0.057273,0,0,0,0,0,0,0,0,0,0,0,0
0.058700,0,0,0,0,0,0,0,0,0,0,0,0
0.060051,0,0,0,0,0,0,0,0,0,0,0,0
0.061460,0,0,0,0,0,0,0,0,0,0,0,0
0.062925,0,0,0,0,0,0,0,0,0,0,0,0
0.064387,0,0,0,0,0,0,0,0,0,0,0,0
0.065787,0,0,0,0,0,0,0,0,0,0,0,0
0.067138,0,0,0,0,0,0,0,0,0,0,0,0
0.068598,0,0,0,0,0,0,0,0,0,0,0,0
0.069982,0,0,0,0,0,0,0,0,0,0,0,0
0.071347,0,0,0,0,0,0,0,0,0,0,0,0
0.072867,0,0,0,0,0,0,0,0,0,0,0,0
0.074263,0,0,0,0,0,0,0,0,0,0,0,0
0.075569,0,0,0,0,0,0,0,0,0,0,0,0
0.076974,0,0,0,0,0,0,0,0,0,0,0,0
0.078342,0,0,0,0,0,0,0,0,0,0,0,0
0.079703,0,0,0,0,0,0,0,0,0,0,0,0
0.081060,0,0,0,0,0,0,0,0,0,0,0,0
0.082422,0,0,0,0,0,0,0,0,0,0,0,0
0.083781,0,0,0,0,0,0,0,0,0,0,0,0
0.085153,0,0,0,0,0,0,0,0,0,0,0,0
0.086525,0,0,0,0,0,0,0,0,0,0,0,0
0.088048,0,0,0,0,0,0,0,0,0,0,0,0
0.089454,0,0,0,0,0,0,0,0,0,0,0,0
0.090843,0,0,0,0,0,0,0,0,0,0,0,0
0.092229,0,0,0,0,0,0,0,0,0,0,0,0
0.093617,0,0,0,0,0,0,0,0,0,0,0,0
0.095002,0,0,0,0,0,0,0,0,0,0,0,0
0.096404,0,0,0,0,0,0,0,0,0,0,0,0
0.097949,0,0,0,0,0,0,0,0,0,0,0,0
0.099188,0,0,0,0,0,0,0,0,0,0,0,0
0.100427,0,0,0,0,0,0,0,0,0,0,0,0
0.101665,0,0,0,0,0,0,0,0,0,0,0,0
0.102903,0,0,0,0,0,0,0,0,0,0,0,0
0.104141,0,0,0,0,0,0,0,0,0,0,0,0
0.105435,0,0,0,0,0,0,0,0,0,0,0,0
0.106674,0,0,0,0,0,0,0,0,0,0,0,0
0.107924,0,0,0,0,0,0,0,0,0,0,0,0
0.109164,0,0,0,0,0,0,0,0,0,0,0,0
0.110437,0,0,0,0,0,0,0,0,0,0,0,0
0.111849,0,0,0,0,0,0,0,0,0,0,0,0
0.113249,0,0,0,0,0,0,0,0,0,0,0,0
0.114648,0,0,0,0,0,0,0,0,0,0,0,0
0.116046,0,0,0,0,0,0,0,0,0,0,0,0
0.117384,0,0,0,0,0,0,0,0,0,0,0,0
0.118782,0,0,0,0,0,0,0,0,0,0,0,0
0.120179,0,0,0,0,0,0,0,0,0,0,0,0
0.121518,0,0,0,0,0,0,0,0,0,0,0,0
0.122908,0,0,0,0,0,0,0,0,0,0,0,0
0.124310,0,0,0,0,0,0,0,0,0,0,0,0
0.125701,0,0,0,0,0,0,0,0,0,0,0,0
0.127092,0,0,0,0,0,0,0,0,0,0,0,0
0.128483,0,0,0,0,0,0,0,0,0,0,0,0
0.129875,0,0,0,0,0,0,0,0,0,0,0,0
0.131268,0,0,0,0,0,0,0,0,0,0,0,0
0.132660,0,0,0,0,0,0,0,0,0,0,0,0
0.134017,0,0,0,0,0,0,0,0,0,0,0,0
0.135411,0,0,0,0,0,0,0,0,0,0,0,0
0.136699,0,0,0,0,0,0,0,0,0,0,0,0
0.138215,0,0,0,0,0,0,0,0,0,0,0,0
0.139690,0,0,0,0,0,0,0,0,0,0,0,0
0.141158,0,0,0,0,0,0,0,0,0,0,0,0
0.142576,0,0,0,0,0,0,0,0,0,0,0,0
0.143970,0,0,0,0,0,0,0,0,0,0,0,0
0.145351,0,0,0,0,0,0,0,0,0,0,0,0
0.146736,0,0,0,0,0,0,0,0,0,0,0,0
0.148118,0,0,0,0,0,0,0,0,0,0,0,0
0.149501,0,0,0,0,0,0,0,0,0,0,0,0
0.150883,0,0,0,0,0,0,0,0,0,0,0,0
0.152264,0,0,0,0,0,0,0,0,0,0,0,0
0.153769,0,0,0,0,0,0,0,0,0,0,0,0
0.155387,0,0,0,0,0,0,0,0,0,0,0,0
0.156981,0,0,0,0,0,0,0,0,0,0,0,0
0.158583,0,0,0,0,0,0,0,0,0,0,0,0
0.160175,0,0,0,0,0,0,0,0,0,0,0,0
0.161770,0,0,0,0,0,0,0,0,0,0,0,0
0.163364,0,0,0,0,0,0,0,0,0,0,0,0
0.164958,0,0,0,0,0,0,0,0,0,0,0,0
0.166439,0,0,0,0,0,0,0,0,0,0,0,0
0.168001,0,0,0,0,0,0,0,0,0,0,0,0
0.169639,0,0,0,0,0,0,0,0,0,0,0,0
0.171232,0,0,0,0,0,0,0,0,0,0,0,0
0.172823,0,0,0,0,0,0,0,0,0,0,0,0
0.174420,0,0,0,0,0,0,0,0,0,0,0,0
0.176012,0,0,0,0,0,0,0,0,0,0,0,0
0.177619,0,0,0,0,0,0,0,0,0,0,0,0
0.179212,0,0,0,0,0,0,0,0,0,0,0,0
0.180850,0,0,0,0,0,0,0,0,0,0,0,0
0.182447,0,0,0,0,0,0,0,0,0,0,0,0
0.184037,0,0,0,0,0,0,0,0,0,0,0,0
0.185675,0,0,0,0,0,0,0,0,0,0,0,0
0.187268,0,0,0,0,0,0,0,0,0,0,0,0
0.188872,0,0,0,0,0,0,0,0,0,0,0,0
0.190346,0,0,0,0,0,0,0,0,0,0,0,0
0.191781,0,0,0,0,0,0,0,0,0,0,0,0
0.193340,0,0,0,0,0,0,0,0,0,0,0,0
0.194933,0,0,0,0,0,0,0,0,0,0,0,0
0.196525,0,0,0,0,0,0,0,0,0,0,0,0
0.198169,0,0,0,0,0,0,0,0,0,0,0,0
0.199773,0,0,0,0,0,0,0,0,0,0,0,0
0.201261,0,0,0,0,0,0,0,0,0,0,0,0
0.202749,0,0,0,0,0,0,0,0,0,0,0,0
0.204180,0,0,0,0,0,0,0,0,0,0,0,0
0.205612,0,0,0,0,0,0,0,0,0,0,0,0
0.207045,0,0,0,0,0,0,0,0,0,0,0,0
0.208478,0,0,0,0,0,0,0,0,0,0,0,0
0.209921,0,0,0,0,0,0,0,0,0,0,0,0
0.211480,0,0,0,0,0,0,0,0,0,0,0,0
0.213076,0,0,0,0,0,0,0,0,0,0,0,0
0.214663,0,0,0,0,0,0,0,0,0,0,0,0
0.216248,0,0,0,0,0,0,0,0,0,0,0,0
0.217754,0,0,0,0,0,0,0,0,0,0,0,0
0.219191,0,0,0,0,0,0,0,0,0,0,0,0
0.220633,0,0,0,0,0,0,0,0,0,0,0,0
0.222110,0,0,0,0,0,0,0,0,0,0,0,0
0.223539,0,0,0,0,0,0,0,0,0,0,0,0
0.224970,0,0,0,0,0,0,0,0,0,0,0,0
0.226398,0,0,0,0,0,0,0,0,0,0,0,0
0.227931,0,0,0,0,0,0,0,0,0,0,0,0
0.229526,0,0,0,0,0,0,0,0,0,0,0,0
0.231165,0,0,0,0,0,0,0,0,0,0,0,0
0.232753,0,0,0,0,0,0,0,0,0,0,0,0
0.234323,0,0,0,0,0,0,0,0,0,0,0,0
0.235758,0,0,0,0,0,0,0,0,0,0,0,0
0.237332,0,0,0,0,0,0,0,0,0,0,0,0
0.238805,0,0,0,0,0,0,0,0,0,0,0,0
0.240231,0,0,0,0,0,0,0,0,0,0,0,0
0.241669,0,0,0,0,0,0,0,0,0,0,0,0
0.243102,0,0,0,0,0,0,0,0,0,0,0,0
0.244532,0,0,0,0,0,0,0,0,0,0,0,0
0.245963,0,0,0,0,0,0,0,0,0,0,0,0
0.247594,0,0,0,0,0,0,0,0,0,0,0,0
0.249190,0,0,0,0,0,0,0,0,0,0,0,0
0.250830,0,0,0,0,0,0,0,0,0,0,0,0
0.252437,0,0,0,0,0,0,0,0,0,0,0,0
0.254031,0,0,0,0,0,0,0,0,0,0,0,0
0.255626,0,0,0,0,0,0,0,0,0,0,0,0
0.257222,0,0,0,0,0,0,0,0,0,0,0,0
0.258807,0,0,0,0,0,0,0,0,0,0,0,0
0.260391,0,0,0,0,0,0,0,0,0,0,0,0
0.261853,0,0,0,0,0,0,0,0,0,0,0,0
0.263426,0,0,0,0,0,0,0,0,0,0,0,0
0.265022,0,0,0,0,0,0,0,0,0,0,0,0
0.266659,0,0,0,0,0,0,0,0,0,0,0,0
0.268252,0,0,0,0,0,0,0,0,0,0,0,0
0.269846,0,0,0,0,0,0,0,0,0,0,0,0
0.271439,0,0,0,0,0,0,0,0,0,0,0,0
0.273034,0,0,0,0,0,0,0,0,0,0,0,0
0.274518,0,0,0,0,0,0,0,0,0,0,0,0
0.276080,0,0,0,0,0,0,0,0,0,0,0,0
0.277675,0,0,0,0,0,0,0,0,0,0,0,0
0.279269,0,0,0,0,0,0,0,0,0,0,0,0
0.280862,0,0,0,0,0,0,0,0,0,0,0,0
0.282458,0,0,0,0,0,0,0,0,0,0,0,0
0.284051,0,0,0,0,0,0,0,0,0,0,0,0
0.285661,0,0,0,0,0,0,0,0,0,0,0,0
0.287254,0,0,0,0,0,0,0,0,0,0,0,0
0.288848,0,0,0,0,0,0,0,0,0,0,0,0
0.290444,0,0,0,0,0,0,0,0,0,0,0,0
0.292035,0,0,0,0,0,0,0,0,0,0,0,0
0.293501,0,0,0,0,0,0,0,0,0,0,0,0
0.295062,0,0,0,0,0,0,0,0,0,0,0,0
0.296665,0,0,0,0,0,0,0,0,0,0,0,0
0.298263,0,0,0,0,0,0,0,0,0,0,0,0
0.299854,0,0,0,0,0,0,0,0,0,0,0,0
0.301449,0,0,0,0,0,0,0,0,0,0,0,0
0.303042,0,0,0,0,0,0,0,0,0,0,0,0
0.304634,0,0,0,0,0,0,0,0,0,0,0,0
0.306230,0,0,0,0,0,0,0,0,0,0,0,0
0.307834,0,0,0,0,0,0,0,0,0,0,0,0
0.309429,0,0,0,0,0,0,0,0,0,0,0,0
0.311022,0,0,0,0,0,0,0,0,0,0,0,0
0.312613,0,0,0,0,0,0,0,0,0,0,0,0
0.314295,0,0,0,0,0,0,0,0,0,0,0,0
0.315886,0,0,0,0,0,0,0,0,0,0,0,0
0.317481,0,0,0,0,0,0,0,0,0,0,0,0
0.319087,0,0,0,0,0,0,0,0,0,0,0,0
0.320679,0,0,0,0,0,0,0,0,0,0,0,0
0.322276,0,0,0,0,0,0,0,0,0,0,0,0
0.323882,0,0,0,0,0,0,0,0,0,0,0,0
0.325496,0,0,0,0,0,0,0,0,0,0,0,0
0.327006,0,0,0,0,0,0,0,0,0,0,0,0
0.328460,0,0,0,0,0,0,0,0,0,0,0,0
0.329948,0,0,0,0,0,0,0,0,0,0,0,0
0.331384,0,0,0,0,0,0,0,0,0,0,0,0
0.332814,0,0,0,0,0,0,0,0,0,0,0,0
0.334249,0,0,0,0,0,0,0,0,0,0,0,0
0.335862,0,0,0,0,0,0,0,0,0,0,0,0
0.337458,0,0,0,0,0,0,0,0,0,0,0,0
0.339052,0,0,0,0,0,0,0,0,0,0,0,0
0.340659,0,0,0,0,0,0,0,0,0,0,0,0
0.342258,0,0,0,0,0,0,0,0,0,0,0,0
0.343852,0,0,0,0,0,0,0,0,0,0,0,0
0.345492,0,0,0,0,0,0,0,0,0,0,0,0
0.347086,0,0,0,0,0,0,0,0,0,0,0,0
0.348680,0,0,0,0,0,0,0,0,0,0,0,0
0.350278,0,0,0,0,0,0,0,0,0,0,0,0
0.351884,0,0,0,0,0,0,0,0,0,0,0,0
0.353481,0,0,0,0,0,0,0,0,0,0,0,0
0.355076,0,0,0,0,0,0,0,0,0,0,0,0
0.356669,0,0,0,0,0,0,0,0,0,0,0,0
0.358268,0,0,0,0,0,0,0,0,0,0,0,0
0.359862,0,0,0,0,0,0,0,0,0,0,0,0
0.361502,0,0,0,0,0,0,0,0,0,0,0,0
0.363101,0,0,0,0,0,0,0,0,0,0,0,0
0.364686,0,0,0,0,0,0,0,0,0,0,0,0
0.367055,0,0,0,0,0,0,0,0,0,0,0,0
0.368523,0,0,0,0,0,0,0,0,0,0,0,0
0.369954,0,0,0,0,0,0,0,0,0,0,0,0
0.371387,0,0,0,0,0,0,0,0,0,0,0,0
0.372819,0,0,0,0,0,0,0,0,0,0,0,0
0.374296,0,0,0,0,0,0,0,0,0,0,0,0
0.375720,0,0,0,0,0,0,0,0,0,0,0,0
0.377145,0,0,0,0,0,0,0,0,0,0,0,0
0.378743,0,0,0,0,0,0,0,0,0,0,0,0
0.380335,0,0,0,0,0,0,0,0,0,0,0,0
0.381927,0,0,0,0,0,0,0,0,0,0,0,0
0.383521,0,0,0,0,0,0,0,0,0,0,0,0
0.385130,0,0,0,0,0,0,0,0,0,0,0,0
0.386723,0,0,0,0,0,0,0,0,0,0,0,0
0.388316,0,0,0,0,0,0,0,0,0,0,0,0
0.389910,0,0,0,0,0,0,0,0,0,0,0,0
0.391503,0,0,0,0,0,0,0,0,0,0,0,0
0.393098,0,0,0,0,0,0,0,0,0,0,0,0
0.394735,0,0,0,0,0,0,0,0,0,0,0,0
0.396340,0,0,0,0,0,0,0,0,0,0,0,0
0.397933,0,0,0,0,0,0,0,0,0,0,0,0
0.399525,0,0,0,0,0,0,0,0,0,0,0,0
0.401000,0,0,0,0,0,0,0,0,0,0,0,0
0.402569,0,0,0,0,0,0,0,0,0,0,0,0
0.404161,0,0,0,0,0,0,0,0,0,0,0,0
0.405665,0,0,0,0,0,0,0,0,0,0,0,0
0.407253,0,0,0,0,0,0,0,0,0,0,0,0
0.408837,0,0,0,0,0,0,0,0,0,0,0,0
0.410482,0,0,0,0,0,0,0,0,0,0,0,0
0.411995,0,0,0,0,0,0,0,0,0,0,0,0
0.413560,0,0,0,0,0,0,0,0,0,0,0,0
0.415153,0,0,0,0,0,0,0,0,0,0,0,0
0.416756,0,0,0,0,0,0,0,0,0,0,0,0
0.418418,0,0,0,0,0,0,0,0,0,0,0,0
0.420012,0,0,0,0,0,0,0,0,0,0,0,0
0.421618,0,0,0,0,0,0,0,0,0,0,0,0
0.423211,0,0,0,0,0,0,0,0,0,0,0,0
0.424806,0,0,0,0,0,0,0,0,0,0,0,0
0.426404,0,0,0,0,0,0,0,0,0,0,0,0
0.427994,0,0,0,0,0,0,0,0,0,0,0,0
0.429601,0,0,0,0,0,0,0,0,0,0,0,0
0.431204,0,0,0,0,0,0,0,0,0,0,0,0
0.432692,0,0,0,0,0,0,0,0,0,0,0,0
0.434560,0,0,0,0,0,0,0,0,0,0,0,0
0.436154,0,0,0,0,0,0,0,0,0,0,0,0
0.437743,0,0,0,0,0,0,0,0,0,0,0,0
0.439336,0,0,0,0,0,0,0,0,0,0,0,0
0.440945,0,0,0,0,0,0,0,0,0,0,0,0
0.442538,0,0,0,0,0,0,0,0,0,0,0,0
0.444131,0,0,0,0,0,0,0,0,0,0,0,0
0.445725,0,0,0,0,0,0,0,0,0,0,0,0
0.447319,0,0,0,0,0,0,0,0,0,0,0,0
0.448993,0,0,0,0,0,0,0,0,0,0,0,0
0.450570,0,0,0,0,0,0,0,0,0,0,0,0
0.452013,0,0,0,0,0,0,0,0,0,0,0,0
0.453576,0,0,0,0,0,0,0,0,0,0,0,0
0.455171,0,0,0,0,0,0,0,0,0,0,0,0
0.456764,0,0,0,0,0,0,0,0,0,0,0,0
0.458365,0,0,0,0,0,0,0,0,0,0,0,0
0.459958,0,0,0,0,0,0,0,0,0,0,0,0
0.461554,0,0,0,0,0,0,0,0,0,0,0,0
0.463162,0,0,0,0,0,0,0,0,0,0,0,0
0.464752,0,0,0,0,0,0,0,0,0,0,0,0
0.466382,0,0,0,0,0,0,0,0,0,0,0,0
0.467965,0,0,0,0,0,0,0,0,0,0,0,0
0.469429,0,0,0,0,0,0,0,0,0,0,0,0
0.470992,0,0,0,0,0,0,0,0,0,0,0,0
0.472584,0,0,0,0,0,0,0,0,0,0,0,0
0.474245,0,0,0,0,0,0,0,0,0,0,0,0
0.475839,0,0,0,0,0,0,0,0,0,0,0,0
0.477434,0,0,0,0,0,0,0,0,0,0,0,0
0.479028,0,0,0,0,0,0,0,0,0,0,0,0
0.480620,0,0,0,0,0,0,0,0,0,0,0,0
0.482306,0,0,0,0,0,0,0,0,0,0,0,0
0.483899,0,0,0,0,0,0,0,0,0,0,0,0
0.485507,0,0,0,0,0,0,0,0,0,0,0,0
0.487103,0,0,0,0,0,0,0,0,0,0,0,0
0.488696,0,0,0,0,0,0,0,0,0,0,0,0
0.490296,0,0,0,0,0,0,0,0,0,0,0,0
0.491888,0,0,0,0,0,0,0,0,0,0,0,0
0.493483,0,0,0,0,0,0,0,0,0,0,0,0
0.495077,0,0,0,0,0,0,0,0,0,0,0,0
0.496685,0,0,0,0,0,0,0,0,0,0,0,0
0.498283,0,0,0,0,0,0,0,0,0,0,0,0
0.499876,0,0,0,0,0,0,0,0,0,0,0,0
0.501471,0,0,0,0,0,0,0,0,0,0,0,0
0.503057,0,0,0,0,0,0,0,0,0,0,0,0
0.504641,0,0,0,0,0,0,0,0,0,0,0,0
0.506187,0,0,0,0,0,0,0,0,0,0,0,0
0.507788,0,0,0,0,0,0,0,0,0,0,0,0
0.509382,0,0,0,0,0,0,0,0,0,0,0,0
0.510976,0,0,0,0,0,0,0,0,0,0,0,0
0.512567,0,0,0,0,0,0,0,0,0,0,0,0
0.514214,0,0,0,0,0,0,0,0,0,0,0,0
0.515805,0,0,0,0,0,0,0,0,0,0,0,0
0.517399,0,0,0,0,0,0,0,0,0,0,0,0
0.519005,0,0,0,0,0,0,0,0,0,0,0,0
0.520596,0,0,0,0,0,0,0,0,0,0,0,0
0.522273,0,0,0,0,0,0,0,0,0,0,0,0
0.523864,0,0,0,0,0,0,0,0,0,0,0,0
0.525457,0,0,0,0,0,0,0,0,0,0,0,0
0.527048,0,0,0,0,0,0,0,0,0,0,0,0
0.528640,0,0,0,0,0,0,0,0,0,0,0,0
0.530275,0,0,0,0,0,0,0,0,0,0,0,0
0.531871,0,0,0,0,0,0,0,0,0,0,0,0
0.533466,0,0,0,0,0,0,0,0,0,0,0,0
0.535061,0,0,0,0,0,0,0,0,0,0,0,0
0.536653,0,0,0,0,0,0,0,0,0,0,0,0
0.538252,0,0,0,0,0,0,0,0,0,0,0,0
0.539845,0,0,0,0,0,0,0,0,0,0,0,0
0.541455,0,0,0,0,0,0,0,0,0,0,0,0
0.543048,0,0,0,0,0,0,0,0,0,0,0,0
0.544641,0,0,0,0,0,0,0,0,0,0,0,0
0.546238,0,0,0,0,0,0,0,0,0,0,0,0
0.547831,0,0,0,0,0,0,0,0,0,0,0,0
0.549428,0,0,0,0,0,0,0,0,0,0,0,0
0.551022,0,0,0,0,0,0,0,0,0,0,0,0
0.552503,0,0,0,0,0,0,0,0,0,0,0,0
0.554110,0,0,0,0,0,0,0,0,0,0,0,0
0.555705,0,0,0,0,0,0,0,0,0,0,0,0
0.557299,0,0,0,0,0,0,0,0,0,0,0,0
0.558893,0,0,0,0,0,0,0,0,0,0,0,0
0.560486,0,0,0,0,0,0,0,0,0,0,0,0
0.562400,0,0,0,0,0,0,0,0,0,0,0,0
0.564010,0,0,0,0,0,0,0,0,0,0,0,0
0.565453,0,0,0,0,0,0,0,0,0,0,0,0
0.566887,0,0,0,0,0,0,0,0,0,0,0,0
0.568386,0,0,0,0,0,0,0,0,0,0,0,0
0.569859,0,0,0,0,0,0,0,0,0,0,0,0
0.571321,0,0,0,0,0,0,0,0,0,0,0,0
0.572846,0,0,0,0,0,0,0,0,0,0,0,0
0.574369,0,0,0,0,0,0,0,0,0,0,0,0
0.575804,0,0,0,0,0,0,0,0,0,0,0,0
0.577237,0,0,0,0,0,0,0,0,0,0,0,0
0.578666,0,0,0,0,0,0,0,0,0,0,0,0
0.580095,0,0,0,0,0,0,0,0,0,0,0,0
0.581526,0,0,0,0,0,0,0,0,0,0,0,0
0.583082,0,0,0,0,0,0,0,0,0,0,0,0
0.584563,0,0,0,0,0,0,0,0,0,0,0,0
0.586167,0,0,0,0,0,0,0,0,0,0,0,0
0.587668,0,0,0,0,0,0,0,0,0,0,0,0
0.589101,0,0,0,0,0,0,0,0,0,0,0,0
0.590530,0,0,0,0,0,0,0,0,0,0,0,0
0.591963,0,0,0,0,0,0,0,0,0,0,0,0
0.593402,0,0,0,0,0,0,0,0,0,0,0,0
0.594892,0,0,0,0,0,0,0,0,0,0,0,0
0.596322,0,0,0,0,0,0,0,0,0,0,0,0
0.597753,0,0,0,0,0,0,0,0,0,0,0,0
0.599183,0,0,0,0,0,0,0,0,0,0,0,0
0.600611,0,0,0,0,0,0,0,0,0,0,0,0
0.602119,0,0,0,0,0,0,0,0,0,0,0,0
0.603682,0,0,0,0,0,0,0,0,0,0,0,0
0.605290,0,0,0,0,0,0,0,0,0,0,0,0
0.606883,0,0,0,0,0,0,0,0,0,0,0,0
0.608476,0,0,0,0,0,0,0,0,0,0,0,0
0.610070,0,0,0,0,0,0,0,0,0,0,0,0
0.611657,0,0,0,0,0,0,0,0,0,0,0,0
0.613154,0,0,0,0,0,0,0,0,0,0,0,0
0.614718,0,0,0,0,0,0,0,0,0,0,0,0
0.616324,0,0,0,0,0,0,0,0,0,0,0,0
0.617963,0,0,0,0,0,0,0,0,0,0,0,0
0.619558,0,0,0,0,0,0,0,0,0,0,0,0
0.621154,0,0,0,0,0,0,0,0,0,0,0,0
0.622748,0,0,0,0,0,0,0,0,0,0,0,0
0.624342,0,0,0,0,0,0,0,0,0,0,0,0
0.625936,0,0,0,0,0,0,0,0,0,0,0,0
0.627545,0,0,0,0,0,0,0,0,0,0,0,0
0.629141,0,0,0,0,0,0,0,0,0,0,0,0
0.630738,0,0,0,0,0,0,0,0,0,0,0,0
0.632332,0,0,0,0,0,0,0,0,0,0,0,0
0.633970,0,0,0,0,0,0,0,0,0,0,0,0
0.635565,0,0,0,0,0,0,0,0,0,0,0,0
0.637161,0,0,0,0,0,0,0,0,0,0,0,0
0.638768,0,0,0,0,0,0,0,0,0,0,0,0
0.640361,0,0,0,0,0,0,0,0,0,0,0,0
0.641829,0,0,0,0,0,0,0,0,0,0,0,0
0.643392,0,0,0,0,0,0,0,0,0,0,0,0
0.644989,0,0,0,0,0,0,0,0,0,0,0,0
0.646583,0,0,0,0,0,0,0,0,0,0,0,0
0.648177,0,0,0,0,0,0,0,0,0,0,0,0
0.649829,0,0,0,0,0,0,0,0,0,0,0,0
0.651424,0,0,0,0,0,0,0,0,0,0,0,0
0.653020,0,0,0,0,0,0,0,0,0,0,0,0
0.654615,0,0,0,0,0,0,0,0,0,0,0,0
0.656206,0,0,0,0,0,0,0,0,0,0,0,0
0.658078,0,0,0,0,0,0,0,0,0,0,0,0
0.661212,0,0,0,0,0,0,0,0,0,0,0,0
0.662666,0,0,0,0,0,0,0,0,0,0,0,0
0.664095,0,0,0,0,0,0,0,0,0,0,0,0
0.665562,0,0,0,0,0,0,0,0,0,0,0,0
0.666992,0,0,0,0,0,0,0,0,0,0,0,0
0.668420,0,0,0,0,0,0,0,0,0,0,0,0
0.669977,0,0,0,0,0,0,0,0,0,0,0,0
0.671460,0,0,0,0,0,0,0,0,0,0,0,0
0.672895,0,0,0,0,0,0,0,0,0,0,0,0
0.674327,0,0,0,0,0,0,0,0,0,0,0,0
0.675756,0,0,0,0,0,0,0,0,0,0,0,0
0.677196,0,0,0,0,0,0,0,0,0,0,0,0
0.678625,0,0,0,0,0,0,0,0,0,0,0,0
0.680053,0,0,0,0,0,0,0,0,0,0,0,0
0.681534,0,0,0,0,0,0,0,0,0,0,0,0
0.682964,0,0,0,0,0,0,0,0,0,0,0,0
0.684392,0,0,0,0,0,0,0,0,0,0,0,0
0.685822,0,0,0,0,0,0,0,0,0,0,0,0
0.687250,0,0,0,0,0,0,0,0,0,0,0,0
0.688678,0,0,0,0,0,0,0,0,0,0,0,0
0.690236,0,0,0,0,0,0,0,0,0,0,0,0
0.691841,0,0,0,0,0,0,0,0,0,0,0,0
0.693434,0,0,0,0,0,0,0,0,0,0,0,0
0.694904,0,0,0,0,0,0,0,0,0,0,0,0
0.696470,0,0,0,0,0,0,0,0,0,0,0,0
0.698109,0,0,0,0,0,0,0,0,0,0,0,0
0.699704,0,0,0,0,0,0,0,0,0,0,0,0
0.701301,0,0,0,0,0,0,0,0,0,0,0,0
0.702909,0,0,0,0,0,0,0,0,0,0,0,0
0.704503,0,0,0,0,0,0,0,0,0,0,0,0
0.706097,0,0,0,0,0,0,0,0,0,0,0,0
0.707692,0,0,0,0,0,0,0,0,0,0,0,0
0.709289,0,0,0,0,0,0,0,0,0,0,0,0
0.710884,0,0,0,0,0,0,0,0,0,0,0,0
0.712477,0,0,0,0,0,0,0,0,0,0,0,0
0.713958,0,0,0,0,0,0,0,0,0,0,0,0
0.715523,0,0,0,0,0,0,0,0,0,0,0,0
0.717120,0,0,0,0,0,0,0,0,0,0,0,0
0.718715,0,0,0,0,0,0,0,0,0,0,0,0
0.720308,0,0,0,0,0,0,0,0,0,0,0,0
0.721902,0,0,0,0,0,0,0,0,0,0,0,0
0.723497,0,0,0,0,0,0,0,0,0,0,0,0
0.725106,0,0,0,0,0,0,0,0,0,0,0,0
0.726693,0,0,0,0,0,0,0,0,0,0,0,0
0.728278,0,0,0,0,0,0,0,0,0,0,0,0
0.729783,0,0,0,0,0,0,0,0,0,0,0,0
0.731345,0,0,0,0,0,0,0,0,0,0,0,0
0.732940,0,0,0,0,0,0,0,0,0,0,0,0
0.734534,0,0,0,0,0,0,0,0,0,0,0,0
0.736139,0,0,0,0,0,0,0,0,0,0,0,0
0.737734,0,0,0,0,0,0,0,0,0,0,0,0
0.739327,0,0,0,0,0,0,0,0,0,0,0,0
0.740975,0,0,0,0,0,0,0,0,0,0,0,0
0.742566,0,0,0,0,0,0,0,0,0,0,0,0
0.744157,0,0,0,0,0,0,0,0,0,0,0,0
0.745795,0,0,0,0,0,0,0,0,0,0,0,0
0.747402,0,0,0,0,0,0,0,0,0,0,0,0
0.748996,0,0,0,0,0,0,0,0,0,0,0,0
0.750589,0,0,0,0,0,0,0,0,0,0,0,0
0.752182,0,0,0,0,0,0,0,0,0,0,0,0
0.753775,0,0,0,0,0,0,0,0,0,0,0,0
0.755369,0,0,0,0,0,0,0,0,0,0,0,0
0.756965,0,0,0,0,0,0,0,0,0,0,0,0
0.758571,0,0,0,0,0,0,0,0,0,0,0,0
0.760163,0,0,0,0,0,0,0,0,0,0,0,0
0.761803,0,0,0,0,0,0,0,0,0,0,0,0
0.763396,0,0,0,0,0,0,0,0,0,0,0,0
0.765026,0,0,0,0,0,0,0,0,0,0,0,0
0.766620,0,0,0,0,0,0,0,0,0,0,0,0
0.768211,0,0,0,0,0,0,0,0,0,0,0,0
0.769818,0,0,0,0,0,0,0,0,0,0,0,0
0.771412,0,0,0,0,0,0,0,0,0,0,0,0
0.773008,0,0,0,0,0,0,0,0,0,0,0,0
0.774602,0,0,0,0,0,0,0,0,0,0,0,0
0.776193,0,0,0,0,0,0,0,0,0,0,0,0
0.777830,0,0,0,0,0,0,0,0,0,0,0,0
0.779423,0,0,0,0,0,0,0,0,0,0,0,0
0.781032,0,0,0,0,0,0,0,0,0,0,0,0
0.782626,0,0,0,0,0,0,0,0,0,0,0,0
0.784218,0,0,0,0,0,0,0,0,0,0,0,0
0.785810,0,0,0,0,0,0,0,0,0,0,0,0
0.787403,0,0,0,0,0,0,0,0,0,0,0,0
0.788997,0,0,0,0,0,0,0,0,0,0,0,0
0.790589,0,0,0,0,0,0,0,0,0,0,0,0
0.792072,0,0,0,0,0,0,0,0,0,0,0,0
0.793684,0,0,0,0,0,0,0,0,0,0,0,0
0.795278,0,0,0,0,0,0,0,0,0,0,0,0
0.796870,0,0,0,0,0,0,0,0,0,0,0,0
0.798706,0,0,0,0,0,0,0,0,0,0,0,0
0.800154,0,0,0,0,0,0,0,0,0,0,0,0
0.801588,0,0,0,0,0,0,0,0,0,0,0,0
0.803043,0,0,0,0,0,0,0,0,0,0,0,0
0.804479,0,0,0,0,0,0,0,0,0,0,0,0
0.805912,0,0,0,0,0,0,0,0,0,0,0,0
0.807343,0,0,0,0,0,0,0,0,0,0,0,0
0.808900,0,0,0,0,0,0,0,0,0,0,0,0
0.810551,0,0,0,0,0,0,0,0,0,0,0,0
0.812145,0,0,0,0,0,0,0,0,0,0,0,0
0.813754,0,0,0,0,0,0,0,0,0,0,0,0
0.815349,0,0,0,0,0,0,0,0,0,0,0,0
0.816947,0,0,0,0,0,0,0,0,0,0,0,0
0.818543,0,0,0,0,0,0,0,0,0,0,0,0
0.820136,0,0,0,0,0,0,0,0,0,0,0,0
0.821732,0,0,0,0,0,0,0,0,0,0,0,0
0.823328,0,0,0,0,0,0,0,0,0,0,0,0
0.824810,0,0,0,0,0,0,0,0,0,0,0,0
0.826382,0,0,0,0,0,0,0,0,0,0,0,0
0.827977,0,0,0,0,0,0,0,0,0,0,0,0
0.829574,0,0,0,0,0,0,0,0,0,0,0,0
0.831169,0,0,0,0,0,0,0,0,0,0,0,0
0.832763,0,0,0,0,0,0,0,0,0,0,0,0
0.834363,0,0,0,0,0,0,0,0,0,0,0,0
0.835978,0,0,0,0,0,0,0,0,0,0,0,0
0.837575,0,0,0,0,0,0,0,0,0,0,0,0
0.839171,0,0,0,0,0,0,0,0,0,0,0,0
0.840765,0,0,0,0,0,0,0,0,0,0,0,0
0.842367,0,0,0,0,0,0,0,0,0,0,0,0
0.843961,0,0,0,0,0,0,0,0,0,0,0,0
0.845558,0,0,0,0,0,0,0,0,0,0,0,0
0.847167,0,0,0,0,0,0,0,0,0,0,0,0
0.848762,0,0,0,0,0,0,0,0,0,0,0,0
0.850190,0,0,0,0,0,0,0,0,0,0,0,0
0.851626,0,0,0,0,0,0,0,0,0,0,0,0
0.853187,0,0,0,0,0,0,0,0,0,0,0,0
0.854774,0,0,0,0,0,0,0,0,0,0,0,0
0.856360,0,0,0,0,0,0,0,0,0,0,0,0
0.857887,0,0,0,0,0,0,0,0,0,0,0,0
0.859454,0,0,0,0,0,0,0,0,0,0,0,0
0.861050,0,0,0,0,0,0,0,0,0,0,0,0
0.862644,0,0,0,0,0,0,0,0,0,0,0,0
0.864236,0,0,0,0,0,0,0,0,0,0,0,0
0.865831,0,0,0,0,0,0,0,0,0,0,0,0
0.867426,0,0,0,0,0,0,0,0,0,0,0,0
0.869035,0,0,0,0,0,0,0,0,0,0,0,0
0.870629,0,0,0,0,0,0,0,0,0,0,0,0
0.872221,0,0,0,0,0,0,0,0,0,0,0,0
0.873859,0,0,0,0,0,0,0,0,0,0,0,0
0.875453,0,0,0,0,0,0,0,0,0,0,0,0
0.877048,0,0,0,0,0,0,0,0,0,0,0,0
0.878655,0,0,0,0,0,0,0,0,0,0,0,0
0.880144,0,0,0,0,0,0,0,0,0,0,0,0
0.881713,0,0,0,0,0,0,0,0,0,0,0,0
0.883308,0,0,0,0,0,0,0,0,0,0,0,0
0.884902,0,0,0,0,0,0,0,0,0,0,0,0
0.886516,0,0,0,0,0,0,0,0,0,0,0,0
0.888110,0,0,0,0,0,0,0,0,0,0,0,0
0.889750,0,0,0,0,0,0,0,0,0,0,0,0
0.891361,0,0,0,0,0,0,0,0,0,0,0,0
0.892958,0,0,0,0,0,0,0,0,0,0,0,0
0.894555,0,0,0,0,0,0,0,0,0,0,0,0
0.896149,0,0,0,0,0,0,0,0,0,0,0,0
0.897747,0,0,0,0,0,0,0,0,0,0,0,0
0.899342,0,0,0,0,0,0,0,0,0,0,0,0
0.900940,0,0,0,0,0,0,0,0,0,0,0,0
0.902548,0,0,0,0,0,0,0,0,0,0,0,0
0.904142,0,0,0,0,0,0,0,0,0,0,0,0
0.905784,0,0,0,0,0,0,0,0,0,0,0,0
0.907380,0,0,0,0,0,0,0,0,0,0,0,0
0.908977,0,0,0,0,0,0,0,0,0,0,0,0
0.910572,0,0,0,0,0,0,0,0,0,0,0,0
0.912166,0,0,0,0,0,0,0,0,0,0,0,0
0.913776,0,0,0,0,0,0,0,0,0,0,0,0
0.915372,0,0,0,0,0,0,0,0,0,0,0,0
0.916970,0,0,0,0,0,0,0,0,0,0,0,0
0.918558,0,0,0,0,0,0,0,0,0,0,0,0
0.920144,0,0,0,0,0,0,0,0,0,0,0,0
0.921675,0,0,0,0,0,0,0,0,0,0,0,0
0.923397,0,0,0,0,0,0,0,0,0,0,0,0
0.924930,0,0,0,0,0,0,0,0,0,0,0,0
0.926427,0,0,0,0,0,0,0,0,0,0,0,0
0.928071,0,0,0,0,0,0,0,0,0,0,0,0
0.929715,0,0,0,0,0,0,0,0,0,0,0,0
0.932791,0,0,0,0,0,0,0,0,0,0,0,0
0.934223,0,0,0,0,0,0,0,0,0,0,0,0
0.935661,0,0,0,0,0,0,0,0,0,0,0,0
0.937097,0,0,0,0,0,0,0,0,0,0,0,0
0.938571,0,0,0,0,0,0,0,0,0,0,0,0
0.940002,0,0,0,0,0,0,0,0,0,0,0,0
0.941561,0,0,0,0,0,0,0,0,0,0,0,0
0.943160,0,0,0,0,0,0,0,0,0,0,0,0
0.944765,0,0,0,0,0,0,0,0,0,0,0,0
0.946257,0,0,0,0,0,0,0,0,0,0,0,0
0.947697,0,0,0,0,0,0,0,0,0,0,0,0
0.949135,0,0,0,0,0,0,0,0,0,0,0,0
0.950570,0,0,0,0,0,0,0,0,0,0,0,0
0.952003,0,0,0,0,0,0,0,0,0,0,0,0
0.953483,0,0,0,0,0,0,0,0,0,0,0,0
0.955003,0,0,0,0,0,0,0,0,0,0,0,0
0.956614,0,0,0,0,0,0,0,0,0,0,0,0
0.958317,0,0,0,0,0,0,0,0,0,0,0,0
0.959915,0,0,0,0,0,0,0,0,0,0,0,0
0.961552,0,0,0,0,0,0,0,0,0,0,0,0
0.963151,0,0,0,0,0,0,0,0,0,0,0,0
0.964748,0,0,0,0,0,0,0,0,0,0,0,0
0.966257,0,0,0,0,0,0,0,0,0,0,0,0
0.967700,0,0,0,0,0,0,0,0,0,0,0,0
0.969132,0,0,0,0,0,0,0,0,0,0,0,0
0.970737,0,0,0,0,0,0,0,0,0,0,0,0
0.972335,0,0,0,0,0,0,0,0,0,0,0,0
0.973933,0,0,0,0,0,0,0,0,0,0,0,0
0.975532,0,0,0,0,0,0,0,0,0,0,0,0
0.977132,0,0,0,0,0,0,0,0,0,0,0,0
0.978746,0,0,0,0,0,0,0,0,0,0,0,0
0.980343,0,0,0,0,0,0,0,0,0,0,0,0
0.981942,0,0,0,0,0,0,0,0,0,0,0,0
0.983540,0,0,0,0,0,0,0,0,0,0,0,0
0.985140,0,0,0,0,0,0,0,0,0,0,0,0
0.986744,0,0,0,0,0,0,0,0,0,0,0,0
0.988222,0,0,0,0,0,0,0,0,0,0,0,0
0.989673,0,0,0,0,0,0,0,0,0,0,0,0
0.991239,0,0,0,0,0,0,0,0,0,0,0,0
0.992836,0,0,0,0,0,0,0,0,0,0,0,0
0.994438,0,0,0,0,0,0,0,0,0,0,0,0
0.996036,0,0,0,0,0,0,0,0,0,0,0,0
0.997641,0,0,0,0,0,0,0,0,0,0,0,0
0.999237,0,0,0,0,0,0,0,0,0,0,0,0
1.000847,0,0,0,0,0,0,0,0,0,0,0,0
1.002459,0,0,0,0,0,0,0,0,0,0,0,0
1.004023,0,0,0,0,0,0,0,0,0,0,0,0
1.005477,0,0,0,0,0,0,0,0,0,0,0,0
1.007044,0,0,0,0,0,0,0,0,0,0,0,0
1.008644,0,0,0,0,0,0,0,0,0,0,0,0
1.010247,0,0,0,0,0,0,0,0,0,0,0,0
1.011860,0,0,0,0,0,0,0,0,0,0,0,0
1.013462,0,0,0,0,0,0,0,0,0,0,0,0
1.015054,0,0,0,0,0,0,0,0,0,0,0,0
1.016644,0,0,0,0,0,0,0,0,0,0,0,0
1.018194,0,0,0,0,0,0,0,0,0,0,0,0
1.019795,0,0,0,0,0,0,0,0,0,0,0,0
1.021395,0,0,0,0,0,0,0,0,0,0,0,0
1.023006,0,0,0,0,0,0,0,0,0,0,0,0
1.024604,0,0,0,0,0,0,0,0,0,0,0,0
1.026255,0,0,0,0,0,0,0,0,0,0,0,0
1.027853,0,0,0,0,0,0,0,0,0,0,0,0
1.029453,0,0,0,0,0,0,0,0,0,0,0,0
1.031050,0,0,0,0,0,0,0,0,0,0,0,0
1.032648,0,0,0,0,0,0,0,0,0,0,0,0
1.034264,0,0,0,0,0,0,0,0,0,0,0,0
1.035862,0,0,0,0,0,0,0,0,0,0,0,0
1.037462,0,0,0,0,0,0,0,0,0,0,0,0
1.039060,0,0,0,0,0,0,0,0,0,0,0,0
1.040657,0,0,0,0,0,0,0,0,0,0,0,0
1.042261,0,0,0,0,0,0,0,0,0,0,0,0
1.044529,0,0,0,0,0,0,0,0,0,0,0,0
1.046145,0,0,0,0,0,0,0,0,0,0,0,0
1.047589,0,0,0,0,0,0,0,0,0,0,0,0
1.049030,0,0,0,0,0,0,0,0,0,0,0,0
1.050510,0,0,0,0,0,0,0,0,0,0,0,0
1.051945,0,0,0,0,0,0,0,0,0,0,0,0
1.053382,0,0,0,0,0,0,0,0,0,0,0,0
1.054947,0,0,0,0,0,0,0,0,0,0,0,0
1.056559,0,0,0,0,0,0,0,0,0,0,0,0
1.058100,0,0,0,0,0,0,0,0,0,0,0,0
1.059669,0,0,0,0,0,0,0,0,0,0,0,0
1.061272,0,0,0,0,0,0,0,0,0,0,0,0
1.062873,0,0,0,0,0,0,0,0,0,0,0,0
1.064471,0,0,0,0,0,0,0,0,0,0,0,0
1.066116,0,0,0,0,0,0,0,0,0,0,0,0
1.067731,0,0,0,0,0,0,0,0,0,0,0,0
1.069334,0,0,0,0,0,0,0,0,0,0,0,0
1.070934,0,0,0,0,0,0,0,0,0,0,0,0
1.072533,0,0,0,0,0,0,0,0,0,0,0,0
1.074196,0,0,0,0,0,0,0,0,0,0,0,0
1.075797,0,0,0,0,0,0,0,0,0,0,0,0
1.077320,0,0,0,0,0,0,0,0,0,0,0,0
1.078780,0,0,0,0,0,0,0,0,0,0,0,0
1.080218,0,0,0,0,0,0,0,0,0,0,0,0
1.081701,0,0,0,0,0,0,0,0,0,0,0,0
1.083138,0,0,0,0,0,0,0,0,0,0,0,0
1.084573,0,0,0,0,0,0,0,0,0,0,0,0
1.086054,0,0,0,0,0,0,0,0,0,0,0,0
1.087617,0,0,0,0,0,0,0,0,0,0,0,0
1.089232,0,0,0,0,0,0,0,0,0,0,0,0
1.090833,0,0,0,0,0,0,0,0,0,0,0,0
1.092432,0,0,0,0,0,0,0,0,0,0,0,0
1.094033,0,0,0,0,0,0,0,0,0,0,0,0
1.095640,0,0,0,0,0,0,0,0,0,0,0,0
1.097242,0,0,0,0,0,0,0,0,0,0,0,0
1.098888,0,0,0,0,0,0,0,0,0,0,0,0
1.100376,0,0,0,0,0,0,0,0,0,0,0,0
1.101943,0,0,0,0,0,0,0,0,0,0,0,0
1.103540,0,0,0,0,0,0,0,0,0,0,0,0
1.105136,0,0,0,0,0,0,0,0,0,0,0,0
1.106733,0,0,0,0,0,0,0,0,0,0,0,0
1.108327,0,0,0,0,0,0,0,0,0,0,0,0
1.109923,0,0,0,0,0,0,0,0,0,0,0,0
1.111540,0,0,0,0,0,0,0,0,0,0,0,0
1.113138,0,0,0,0,0,0,0,0,0,0,0,0
1.114736,0,0,0,0,0,0,0,0,0,0,0,0
1.116331,0,0,0,0,0,0,0,0,0,0,0,0
1.117926,0,0,0,0,0,0,0,0,0,0,0,0
1.119522,0,0,0,0,0,0,0,0,0,0,0,0
1.121141,0,0,0,0,0,0,0,0,0,0,0,0
1.122710,0,0,0,0,0,0,0,0,0,0,0,0
1.124140,0,0,0,0,0,0,0,0,0,0,0,0
1.125569,0,0,0,0,0,0,0,0,0,0,0,0
1.127131,0,0,0,0,0,0,0,0,0,0,0,0
1.128724,0,0,0,0,0,0,0,0,0,0,0,0
1.130322,0,0,0,0,0,0,0,0,0,0,0,0
1.131917,0,0,0,0,0,0,0,0,0,0,0,0
1.133527,0,0,0,0,0,0,0,0,0,0,0,0
1.135121,0,0,0,0,0,0,0,0,0,0,0,0
1.136714,0,0,0,0,0,0,0,0,0,0,0,0
1.138312,0,0,0,0,0,0,0,0,0,0,0,0
1.139905,0,0,0,0,0,0,0,0,0,0,0,0
1.141501,0,0,0,0,0,0,0,0,0,0,0,0
1.143095,0,0,0,0,0,0,0,0,0,0,0,0
1.144701,0,0,0,0,0,0,0,0,0,0,0,0
1.146302,0,0,0,0,0,0,0,0,0,0,0,0
1.147895,0,0,0,0,0,0,0,0,0,0,0,0
1.149493,0,0,0,0,0,0,0,0,0,0,0,0
1.151087,0,0,0,0,0,0,0,0,0,0,0,0
1.152681,0,0,0,0,0,0,0,0,0,0,0,0
1.154279,0,0,0,0,0,0,0,0,0,0,0,0
1.155762,0,0,0,0,0,0,0,0,0,0,0,0
1.157368,0,0,0,0,0,0,0,0,0,0,0,0
1.158963,0,0,0,0,0,0,0,0,0,0,0,0
1.160556,0,0,0,0,0,0,0,0,0,0,0,0
1.162103,0,0,0,0,0,0,0,0,0,0,0,0
1.163665,0,0,0,0,0,0,0,0,0,0,0,0
1.165262,0,0,0,0,0,0,0,0,0,0,0,0
1.166871,0,0,0,0,0,0,0,0,0,0,0,0
1.168466,0,0,0,0,0,0,0,0,0,0,0,0
1.170062,0,0,0,0,0,0,0,0,0,0,0,0
1.171658,0,0,0,0,0,0,0,0,0,0,0,0
1.173255,0,0,0,0,0,0,0,0,0,0,0,0
1.174850,0,0,0,0,0,0,0,0,0,0,0,0
1.176444,0,0,0,0,0,0,0,0,0,0,0,0
1.177968,0,0,0,0,0,0,0,0,0,0,0,0
1.179535,0,0,0,0,0,0,0,0,0,0,0,0
1.181139,0,0,0,0,0,0,0,0,0,0,0,0
1.182735,0,0,0,0,0,0,0,0,0,0,0,0
1.184329,0,0,0,0,0,0,0,0,0,0,0,0
1.185924,0,0,0,0,0,0,0,0,0,0,0,0
1.187520,0,0,0,0,0,0,0,0,0,0,0,0
1.189131,0,0,0,0,0,0,0,0,0,0,0,0
1.190726,0,0,0,0,0,0,0,0,0,0,0,0
1.192321,0,0,0,0,0,0,0,0,0,0,0,0
1.193963,0,0,0,0,0,0,0,0,0,0,0,0
1.195559,0,0,0,0,0,0,0,0,0,0,0,0
1.197157,0,0,0,0,0,0,0,0,0,0,0,0
1.198753,0,0,0,0,0,0,0,0,0,0,0,0
1.200360,0,0,0,0,0,0,0,0,0,0,0,0
1.201955,0,0,0,0,0,0,0,0,0,0,0,0
1.203428,0,0,0,0,0,0,0,0,0,0,0,0
1.204997,0,0,0,0,0,0,0,0,0,0,0,0
1.206589,0,0,0,0,0,0,0,0,0,0,0,0
1.208060,0,0,0,0,0,0,0,0,0,0,0,0
1.209673,0,0,0,0,0,0,0,0,0,0,0,0
1.211159,0,0,0,0,0,0,0,0,0,0,0,0
1.212729,0,0,0,0,0,0,0,0,0,0,0,0
1.214334,0,0,0,0,0,0,0,0,0,0,0,0
1.215933,0,0,0,0,0,0,0,0,0,0,0,0
1.217536,0,0,0,0,0,0,0,0,0,0,0,0
1.219137,0,0,0,0,0,0,0,0,0,0,0,0
1.220736,0,0,0,0,0,0,0,0,0,0,0,0
1.222351,0,0,0,0,0,0,0,0,0,0,0,0
1.223950,0,0,0,0,0,0,0,0,0,0,0,0
1.225597,0,0,0,0,0,0,0,0,0,0,0,0
1.227199,0,0,0,0,0,0,0,0,0,0,0,0
1.228797,0,0,0,0,0,0,0,0,0,0,0,0
1.230402,0,0,0,0,0,0,0,0,0,0,0,0
1.232000,0,0,0,0,0,0,0,0,0,0,0,0
1.233616,0,0,0,0,0,0,0,0,0,0,0,0
1.235217,0,0,0,0,0,0,0,0,0,0,0,0
1.236815,0,0,0,0,0,0,0,0,0,0,0,0
1.238414,0,0,0,0,0,0,0,0,0,0,0,0
1.240005,0,0,0,0,0,0,0,0,0,0,0,0
1.241476,0,0,0,0,0,0,0,0,0,0,0,0
1.243047,0,0,0,0,0,0,0,0,0,0,0,0
1.244659,0,0,0,0,0,0,0,0,0,0,0,0
1.246264,0,0,0,0,0,0,0,0,0,0,0,0
1.247862,0,0,0,0,0,0,0,0,0,0,0,0
1.249464,0,0,0,0,0,0,0,0,0,0,0,0
1.251065,0,0,0,0,0,0,0,0,0,0,0,0
1.252664,0,0,0,0,0,0,0,0,0,0,0,0
1.254267,0,0,0,0,0,0,0,0,0,0,0,0
1.255880,0,0,0,0,0,0,0,0,0,0,0,0
1.257526,0,0,0,0,0,0,0,0,0,0,0,0
1.259127,0,0,0,0,0,0,0,0,0,0,0,0
1.260727,0,0,0,0,0,0,0,0,0,0,0,0
1.262331,0,0,0,0,0,0,0,0,0,0,0,0
1.263930,0,0,0,0,0,0,0,0,0,0,0,0
1.265533,0,0,0,0,0,0,0,0,0,0,0,0
1.267024,0,0,0,0,0,0,0,0,0,0,0,0
1.268594,0,0,0,0,0,0,0,0,0,0,0,0
1.270285,0,0,0,0,0,0,0,0,0,0,0,0
1.271884,0,0,0,0,0,0,0,0,0,0,0,0
1.273532,0,0,0,0,0,0,0,0,0,0,0,0
1.275134,0,0,0,0,0,0,0,0,0,0,0,0
1.276733,0,0,0,0,0,0,0,0,0,0,0,0
1.278353,0,0,0,0,0,0,0,0,0,0,0,0
1.279951,0,0,0,0,0,0,0,0,0,0,0,0
1.281554,0,0,0,0,0,0,0,0,0,0,0,0
1.283155,0,0,0,0,0,0,0,0,0,0,0,0
1.284753,0,0,0,0,0,0,0,0,0,0,0,0
1.286186,0,0,0,0,0,0,0,0,0,0,0,0
1.287626,0,0,0,0,0,0,0,0,0,0,0,0
1.289203,0,0,0,0,0,0,0,0,0,0,0,0
1.290849,0,0,0,0,0,0,0,0,0,0,0,0
1.292448,0,0,0,0,0,0,0,0,0,0,0,0
1.294050,0,0,0,0,0,0,0,0,0,0,0,0
1.295650,0,0,0,0,0,0,0,0,0,0,0,0
1.297252,0,0,0,0,0,0,0,0,0,0,0,0
1.298853,0,0,0,0,0,0,0,0,0,0,0,0
1.300465,0,0,0,0,0,0,0,0,0,0,0,0
1.302066,0,0,0,0,0,0,0,0,0,0,0,0
1.303667,0,0,0,0,0,0,0,0,0,0,0,0
1.305269,0,0,0,0,0,0,0,0,0,0,0,0
1.306870,0,0,0,0,0,0,0,0,0,0,0,0
1.308467,0,0,0,0,0,0,0,0,0,0,0,0
1.310065,0,0,0,0,0,0,0,0,0,0,0,0
1.311678,0,0,0,0,0,0,0,0,0,0,0,0
1.313279,0,0,0,0,0,0,0,0,0,0,0,0
1.314879,0,0,0,0,0,0,0,0,0,0,0,0
1.316477,0,0,0,0,0,0,0,0,0,0,0,0
1.318074,0,0,0,0,0,0,0,0,0,0,0,0
1.319673,0,0,0,0,0,0,0,0,0,0,0,0
1.321274,0,0,0,0,0,0,0,0,0,0,0,0
1.322886,0,0,0,0,0,0,0,0,0,0,0,0
1.324484,0,0,0,0,0,0,0,0,0,0,0,0
1.326082,0,0,0,0,0,0,0,0,0,0,0,0
1.327681,0,0,0,0,0,0,0,0,0,0,0,0
1.329282,0,0,0,0,0,0,0,0,0,0,0,0
1.330881,0,0,0,0,0,0,0,0,0,0,0,0
1.332358,0,0,0,0,0,0,0,0,0,0,0,0
1.333943,0,0,0,0,0,0,0,0,0,0,0,0
1.335543,0,0,0,0,0,0,0,0,0,0,0,0
1.337143,0,0,0,0,0,0,0,0,0,0,0,0
1.338789,0,0,0,0,0,0,0,0,0,0,0,0
1.340386,0,0,0,0,0,0,0,0,0,0,0,0
1.341985,0,0,0,0,0,0,0,0,0,0,0,0
1.343585,0,0,0,0,0,0,0,0,0,0,0,0
1.345200,0,0,0,0,0,0,0,0,0,0,0,0
1.346798,0,0,0,0,0,0,0,0,0,0,0,0
1.348395,0,0,0,0,0,0,0,0,0,0,0,0
1.349994,0,0,0,0,0,0,0,0,0,0,0,0
1.351593,0,0,0,0,0,0,0,0,0,0,0,0
1.353193,0,0,0,0,0,0,0,0,0,0,0,0
1.354874,0,0,0,0,0,0,0,0,0,0,0,0
1.356483,0,0,0,0,0,0,0,0,0,0,0,0
1.358082,0,0,0,0,0,0,0,0,0,0,0,0
1.359682,0,0,0,0,0,0,0,0,0,0,0,0
1.361283,0,0,0,0,0,0,0,0,0,0,0,0
1.362883,0,0,0,0,0,0,0,0,0,0,0,0
1.364482,0,0,0,0,0,0,0,0,0,0,0,0
1.366080,0,0,0,0,0,0,0,0,0,0,0,0
1.367690,0,0,0,0,0,0,0,0,0,0,0,0
1.369291,0,0,0,0,0,0,0,0,0,0,0,0
1.370890,0,0,0,0,0,0,0,0,0,0,0,0
1.372487,0,0,0,0,0,0,0,0,0,0,0,0
1.374085,0,0,0,0,0,0,0,0,0,0,0,0
1.375684,0,0,0,0,0,0,0,0,0,0,0,0
1.377285,0,0,0,0,0,0,0,0,0,0,0,0
1.378773,0,0,0,0,0,0,0,0,0,0,0,0
1.380342,0,0,0,0,0,0,0,0,0,0,0,0
1.381958,0,0,0,0,0,0,0,0,0,0,0,0
1.383536,0,0,0,0,0,0,0,0,0,0,0,0
1.385036,0,0,0,0,0,0,0,0,0,0,0,0
1.386600,0,0,0,0,0,0,0,0,0,0,0,0
1.388036,0,0,0,0,0,0,0,0,0,0,0,0
1.389479,0,0,0,0,0,0,0,0,0,0,0,0
1.390915,0,0,0,0,0,0,0,0,0,0,0,0
1.392347,0,0,0,0,0,0,0,0,0,0,0,0
1.395474,0,0,0,0,0,0,0,0,0,0,0,0
1.397040,0,0,0,0,0,0,0,0,0,0,0,0
1.398640,0,0,0,0,0,0,0,0,0,0,0,0
1.400250,0,0,0,0,0,0,0,0,0,0,0,0
1.401895,0,0,0,0,0,0,0,0,0,0,0,0
1.403504,0,0,0,0,0,0,0,0,0,0,0,0
1.405060,0,0,0,0,0,0,0,0,0,0,0,0
1.406508,0,0,0,0,0,0,0,0,0,0,0,0
1.408069,0,0,0,0,0,0,0,0,0,0,0,0
1.409668,0,0,0,0,0,0,0,0,0,0,0,0
1.411280,0,0,0,0,0,0,0,0,0,0,0,0
1.412877,0,0,0,0,0,0,0,0,0,0,0,0
1.414521,0,0,0,0,0,0,0,0,0,0,0,0
1.416118,0,0,0,0,0,0,0,0,0,0,0,0
1.417763,0,0,0,0,0,0,0,0,0,0,0,0
1.419363,0,0,0,0,0,0,0,0,0,0,0,0
1.420965,0,0,0,0,0,0,0,0,0,0,0,0
1.422578,0,0,0,0,0,0,0,0,0,0,0,0
1.424175,0,0,0,0,0,0,0,0,0,0,0,0
1.425775,0,0,0,0,0,0,0,0,0,0,0,0
1.427374,0,0,0,0,0,0,0,0,0,0,0,0
1.428975,0,0,0,0,0,0,0,0,0,0,0,0
1.430574,0,0,0,0,0,0,0,0,0,0,0,0
1.432171,0,0,0,0,0,0,0,0,0,0,0,0
1.434392,0,0,0,0,0,0,0,0,0,0,0,0
1.435982,0,0,0,0,0,0,0,0,0,0,0,0
1.437511,0,0,0,0,0,0,0,0,0,0,0,0
1.439081,0,0,0,0,0,0,0,0,0,0,0,0
1.440677,0,0,0,0,0,0,0,0,0,0,0,0
1.442280,0,0,0,0,0,0,0,0,0,0,0,0
1.444240,0,0,0,0,0,0,0,0,0,0,0,0
1.445724,0,0,0,0,0,0,0,0,0,0,0,0
1.447296,0,0,0,0,0,0,0,0,0,0,0,0
1.448896,0,0,0,0,0,0,0,0,0,0,0,0
1.450553,0,0,0,0,0,0,0,0,0,0,0,0
1.452152,0,0,0,0,0,0,0,0,0,0,0,0
1.453756,0,0,0,0,0,0,0,0,0,0,0,0
1.455371,0,0,0,0,0,0,0,0,0,0,0,0
1.456975,0,0,0,0,0,0,0,0,0,0,0,0
1.458577,0,0,0,0,0,0,0,0,0,0,0,0
1.460177,0,0,0,0,0,0,0,0,0,0,0,0
1.461779,0,0,0,0,0,0,0,0,0,0,0,0
1.463382,0,0,0,0,0,0,0,0,0,0,0,0
1.464985,0,0,0,0,0,0,0,0,0,0,0,0
1.466642,0,0,0,0,0,0,0,0,0,0,0,0
1.468242,0,0,0,0,0,0,0,0,0,0,0,0
1.469843,0,0,0,0,0,0,0,0,0,0,0,0
1.471444,0,0,0,0,0,0,0,0,0,0,0,0
1.473047,0,0,0,0,0,0,0,0,0,0,0,0
1.474648,0,0,0,0,0,0,0,0,0,0,0,0
1.476247,0,0,0,0,0,0,0,0,0,0,0,0
1.477862,0,0,0,0,0,0,0,0,0,0,0,0
1.479464,0,0,0,0,0,0,0,0,0,0,0,0
1.481067,0,0,0,0,0,0,0,0,0,0,0,0
1.482712,0,0,0,0,0,0,0,0,0,0,0,0
1.484312,0,0,0,0,0,0,0,0,0,0,0,0
1.485912,0,0,0,0,0,0,0,0,0,0,0,0
1.487504,0,0,0,0,0,0,0,0,0,0,0,0
1.489275,0,0,0,0,0,0,0,0,0,0,0,0
1.490914,0,0,0,0,0,0,0,0,0,0,0,0
1.492581,0,0,0,0,0,0,0,0,0,0,0,0
1.494309,0,0,0,0,0,0,0,0,0,0,0,0
1.495975,0,0,0,0,0,0,0,0,0,0,0,0
1.500997,0,0,0,0,0,0,0,0,0,0,0,0
1.502554,0,0,0,0,0,0,0,0,0,0,0,0
1.504051,0,0,0,0,0,0,0,0,0,0,0,0
1.505795,0,0,0,0,0,0,0,0,0,0,0,0
1.507291,0,0,0,0,0,0,0,0,0,0,0,0
1.508780,0,0,0,0,0,0,0,0,0,0,0,0
1.510355,0,0,0,0,0,0,0,0,0,0,0,0
1.511851,0,0,0,0,0,0,0,0,0,0,0,0
1.513402,0,0,0,0,0,0,0,0,0,0,0,0
1.514900,0,0,0,0,0,0,0,0,0,0,0,0
1.516395,0,0,0,0,0,0,0,0,0,0,0,0
1.517892,0,0,0,0,0,0,0,0,0,0,0,0
1.519388,0,0,0,0,0,0,0,0,0,0,0,0
1.520882,0,0,0,0,0,0,0,0,0,0,0,0
1.522379,0,0,0,0,0,0,0,0,0,0,0,0
1.523894,0,0,0,0,0,0,0,0,0,0,0,0
1.525392,0,0,0,0,0,0,0,0,0,0,0,0
1.526882,0,0,0,0,0,0,0,0,0,0,0,0
1.528370,0,0,0,0,0,0,0,0,0,0,0,0
1.529863,0,0,0,0,0,0,0,0,0,0,0,0
1.531421,0,0,0,0,0,0,0,0,0,0,0,0
1.532918,0,0,0,0,0,0,0,0,0,0,0,0
1.534421,0,0,0,0,0,0,0,0,0,0,0,0
1.535915,0,0,0,0,0,0,0,0,0,0,0,0
1.537409,0,0,0,0,0,0,0,0,0,0,0,0
1.539037,0,0,0,0,0,0,0,0,0,0,0,0
1.540702,0,0,0,0,0,0,0,0,0,0,0,0
1.542372,0,0,0,0,0,0,0,0,0,0,0,0
1.544038,0,0,0,0,0,0,0,0,0,0,0,0
1.545770,0,0,0,0,0,0,0,0,0,0,0,0
1.547436,0,0,0,0,0,0,0,0,0,0,0,0
1.549103,0,0,0,0,0,0,0,0,0,0,0,0
1.550770,0,0,0,0,0,0,0,0,0,0,0,0
1.552435,0,0,0,0,0,0,0,0,0,0,0,0
1.554102,0,0,0,0,0,0,0,0,0,0,0,0
1.555782,0,0,0,0,0,0,0,0,0,0,0,0
1.557487,0,0,0,0,0,0,0,0,0,0,0,0
1.559155,0,0,0,0,0,0,0,0,0,0,0,0
1.560818,0,0,0,0,0,0,0,0,0,0,0,0
1.562488,0,0,0,0,0,0,0,0,0,0,0,0
1.564150,0,0,0,0,0,0,0,0,0,0,0,0
1.565635,0,0,0,0,0,0,0,0,0,0,0,0
1.567287,0,0,0,0,0,0,0,0,0,0,0,0
1.568957,0,0,0,0,0,0,0,0,0,0,0,0
1.570625,0,0,0,0,0,0,0,0,0,0,0,0
1.572290,0,0,0,0,0,0,0,0,0,0,0,0
1.573957,0,0,0,0,0,0,0,0,0,0,0,0
1.575624,0,0,0,0,0,0,0,0,0,0,0,0
1.577307,0,0,0,0,0,0,0,0,0,0,0,0
1.578974,0,0,0,0,0,0,0,0,0,0,0,0
1.580639,0,0,0,0,0,0,0,0,0,0,0,0
1.582311,0,0,0,0,0,0,0,0,0,0,0,0
1.583976,0,0,0,0,0,0,0,0,0,0,0,0
1.585645,0,0,0,0,0,0,0,0,0,0,0,0
1.587327,0,0,0,0,0,0,0,0,0,0,0,0
1.588997,0,0,0,0,0,0,0,0,0,0,0,0
1.590655,0,0,0,0,0,0,0,0,0,0,0,0
1.592312,0,0,0,0,0,0,0,0,0,0,0,0
1.593841,0,0,0,0,0,0,0,0,0,0,0,0
1.595475,0,0,0,0,0,0,0,0,0,0,0,0
1.597142,0,0,0,0,0,0,0,0,0,0,0,0
1.598820,0,0,0,0,0,0,0,0,0,0,0,0
1.600483,0,0,0,0,0,0,0,0,0,0,0,0
1.602200,0,0,0,0,0,0,0,0,0,0,0,0
1.603862,0,0,0,0,0,0,0,0,0,0,0,0
1.605519,0,0,0,0,0,0,0,0,0,0,0,0
1.607161,0,0,0,0,0,0,0,0,0,0,0,0
1.608837,0,0,0,0,0,0,0,0,0,0,0,0
1.610510,0,0,0,0,0,0,0,0,0,0,0,0
1.612174,0,0,0,0,0,0,0,0,0,0,0,0
1.613840,0,0,0,0,0,0,0,0,0,0,0,0
1.615507,0,0,0,0,0,0,0,0,0,0,0,0
1.617176,0,0,0,0,0,0,0,0,0,0,0,0
1.618726,0,0,0,0,0,0,0,0,0,0,0,0
1.620362,0,0,0,0,0,0,0,0,0,0,0,0
1.622040,0,0,0,0,0,0,0,0,0,0,0,0
1.623593,0,0,0,0,0,0,0,0,0,0,0,0
1.625237,0,0,0,0,0,0,0,0,0,0,0,0
1.626953,0,0,0,0,0,0,0,0,0,0,0,0
1.628617,0,0,0,0,0,0,0,0,0,0,0,0
1.630392,0,0,0,0,0,0,0,0,0,0,0,0
1.632061,0,0,0,0,0,0,0,0,0,0,0,0
1.633727,0,0,0,0,0,0,0,0,0,0,0,0
1.635393,0,0,0,0,0,0,0,0,0,0,0,0
1.637060,0,0,0,0,0,0,0,0,0,0,0,0
1.638726,0,0,0,0,0,0,0,0,0,0,0,0
1.640389,0,0,0,0,0,0,0,0,0,0,0,0
1.642117,0,0,0,0,0,0,0,0,0,0,0,0
1.643650,0,0,0,0,0,0,0,0,0,0,0,0
1.645289,0,0,0,0,0,0,0,0,0,0,0,0
1.646957,0,0,0,0,0,0,0,0,0,0,0,0
1.648623,0,0,0,0,0,0,0,0,0,0,0,0
1.650295,0,0,0,0,0,0,0,0,0,0,0,0
1.651963,0,0,0,0,0,0,0,0,0,0,0,0
1.653517,0,0,0,0,0,0,0,0,0,0,0,0
1.655154,0,0,0,0,0,0,0,0,0,0,0,0
1.656820,0,0,0,0,0,0,0,0,0,0,0,0
1.658495,0,0,0,0,0,0,0,0,0,0,0,0
1.660161,0,0,0,0,0,0,0,0,0,0,0,0
1.661828,0,0,0,0,0,0,0,0,0,0,0,0
1.663496,0,0,0,0,0,0,0,0,0,0,0,0
1.665180,0,0,0,0,0,0,0,0,0,0,0,0
1.666848,0,0,0,0,0,0,0,0,0,0,0,0
1.668513,0,0,0,0,0,0,0,0,0,0,0,0
1.670275,0,0,0,0,0,0,0,0,0,0,0,0
1.671942,0,0,0,0,0,0,0,0,0,0,0,0
1.673661,0,0,0,0,0,0,0,0,0,0,0,0
1.675342,0,0,0,0,0,0,0,0,0,0,0,0
1.677011,0,0,0,0,0,0,0,0,0,0,0,0
1.678680,0,0,0,0,0,0,0,0,0,0,0,0
1.680346,0,0,0,0,0,0,0,0,0,0,0,0
1.682013,0,0,0,0,0,0,0,0,0,0,0,0
1.684279,0,0,0,0,0,0,0,0,0,0,0,0
1.686005,0,0,0,0,0,0,0,0,0,0,0,0
1.687531,0,0,0,0,0,0,0,0,0,0,0,0
1.689284,0,0,0,0,0,0,0,0,0,0,0,0
1.690871,0,0,0,0,0,0,0,0,0,0,0,0
1.692365,0,0,0,0,0,0,0,0,0,0,0,0
1.693911,0,0,0,0,0,0,0,0,0,0,0,0
1.695402,0,0,0,0,0,0,0,0,0,0,0,0
1.696997,0,0,0,0,0,0,0,0,0,0,0,0
1.698562,0,0,0,0,0,0,0,0,0,0,0,0
1.700057,0,0,0,0,0,0,0,0,0,0,0,0
1.701553,0,0,0,0,0,0,0,0,0,0,0,0
1.704107,0,0,0,0,0,0,0,0,0,0,0,0
1.705644,0,0,0,0,0,0,0,0,0,0,0,0
1.707150,0,0,0,0,0,0,0,0,0,0,0,0
1.708646,0,0,0,0,0,0,0,0,0,0,0,0
1.710145,0,0,0,0,0,0,0,0,0,0,0,0
1.711651,0,0,0,0,0,0,0,0,0,0,0,0
1.713218,0,0,0,0,0,0,0,0,0,0,0,0
1.714761,0,0,0,0,0,0,0,0,0,0,0,0
1.716255,0,0,0,0,0,0,0,0,0,0,0,0
1.717761,0,0,0,0,0,0,0,0,0,0,0,0
1.719255,0,0,0,0,0,0,0,0,0,0,0,0
1.720754,0,0,0,0,0,0,0,0,0,0,0,0
1.722277,0,0,0,0,0,0,0,0,0,0,0,0
1.723905,0,0,0,0,0,0,0,0,0,0,0,0
1.725478,0,0,0,0,0,0,0,0,0,0,0,0
1.727141,0,0,0,0,0,0,0,0,0,0,0,0
1.728819,0,0,0,0,0,0,0,0,0,0,0,0
1.730489,0,0,0,0,0,0,0,0,0,0,0,0
1.732148,0,0,0,0,0,0,0,0,0,0,0,0
1.733815,0,0,0,0,0,0,0,0,0,0,0,0
1.735481,0,0,0,0,0,0,0,0,0,0,0,0
1.737149,0,0,0,0,0,0,0,0,0,0,0,0
1.739013,0,0,0,0,0,0,0,0,0,0,0,0
1.740568,0,0,0,0,0,0,0,0,0,0,0,0
1.742184,0,0,0,0,0,0,0,0,0,0,0,0
1.744091,0,0,0,0,0,0,0,0,0,0,0,0
1.745590,0,0,0,0,0,0,0,0,0,0,0,0
1.747091,0,0,0,0,0,0,0,0,0,0,0,0
1.748588,0,0,0,0,0,0,0,0,0,0,0,0
1.750253,0,0,0,0,0,0,0,0,0,0,0,0
1.753200,0,0,0,0,0,0,0,0,0,0,0,0
1.754755,0,0,0,0,0,0,0,0,0,0,0,0
1.756225,0,0,0,0,0,0,0,0,0,0,0,0
1.757679,0,0,0,0,0,0,0,0,0,0,0,0
1.759128,0,0,0,0,0,0,0,0,0,0,0,0
1.760593,0,0,0,0,0,0,0,0,0,0,0,0
1.762124,0,0,0,0,0,0,0,0,0,0,0,0
1.763611,0,0,0,0,0,0,0,0,0,0,0,0
1.765057,0,0,0,0,0,0,0,0,0,0,0,0
1.766503,0,0,0,0,0,0,0,0,0,0,0,0
1.767950,0,0,0,0,0,0,0,0,0,0,0,0
1.769423,0,0,0,0,0,0,0,0,0,0,0,0
1.771028,0,0,0,0,0,0,0,0,0,0,0,0
1.772696,0,0,0,0,0,0,0,0,0,0,0,0
1.774370,0,0,0,0,0,0,0,0,0,0,0,0
1.776036,0,0,0,0,0,0,0,0,0,0,0,0
1.777707,0,0,0,0,0,0,0,0,0,0,0,0
1.779508,0,0,0,0,0,0,0,0,0,0,0,0
1.781667,0,0,0,0,0,0,0,0,0,0,0,0
1.783221,0,0,0,0,0,0,0,0,0,0,0,0
1.784720,0,0,0,0,0,0,0,0,0,0,0,0
1.786292,0,0,0,0,0,0,0,0,0,0,0,0
1.787791,0,0,0,0,0,0,0,0,0,0,0,0
1.789291,0,0,0,0,0,0,0,0,0,0,0,0
1.790788,0,0,0,0,0,0,0,0,0,0,0,0
1.792304,0,0,0,0,0,0,0,0,0,0,0,0
1.793802,0,0,0,0,0,0,0,0,0,0,0,0
1.795300,0,0,0,0,0,0,0,0,0,0,0,0
1.796796,0,0,0,0,0,0,0,0,0,0,0,0
1.798291,0,0,0,0,0,0,0,0,0,0,0,0
1.799754,0,0,0,0,0,0,0,0,0,0,0,0
1.801347,0,0,0,0,0,0,0,0,0,0,0,0
1.802853,0,0,0,0,0,0,0,0,0,0,0,0
1.804347,0,0,0,0,0,0,0,0,0,0,0,0
1.805856,0,0,0,0,0,0,0,0,0,0,0,0
1.807358,0,0,0,0,0,0,0,0,0,0,0,0
1.808851,0,0,0,0,0,0,0,0,0,0,0,0
1.810348,0,0,0,0,0,0,0,0,0,0,0,0
1.811978,0,0,0,0,0,0,0,0,0,0,0,0
1.813538,0,0,0,0,0,0,0,0,0,0,0,0
1.815175,0,0,0,0,0,0,0,0,0,0,0,0
1.816840,0,0,0,0,0,0,0,0,0,0,0,0
1.818514,0,0,0,0,0,0,0,0,0,0,0,0
1.820179,0,0,0,0,0,0,0,0,0,0,0,0
1.821847,0,0,0,0,0,0,0,0,0,0,0,0
1.823516,0,0,0,0,0,0,0,0,0,0,0,0
1.825199,0,0,0,0,0,0,0,0,0,0,0,0
1.826866,0,0,0,0,0,0,0,0,0,0,0,0
1.828533,0,0,0,0,0,0,0,0,0,0,0,0
1.830299,0,0,0,0,0,0,0,0,0,0,0,0
1.831966,0,0,0,0,0,0,0,0,0,0,0,0
1.833686,0,0,0,0,0,0,0,0,0,0,0,0
1.835368,0,0,0,0,0,0,0,0,0,0,0,0
1.837038,0,0,0,0,0,0,0,0,0,0,0,0
1.838704,0,0,0,0,0,0,0,0,0,0,0,0
1.840371,0,0,0,0,0,0,0,0,0,0,0,0
1.842039,0,0,0,0,0,0,0,0,0,0,0,0
1.843708,0,0,0,0,0,0,0,0,0,0,0,0
1.845390,0,0,0,0,0,0,0,0,0,0,0,0
1.847057,0,0,0,0,0,0,0,0,0,0,0,0
1.848723,0,0,0,0,0,0,0,0,0,0,0,0
1.850397,0,0,0,0,0,0,0,0,0,0,0,0
1.852064,0,0,0,0,0,0,0,0,0,0,0,0
1.853733,0,0,0,0,0,0,0,0,0,0,0,0
1.855415,0,0,0,0,0,0,0,0,0,0,0,0
1.857083,0,0,0,0,0,0,0,0,0,0,0,0
1.858747,0,0,0,0,0,0,0,0,0,0,0,0
1.860410,0,0,0,0,0,0,0,0,0,0,0,0
1.862075,0,0,0,0,0,0,0,0,0,0,0,0
1.863742,0,0,0,0,0,0,0,0,0,0,0,0
1.865358,0,0,0,0,0,0,0,0,0,0,0,0
1.866884,0,0,0,0,0,0,0,0,0,0,0,0
1.868388,0,0,0,0,0,0,0,0,0,0,0,0
1.870024,0,0,0,0,0,0,0,0,0,0,0,0
1.871692,0,0,0,0,0,0,0,0,0,0,0,0
1.873362,0,0,0,0,0,0,0,0,0,0,0,0
1.875032,0,0,0,0,0,0,0,0,0,0,0,0
1.876712,0,0,0,0,0,0,0,0,0,0,0,0
1.878257,0,0,0,0,0,0,0,0,0,0,0,0
1.879887,0,0,0,0,0,0,0,0,0,0,0,0
1.881474,0,0,0,0,0,0,0,0,0,0,0,0
1.883117,0,0,0,0,0,0,0,0,0,0,0,0
1.884783,0,0,0,0,0,0,0,0,0,0,0,0
1.886457,0,0,0,0,0,0,0,0,0,0,0,0
1.888137,0,0,0,0,0,0,0,0,0,0,0,0
1.889806,0,0,0,0,0,0,0,0,0,0,0,0
1.891473,0,0,0,0,0,0,0,0,0,0,0,0
1.893142,0,0,0,0,0,0,0,0,0,0,0,0
1.894808,0,0,0,0,0,0,0,0,0,0,0,0
1.896477,0,0,0,0,0,0,0,0,0,0,0,0
1.898095,0,0,0,0,0,0,0,0,0,0,0,0
1.899731,0,0,0,0,0,0,0,0,0,0,0,0
1.901402,0,0,0,0,0,0,0,0,0,0,0,0
1.903062,0,0,0,0,0,0,0,0,0,0,0,0
1.904719,0,0,0,0,0,0,0,0,0,0,0,0
1.906370,0,0,0,0,0,0,0,0,0,0,0,0
1.908038,0,0,0,0,0,0,0,0,0,0,0,0
1.909720,0,0,0,0,0,0,0,0,0,0,0,0
1.911390,0,0,0,0,0,0,0,0,0,0,0,0
1.913061,0,0,0,0,0,0,0,0,0,0,0,0
1.914781,0,0,0,0,0,0,0,0,0,0,0,0
1.916448,0,0,0,0,0,0,0,0,0,0,0,0
1.917983,0,0,0,0,0,0,0,0,0,0,0,0
1.919620,0,0,0,0,0,0,0,0,0,0,0,0
1.921303,0,0,0,0,0,0,0,0,0,0,0,0
1.922972,0,0,0,0,0,0,0,0,0,0,0,0
1.924639,0,0,0,0,0,0,0,0,0,0,0,0
1.926312,0,0,0,0,0,0,0,0,0,0,0,0
1.927978,0,0,0,0,0,0,0,0,0,0,0,0
1.929699,0,0,0,0,0,0,0,0,0,0,0,0
1.931383,0,0,0,0,0,0,0,0,0,0,0,0
1.933053,0,0,0,0,0,0,0,0,0,0,0,0
1.934724,0,0,0,0,0,0,0,0,0,0,0,0
1.936391,0,0,0,0,0,0,0,0,0,0,0,0
1.938059,0,0,0,0,0,0,0,0,0,0,0,0
1.939728,0,0,0,0,0,0,0,0,0,0,0,0
1.941411,0,0,0,0,0,0,0,0,0,0,0,0
1.943071,0,0,0,0,0,0,0,0,0,0,0,0
1.944729,0,0,0,0,0,0,0,0,0,0,0,0
1.946286,0,0,0,0,0,0,0,0,0,0,0,0
1.947922,0,0,0,0,0,0,0,0,0,0,0,0
1.949590,0,0,0,0,0,0,0,0,0,0,0,0
1.951257,0,0,0,0,0,0,0,0,0,0,0,0
1.952940,0,0,0,0,0,0,0,0,0,0,0,0
1.954608,0,0,0,0,0,0,0,0,0,0,0,0
1.956273,0,0,0,0,0,0,0,0,0,0,0,0
1.957939,0,0,0,0,0,0,0,0,0,0,0,0
1.959605,0,0,0,0,0,0,0,0,0,0,0,0
1.961272,0,0,0,0,0,0,0,0,0,0,0,0
1.962952,0,0,0,0,0,0,0,0,0,0,0,0
1.964618,0,0,0,0,0,0,0,0,0,0,0,0
1.966432,0,0,0,0,0,0,0,0,0,0,0,0
1.968096,0,0,0,0,0,0,0,0,0,0,0,0
1.969766,0,0,0,0,0,0,0,0,0,0,0,0
1.971433,0,0,0,0,0,0,0,0,0,0,0,0
1.972984,0,0,0,0,0,0,0,0,0,0,0,0
1.974620,0,0,0,0,0,0,0,0,0,0,0,0
1.976287,0,0,0,0,0,0,0,0,0,0,0,0
1.978005,0,0,0,0,0,0,0,0,0,0,0,0
1.979673,0,0,0,0,0,0,0,0,0,0,0,0
1.981342,0,0,0,0,0,0,0,0,0,0,0,0
1.983009,0,0,0,0,0,0,0,0,0,0,0,0
1.984689,0,0,0,0,0,0,0,0,0,0,0,0
1.986360,0,0,0,0,0,0,0,0,0,0,0,0
1.988026,0,0,0,0,0,0,0,0,0,0,0,0
1.989694,0,0,0,0,0,0,0,0,0,0,0,0
1.991362,0,0,0,0,0,0,0,0,0,0,0,0
1.993031,0,0,0,0,0,0,0,0,0,0,0,0
1.994763,0,0,0,0,0,0,0,0,0,0,0,0
1.996430,0,0,0,0,0,0,0,0,0,0,0,0
1.998097,0,0,0,0,0,0,0,0,0,0,0,0
1.999764,0,0,0,0,0,0,0,0,0,0,0,0
