elapsed_s,VPC_NEVER_COUNT,VPC_FE_BUSY_CYCLES,VPC_FE_WORKING_CYCLES,VPC_FE_STALL_CYCLES_VFD_WACK,VPC_FE_STARVE_CYCLES_SP,VPC_FE_PC_PRIMITIVES
0.001095,0,0,0,0,0,0
0.002565,0,0,0,0,0,0
0.004054,0,0,0,0,0,0
0.005491,0,0,0,0,0,0
0.006924,0,0,0,0,0,0
0.008533,0,0,0,0,0,0
0.010002,0,0,0,0,0,0
0.011465,0,0,0,0,0,0
0.012860,0,0,0,0,0,0
0.014245,0,0,0,0,0,0
0.015680,0,0,0,0,0,0
0.017261,0,0,0,0,0,0
0.018777,0,0,0,0,0,0
0.020312,0,0,0,0,0,0
0.021726,0,0,0,0,0,0
0.023136,0,0,0,0,0,0
0.024603,0,0,0,0,0,0
0.026556,0,0,0,0,0,0
0.027991,0,0,0,0,0,0
0.029426,0,0,0,0,0,0
0.030847,0,0,0,0,0,0
0.032257,0,0,0,0,0,0
0.033666,0,0,0,0,0,0
0.035072,0,0,0,0,0,0
0.036498,0,0,0,0,0,0
0.037895,0,0,0,0,0,0
0.039300,0,0,0,0,0,0
0.040739,0,0,0,0,0,0
0.042140,0,0,0,0,0,0
0.043534,0,0,0,0,0,0
0.044928,0,0,0,0,0,0
0.046321,0,0,0,0,0,0
0.047824,0,0,0,0,0,0
0.049221,0,0,0,0,0,0
0.050614,0,0,0,0,0,0
0.052046,0,0,0,0,0,0
0.053523,0,0,0,0,0,0
0.054874,0,0,0,0,0,0
0.056228,0,0,0,0,0,0
0.057595,0,0,0,0,0,0
0.058950,0,0,0,0,0,0
0.060302,0,0,0,0,0,0
0.061618,0,0,0,0,0,0
0.062934,0,0,0,0,0,0
0.064252,0,0,0,0,0,0
0.065573,0,0,0,0,0,0
0.066860,0,0,0,0,0,0
0.068179,0,0,0,0,0,0
0.069448,0,0,0,0,0,0
0.070725,0,0,0,0,0,0
0.072101,0,0,0,0,0,0
0.073478,0,0,0,0,0,0
0.074862,0,0,0,0,0,0
0.076292,0,0,0,0,0,0
0.077602,0,0,0,0,0,0
0.078908,0,0,0,0,0,0
0.080268,0,2322,513,0,0,0
0.081511,0,0,0,0,0,0
0.082977,0,0,0,0,0,0
0.084364,0,0,0,0,0,0
0.085723,0,0,0,0,0,0
0.087078,0,0,0,0,0,0
0.088524,0,0,0,0,0,0
0.089963,0,0,0,0,0,0
0.091520,0,0,0,0,0,0
0.092945,0,0,0,0,0,0
0.094306,0,0,0,0,0,0
0.095660,0,0,0,0,0,0
0.097052,0,8808,5251,0,0,0
0.098261,0,9504,8282,0,0,0
0.099468,0,9768,8511,0,0,0
0.100687,0,9656,8413,0,0,0
0.101939,0,9918,8871,0,0,0
0.103189,0,10332,8769,0,0,0
0.104469,0,9918,8871,0,0,0
0.105719,0,10182,8769,0,0,0
0.106970,0,10071,8640,0,0,0
0.108221,0,9920,8644,0,0,0
0.109482,0,10184,8875,0,0,0
0.110713,0,2535,2010,0,0,0
0.112135,0,0,0,0,0,0
0.113554,0,0,0,0,0,0
0.114973,0,0,0,0,0,0
0.116403,0,0,0,0,0,0
0.117732,0,0,0,0,0,0
0.119060,0,0,0,0,0,0
0.120423,0,0,0,0,0,0
0.121761,0,0,0,0,0,0
0.123089,0,0,0,0,0,0
0.124581,0,0,0,0,0,0
0.125916,0,0,0,0,0,0
0.127246,0,0,0,0,0,0
0.128686,0,0,0,0,0,0
0.130014,0,0,0,0,0,0
0.131343,0,0,0,0,0,0
0.132681,0,0,0,0,0,0
0.134128,0,0,0,0,0,0
0.135461,0,0,0,0,0,0
0.136794,0,0,0,0,0,0
0.138128,0,0,0,0,0,0
0.139461,0,0,0,0,0,0
0.140795,0,0,0,0,0,0
0.142129,0,0,0,0,0,0
0.143467,0,0,0,0,0,0
0.144802,0,0,0,0,0,0
0.146135,0,0,0,0,0,0
0.147468,0,0,0,0,0,0
0.148860,0,0,0,0,0,0
0.150250,0,0,0,0,0,0
0.151722,0,0,0,0,0,0
0.153249,0,0,0,0,0,0
0.154823,0,0,0,0,0,0
0.156384,0,0,0,0,0,0
0.157945,0,0,0,0,0,0
0.159509,0,0,0,0,0,0
0.161070,0,0,0,0,0,0
0.162630,0,0,0,0,0,0
0.164234,0,0,0,0,0,0
0.165687,0,0,0,0,0,0
0.167220,0,0,0,0,0,0
0.168783,0,0,0,0,0,0
0.170343,0,0,0,0,0,0
0.171906,0,0,0,0,0,0
0.173468,0,0,0,0,0,0
0.175028,0,0,0,0,0,0
0.176606,0,0,0,0,0,0
0.178166,0,0,0,0,0,0
0.179772,0,0,0,0,0,0
0.181334,0,0,0,0,0,0
0.182893,0,0,0,0,0,0
0.184455,0,0,0,0,0,0
0.186017,0,0,0,0,0,0
0.187594,0,0,0,0,0,0
0.189156,0,0,0,0,0,0
0.190716,0,0,0,0,0,0
0.192278,0,0,0,0,0,0
0.193831,0,0,0,0,0,0
0.195446,0,0,0,0,0,0
0.196874,0,0,0,0,0,0
0.198281,0,0,0,0,0,0
0.199677,0,0,0,0,0,0
0.201202,0,0,0,0,0,0
0.202761,0,0,0,0,0,0
0.204321,0,0,0,0,0,0
0.205883,0,0,0,0,0,0
0.207444,0,0,0,0,0,0
0.209017,0,0,0,0,0,0
0.210576,0,0,0,0,0,0
0.212179,0,0,0,0,0,0
0.213741,0,0,0,0,0,0
0.215302,0,0,0,0,0,0
0.216861,0,0,0,0,0,0
0.219250,0,0,0,0,0,0
0.220734,0,0,0,0,0,0
0.222131,0,0,0,0,0,0
0.223523,0,0,0,0,0,0
0.225041,0,0,0,0,0,0
0.226591,0,0,0,0,0,0
0.228065,0,0,0,0,0,0
0.229597,0,0,0,0,0,0
0.231171,0,0,0,0,0,0
0.232736,0,0,0,0,0,0
0.234296,0,0,0,0,0,0
0.235858,0,0,0,0,0,0
0.237419,0,0,0,0,0,0
0.238980,0,0,0,0,0,0
0.240502,0,0,0,0,0,0
0.242041,0,0,0,0,0,0
0.243604,0,0,0,0,0,0
0.245209,0,0,0,0,0,0
0.246769,0,0,0,0,0,0
0.248330,0,0,0,0,0,0
0.249891,0,0,0,0,0,0
0.251454,0,0,0,0,0,0
0.253029,0,0,0,0,0,0
0.254589,0,0,0,0,0,0
0.256150,0,0,0,0,0,0
0.257712,0,0,0,0,0,0
0.259337,0,0,0,0,0,0
0.261008,0,0,0,0,0,0
0.262561,0,0,0,0,0,0
0.263980,0,0,0,0,0,0
0.265509,0,0,0,0,0,0
0.267070,0,0,0,0,0,0
0.268636,0,0,0,0,0,0
0.270196,0,0,0,0,0,0
0.271759,0,0,0,0,0,0
0.273320,0,0,0,0,0,0
0.274893,0,0,0,0,0,0
0.276498,0,0,0,0,0,0
0.278061,0,0,0,0,0,0
0.279625,0,0,0,0,0,0
0.281231,0,0,0,0,0,0
0.282792,0,0,0,0,0,0
0.284352,0,0,0,0,0,0
0.285927,0,0,0,0,0,0
0.287490,0,0,0,0,0,0
0.289051,0,0,0,0,0,0
0.290612,0,0,0,0,0,0
0.292217,0,0,0,0,0,0
0.293780,0,0,0,0,0,0
0.295343,0,0,0,0,0,0
0.296919,0,0,0,0,0,0
0.298478,0,0,0,0,0,0
0.300041,0,0,0,0,0,0
0.301594,0,0,0,0,0,0
0.303145,0,0,0,0,0,0
0.304718,0,0,0,0,0,0
0.306120,0,0,0,0,0,0
0.307658,0,0,0,0,0,0
0.309220,0,0,0,0,0,0
0.310781,0,0,0,0,0,0
0.312343,0,0,0,0,0,0
0.313906,0,0,0,0,0,0
0.315467,0,0,0,0,0,0
0.317029,0,0,0,0,0,0
0.318604,0,0,0,0,0,0
0.320165,0,0,0,0,0,0
0.321718,0,0,0,0,0,0
0.323790,0,0,0,0,0,0
0.325222,0,0,0,0,0,0
0.326623,0,0,0,0,0,0
0.328019,0,0,0,0,0,0
0.329425,0,0,0,0,0,0
0.330818,0,0,0,0,0,0
0.332212,0,0,0,0,0,0
0.333816,0,0,0,0,0,0
0.335377,0,0,0,0,0,0
0.336938,0,0,0,0,0,0
0.338497,0,0,0,0,0,0
0.340115,0,0,0,0,0,0
0.341675,0,0,0,0,0,0
0.343233,0,0,0,0,0,0
0.344656,0,0,0,0,0,0
0.346056,0,0,0,0,0,0
0.347585,0,0,0,0,0,0
0.349147,0,0,0,0,0,0
0.350720,0,0,0,0,0,0
0.352281,0,0,0,0,0,0
0.353843,0,0,0,0,0,0
0.355406,0,0,0,0,0,0
0.357012,0,0,0,0,0,0
0.358572,0,0,0,0,0,0
0.360133,0,0,0,0,0,0
0.361707,0,0,0,0,0,0
0.363333,0,0,0,0,0,0
0.364958,0,0,0,0,0,0
0.366518,0,0,0,0,0,0
0.368081,0,0,0,0,0,0
0.369642,0,0,0,0,0,0
0.371202,0,0,0,0,0,0
0.372782,0,0,0,0,0,0
0.374341,0,0,0,0,0,0
0.375904,0,0,0,0,0,0
0.377465,0,0,0,0,0,0
0.379025,0,0,0,0,0,0
0.380591,0,0,0,0,0,0
0.382150,0,0,0,0,0,0
0.383727,0,0,0,0,0,0
0.385280,0,0,0,0,0,0
0.386830,0,0,0,0,0,0
0.388261,0,0,0,0,0,0
0.389661,0,0,0,0,0,0
0.391054,0,0,0,0,0,0
0.392506,0,0,0,0,0,0
0.393908,0,0,0,0,0,0
0.395370,0,0,0,0,0,0
0.396764,0,0,0,0,0,0
0.398155,0,0,0,0,0,0
0.399545,0,0,0,0,0,0
0.400936,0,0,0,0,0,0
0.402452,0,0,0,0,0,0
0.403924,0,0,0,0,0,0
0.405457,0,0,0,0,0,0
0.407010,0,0,0,0,0,0
0.408622,0,0,0,0,0,0
0.410180,0,0,0,0,0,0
0.411741,0,0,0,0,0,0
0.413300,0,0,0,0,0,0
0.414858,0,0,0,0,0,0
0.416428,0,0,0,0,0,0
0.417989,0,0,0,0,0,0
0.419550,0,0,0,0,0,0
0.421153,0,0,0,0,0,0
0.422712,0,0,0,0,0,0
0.424271,0,0,0,0,0,0
0.425832,0,0,0,0,0,0
0.427283,0,0,0,0,0,0
0.428814,0,0,0,0,0,0
0.430372,0,0,0,0,0,0
0.431934,0,0,0,0,0,0
0.433493,0,0,0,0,0,0
0.435050,0,0,0,0,0,0
0.436615,0,0,0,0,0,0
0.438186,0,0,0,0,0,0
0.439747,0,0,0,0,0,0
0.441307,0,0,0,0,0,0
0.442866,0,0,0,0,0,0
0.444424,0,0,0,0,0,0
0.445984,0,0,0,0,0,0
0.447546,0,0,0,0,0,0
0.449117,0,0,0,0,0,0
0.450675,0,0,0,0,0,0
0.452278,0,0,0,0,0,0
0.453840,0,0,0,0,0,0
0.455401,0,0,0,0,0,0
0.456961,0,0,0,0,0,0
0.458518,0,0,0,0,0,0
0.460092,0,0,0,0,0,0
0.461650,0,0,0,0,0,0
0.463123,0,0,0,0,0,0
0.464569,0,0,0,0,0,0
0.465969,0,0,0,0,0,0
0.467499,0,0,0,0,0,0
0.469105,0,0,0,0,0,0
0.470680,0,0,0,0,0,0
0.472242,0,0,0,0,0,0
0.473804,0,0,0,0,0,0
0.475367,0,0,0,0,0,0
0.476930,0,0,0,0,0,0
0.478490,0,0,0,0,0,0
0.480053,0,0,0,0,0,0
0.481629,0,0,0,0,0,0
0.483188,0,0,0,0,0,0
0.484756,0,0,0,0,0,0
0.486316,0,0,0,0,0,0
0.487881,0,0,0,0,0,0
0.489442,0,0,0,0,0,0
0.491002,0,0,0,0,0,0
0.492582,0,0,0,0,0,0
0.494143,0,0,0,0,0,0
0.495706,0,0,0,0,0,0
0.497268,0,0,0,0,0,0
0.498829,0,0,0,0,0,0
0.500436,0,0,0,0,0,0
0.501999,0,0,0,0,0,0
0.503576,0,0,0,0,0,0
0.505138,0,0,0,0,0,0
0.506699,0,0,0,0,0,0
0.508261,0,0,0,0,0,0
0.509813,0,0,0,0,0,0
0.511481,0,0,0,0,0,0
0.512915,0,0,0,0,0,0
0.514327,0,0,0,0,0,0
0.515901,0,0,0,0,0,0
0.517463,0,0,0,0,0,0
0.519024,0,0,0,0,0,0
0.520591,0,0,0,0,0,0
0.522151,0,0,0,0,0,0
0.523715,0,0,0,0,0,0
0.525291,0,0,0,0,0,0
0.526851,0,0,0,0,0,0
0.528413,0,0,0,0,0,0
0.529975,0,0,0,0,0,0
0.531538,0,0,0,0,0,0
0.533145,0,0,0,0,0,0
0.534706,0,0,0,0,0,0
0.536282,0,0,0,0,0,0
0.537845,0,0,0,0,0,0
0.539409,0,0,0,0,0,0
0.540971,0,0,0,0,0,0
0.542532,0,0,0,0,0,0
0.544096,0,0,0,0,0,0
0.545647,0,0,0,0,0,0
0.547208,0,0,0,0,0,0
0.548840,0,0,0,0,0,0
0.550438,0,0,0,0,0,0
0.551999,0,0,0,0,0,0
0.553558,0,0,0,0,0,0
0.555117,0,0,0,0,0,0
0.556746,0,0,0,0,0,0
0.558316,0,0,0,0,0,0
0.559877,0,0,0,0,0,0
0.561437,0,0,0,0,0,0
0.562996,0,0,0,0,0,0
0.564562,0,0,0,0,0,0
0.566120,0,0,0,0,0,0
0.567683,0,0,0,0,0,0
0.569256,0,0,0,0,0,0
0.570814,0,0,0,0,0,0
0.572397,0,0,0,0,0,0
0.573962,0,0,0,0,0,0
0.575524,0,0,0,0,0,0
0.577087,0,0,0,0,0,0
0.578646,0,0,0,0,0,0
0.580264,0,0,0,0,0,0
0.581827,0,0,0,0,0,0
0.583425,0,0,0,0,0,0
0.584986,0,0,0,0,0,0
0.586546,0,0,0,0,0,0
0.588109,0,0,0,0,0,0
0.589670,0,0,0,0,0,0
0.591242,0,0,0,0,0,0
0.592847,0,0,0,0,0,0
0.594407,0,0,0,0,0,0
0.596023,0,0,0,0,0,0
0.597487,0,0,0,0,0,0
0.598891,0,0,0,0,0,0
0.600419,0,0,0,0,0,0
0.601996,0,0,0,0,0,0
0.603560,0,0,0,0,0,0
0.605122,0,0,0,0,0,0
0.606683,0,0,0,0,0,0
0.608245,0,0,0,0,0,0
0.609806,0,0,0,0,0,0
0.611370,0,0,0,0,0,0
0.612980,0,0,0,0,0,0
0.614533,0,0,0,0,0,0
0.615964,0,0,0,0,0,0
0.617493,0,0,0,0,0,0
0.619051,0,0,0,0,0,0
0.620614,0,0,0,0,0,0
0.622172,0,0,0,0,0,0
0.623746,0,0,0,0,0,0
0.625307,0,0,0,0,0,0
0.626867,0,0,0,0,0,0
0.628470,0,0,0,0,0,0
0.630030,0,0,0,0,0,0
0.631592,0,0,0,0,0,0
0.633153,0,0,0,0,0,0
0.634724,0,0,0,0,0,0
0.636284,0,0,0,0,0,0
0.637845,0,0,0,0,0,0
0.639406,0,0,0,0,0,0
0.640966,0,0,0,0,0,0
0.642523,0,0,0,0,0,0
0.644630,0,0,0,0,0,0
0.646186,0,0,0,0,0,0
0.647748,0,0,0,0,0,0
0.649309,0,0,0,0,0,0
0.650867,0,0,0,0,0,0
0.652725,0,0,0,0,0,0
0.654284,0,0,0,0,0,0
0.655845,0,0,0,0,0,0
0.657417,0,0,0,0,0,0
0.658976,0,0,0,0,0,0
0.660498,0,0,0,0,0,0
0.662026,0,0,0,0,0,0
0.663461,0,0,0,0,0,0
0.665000,0,0,0,0,0,0
0.666560,0,0,0,0,0,0
0.668134,0,0,0,0,0,0
0.669696,0,0,0,0,0,0
0.671256,0,0,0,0,0,0
0.672872,0,0,0,0,0,0
0.674433,0,0,0,0,0,0
0.676040,0,0,0,0,0,0
0.677602,0,0,0,0,0,0
0.679175,0,0,0,0,0,0
0.680742,0,0,0,0,0,0
0.682301,0,0,0,0,0,0
0.683865,0,0,0,0,0,0
0.685428,0,0,0,0,0,0
0.686988,0,0,0,0,0,0
0.688550,0,0,0,0,0,0
0.690113,0,0,0,0,0,0
0.691542,0,0,0,0,0,0
0.693116,0,0,0,0,0,0
0.694677,0,0,0,0,0,0
0.696342,0,0,0,0,0,0
0.699542,0,0,0,0,0,0
0.701036,0,0,0,0,0,0
0.702445,0,0,0,0,0,0
0.703850,0,0,0,0,0,0
0.705244,0,0,0,0,0,0
0.706635,0,0,0,0,0,0
0.708071,0,0,0,0,0,0
0.709597,0,0,0,0,0,0
0.711171,0,0,0,0,0,0
0.712738,0,0,0,0,0,0
0.714298,0,0,0,0,0,0
0.715861,0,0,0,0,0,0
0.717412,0,0,0,0,0,0
0.718965,0,0,0,0,0,0
0.720625,0,0,0,0,0,0
0.722197,0,0,0,0,0,0
0.723803,0,0,0,0,0,0
0.725366,0,0,0,0,0,0
0.726926,0,0,0,0,0,0
0.728547,0,0,0,0,0,0
0.730108,0,0,0,0,0,0
0.731673,0,0,0,0,0,0
0.733246,0,0,0,0,0,0
0.734807,0,0,0,0,0,0
0.736369,0,0,0,0,0,0
0.737932,0,0,0,0,0,0
0.739496,0,0,0,0,0,0
0.741060,0,0,0,0,0,0
0.742620,0,0,0,0,0,0
0.744195,0,0,0,0,0,0
0.745757,0,0,0,0,0,0
0.747321,0,0,0,0,0,0
0.748884,0,0,0,0,0,0
0.750444,0,0,0,0,0,0
0.752008,0,0,0,0,0,0
0.753572,0,0,0,0,0,0
0.755020,0,0,0,0,0,0
0.756559,0,0,0,0,0,0
0.758119,0,0,0,0,0,0
0.759682,0,0,0,0,0,0
0.761243,0,0,0,0,0,0
0.762804,0,0,0,0,0,0
0.764365,0,0,0,0,0,0
0.765940,0,0,0,0,0,0
0.767504,0,0,0,0,0,0
0.769066,0,0,0,0,0,0
0.770627,0,0,0,0,0,0
0.772232,0,0,0,0,0,0
0.773796,0,0,0,0,0,0
0.775359,0,0,0,0,0,0
0.776935,0,0,0,0,0,0
0.778494,0,0,0,0,0,0
0.780059,0,0,0,0,0,0
0.781621,0,0,0,0,0,0
0.783182,0,0,0,0,0,0
0.784748,0,0,0,0,0,0
0.786309,0,0,0,0,0,0
0.787927,0,0,0,0,0,0
0.789490,0,0,0,0,0,0
0.791051,0,0,0,0,0,0
0.792617,0,0,0,0,0,0
0.794178,0,0,0,0,0,0
0.795742,0,0,0,0,0,0
0.797303,0,0,0,0,0,0
0.798879,0,0,0,0,0,0
0.800441,0,0,0,0,0,0
0.802003,0,0,0,0,0,0
0.803567,0,0,0,0,0,0
0.805174,0,0,0,0,0,0
0.806734,0,0,0,0,0,0
0.808296,0,0,0,0,0,0
0.809871,0,0,0,0,0,0
0.811436,0,0,0,0,0,0
0.812998,0,0,0,0,0,0
0.814558,0,0,0,0,0,0
0.816122,0,0,0,0,0,0
0.817683,0,0,0,0,0,0
0.819243,0,0,0,0,0,0
0.820668,0,0,0,0,0,0
0.822067,0,0,0,0,0,0
0.823495,0,0,0,0,0,0
0.825056,0,0,0,0,0,0
0.826615,0,0,0,0,0,0
0.828175,0,0,0,0,0,0
0.829735,0,0,0,0,0,0
0.831309,0,0,0,0,0,0
0.832870,0,0,0,0,0,0
0.834428,0,0,0,0,0,0
0.836033,0,0,0,0,0,0
0.837595,0,0,0,0,0,0
0.839154,0,0,0,0,0,0
0.840718,0,0,0,0,0,0
0.842290,0,0,0,0,0,0
0.843850,0,0,0,0,0,0
0.845411,0,0,0,0,0,0
0.846969,0,0,0,0,0,0
0.848618,0,0,0,0,0,0
0.850177,0,0,0,0,0,0
0.851783,0,0,0,0,0,0
0.853356,0,0,0,0,0,0
0.854915,0,0,0,0,0,0
0.856526,0,0,0,0,0,0
0.858085,0,0,0,0,0,0
0.859645,0,0,0,0,0,0
0.861202,0,0,0,0,0,0
0.862769,0,0,0,0,0,0
0.864294,0,0,0,0,0,0
0.865835,0,0,0,0,0,0
0.867399,0,0,0,0,0,0
0.869007,0,0,0,0,0,0
0.870567,0,0,0,0,0,0
0.872129,0,0,0,0,0,0
0.873692,0,0,0,0,0,0
0.875321,0,0,0,0,0,0
0.876881,0,0,0,0,0,0
0.878442,0,0,0,0,0,0
0.880005,0,0,0,0,0,0
0.881568,0,0,0,0,0,0
0.883129,0,0,0,0,0,0
0.884698,0,0,0,0,0,0
0.886271,0,0,0,0,0,0
0.887835,0,0,0,0,0,0
0.889433,0,0,0,0,0,0
0.890995,0,0,0,0,0,0
0.892561,0,0,0,0,0,0
0.894124,0,0,0,0,0,0
0.895689,0,0,0,0,0,0
0.897264,0,0,0,0,0,0
0.898825,0,0,0,0,0,0
0.900431,0,0,0,0,0,0
0.901995,0,0,0,0,0,0
0.903558,0,0,0,0,0,0
0.905120,0,0,0,0,0,0
0.906680,0,0,0,0,0,0
0.908256,0,0,0,0,0,0
0.909819,0,0,0,0,0,0
0.911383,0,0,0,0,0,0
0.912946,0,0,0,0,0,0
0.914507,0,0,0,0,0,0
0.916114,0,0,0,0,0,0
0.917678,0,0,0,0,0,0
0.919253,0,0,0,0,0,0
0.920754,0,0,0,0,0,0
0.922284,0,0,0,0,0,0
0.923848,0,0,0,0,0,0
0.925401,0,0,0,0,0,0
0.926953,0,0,0,0,0,0
0.928624,0,0,0,0,0,0
0.930092,0,0,0,0,0,0
0.931505,0,0,0,0,0,0
0.933034,0,0,0,0,0,0
0.934593,0,0,0,0,0,0
0.936154,0,0,0,0,0,0
0.937714,0,0,0,0,0,0
0.939339,0,0,0,0,0,0
0.940976,0,0,0,0,0,0
0.942534,0,0,0,0,0,0
0.944096,0,0,0,0,0,0
0.945656,0,0,0,0,0,0
0.947214,0,0,0,0,0,0
0.948777,0,0,0,0,0,0
0.950335,0,0,0,0,0,0
0.951911,0,0,0,0,0,0
0.953471,0,0,0,0,0,0
0.955030,0,0,0,0,0,0
0.956594,0,0,0,0,0,0
0.958153,0,0,0,0,0,0
0.959714,0,0,0,0,0,0
0.961274,0,0,0,0,0,0
0.962846,0,0,0,0,0,0
0.964450,0,0,0,0,0,0
0.966010,0,0,0,0,0,0
0.967572,0,0,0,0,0,0
0.969133,0,0,0,0,0,0
0.970690,0,0,0,0,0,0
0.972251,0,0,0,0,0,0
0.973825,0,0,0,0,0,0
0.975387,0,0,0,0,0,0
0.977073,0,0,0,0,0,0
0.978632,0,0,0,0,0,0
0.980236,0,0,0,0,0,0
0.981796,0,0,0,0,0,0
0.983359,0,0,0,0,0,0
0.984934,0,0,0,0,0,0
0.986492,0,0,0,0,0,0
0.988054,0,0,0,0,0,0
0.989614,0,0,0,0,0,0
0.991172,0,0,0,0,0,0
0.992737,0,0,0,0,0,0
0.994297,0,0,0,0,0,0
0.995842,0,0,0,0,0,0
0.997896,0,0,0,0,0,0
0.999459,0,0,0,0,0,0
1.001019,0,0,0,0,0,0
1.002577,0,0,0,0,0,0
1.004137,0,0,0,0,0,0
1.005698,0,0,0,0,0,0
1.007325,0,0,0,0,0,0
1.008882,0,0,0,0,0,0
1.010319,0,0,0,0,0,0
1.011899,0,0,0,0,0,0
1.013462,0,0,0,0,0,0
1.015022,0,0,0,0,0,0
1.016589,0,0,0,0,0,0
1.018163,0,0,0,0,0,0
1.019727,0,0,0,0,0,0
1.021290,0,0,0,0,0,0
1.022850,0,0,0,0,0,0
1.024412,0,0,0,0,0,0
1.025976,0,0,0,0,0,0
1.027539,0,0,0,0,0,0
1.029150,0,0,0,0,0,0
1.030701,0,0,0,0,0,0
1.032133,0,0,0,0,0,0
1.033663,0,0,0,0,0,0
1.035220,0,0,0,0,0,0
1.036779,0,0,0,0,0,0
1.038337,0,0,0,0,0,0
1.039911,0,0,0,0,0,0
1.041472,0,0,0,0,0,0
1.043031,0,0,0,0,0,0
1.044596,0,0,0,0,0,0
1.046155,0,0,0,0,0,0
1.047716,0,0,0,0,0,0
1.049277,0,0,0,0,0,0
1.050846,0,0,0,0,0,0
1.052406,0,0,0,0,0,0
1.053841,0,0,0,0,0,0
1.055374,0,0,0,0,0,0
1.056932,0,0,0,0,0,0
1.058483,0,0,0,0,0,0
1.059954,0,0,0,0,0,0
1.061533,0,0,0,0,0,0
1.063092,0,0,0,0,0,0
1.064495,0,0,0,0,0,0
1.066030,0,0,0,0,0,0
1.067594,0,0,0,0,0,0
1.069156,0,0,0,0,0,0
1.070716,0,0,0,0,0,0
1.072236,0,0,0,0,0,0
1.073767,0,0,0,0,0,0
1.075331,0,0,0,0,0,0
1.076894,0,0,0,0,0,0
1.078455,0,0,0,0,0,0
1.080019,0,0,0,0,0,0
1.081581,0,0,0,0,0,0
1.083032,0,0,0,0,0,0
1.084570,0,0,0,0,0,0
1.086131,0,0,0,0,0,0
1.087696,0,0,0,0,0,0
1.089258,0,0,0,0,0,0
1.090818,0,0,0,0,0,0
1.092423,0,0,0,0,0,0
1.093884,0,0,0,0,0,0
1.095419,0,0,0,0,0,0
1.096982,0,0,0,0,0,0
1.098542,0,0,0,0,0,0
1.100107,0,0,0,0,0,0
1.101662,0,0,0,0,0,0
1.103216,0,0,0,0,0,0
1.104626,0,0,0,0,0,0
1.106030,0,0,0,0,0,0
1.107558,0,0,0,0,0,0
1.109163,0,0,0,0,0,0
1.110723,0,0,0,0,0,0
1.112283,0,0,0,0,0,0
1.113844,0,0,0,0,0,0
1.115420,0,0,0,0,0,0
1.116981,0,0,0,0,0,0
1.118540,0,0,0,0,0,0
1.120102,0,0,0,0,0,0
1.121663,0,0,0,0,0,0
1.123223,0,0,0,0,0,0
1.124829,0,0,0,0,0,0
1.126402,0,0,0,0,0,0
1.127964,0,0,0,0,0,0
1.129526,0,0,0,0,0,0
1.131533,0,0,0,0,0,0
1.133089,0,0,0,0,0,0
1.134643,0,0,0,0,0,0
1.136077,0,0,0,0,0,0
1.137621,0,0,0,0,0,0
1.139184,0,0,0,0,0,0
1.140754,0,0,0,0,0,0
1.142316,0,0,0,0,0,0
1.143882,0,0,0,0,0,0
1.145444,0,0,0,0,0,0
1.147006,0,0,0,0,0,0
1.148460,0,0,0,0,0,0
1.149996,0,0,0,0,0,0
1.151564,0,0,0,0,0,0
1.153130,0,0,0,0,0,0
1.154695,0,0,0,0,0,0
1.156306,0,0,0,0,0,0
1.157750,0,0,0,0,0,0
1.159311,0,0,0,0,0,0
1.160878,0,0,0,0,0,0
1.162443,0,0,0,0,0,0
1.164010,0,0,0,0,0,0
1.165577,0,0,0,0,0,0
1.167142,0,0,0,0,0,0
1.168713,0,0,0,0,0,0
1.170290,0,0,0,0,0,0
1.171907,0,0,0,0,0,0
1.173473,0,0,0,0,0,0
1.175038,0,0,0,0,0,0
1.176608,0,0,0,0,0,0
1.178173,0,0,0,0,0,0
1.179742,0,0,0,0,0,0
1.181323,0,0,0,0,0,0
1.182888,0,0,0,0,0,0
1.184454,0,0,0,0,0,0
1.186022,0,0,0,0,0,0
1.187655,0,0,0,0,0,0
1.189067,0,0,0,0,0,0
1.190598,0,0,0,0,0,0
1.192177,0,0,0,0,0,0
1.193780,0,0,0,0,0,0
1.195348,0,0,0,0,0,0
1.196915,0,0,0,0,0,0
1.198479,0,0,0,0,0,0
1.200047,0,0,0,0,0,0
1.201613,0,0,0,0,0,0
1.203066,0,0,0,0,0,0
1.204608,0,0,0,0,0,0
1.206172,0,0,0,0,0,0
1.207740,0,0,0,0,0,0
1.209307,0,0,0,0,0,0
1.210872,0,0,0,0,0,0
1.212439,0,0,0,0,0,0
1.214019,0,0,0,0,0,0
1.215588,0,0,0,0,0,0
1.217146,0,0,0,0,0,0
1.218702,0,0,0,0,0,0
1.220178,0,0,0,0,0,0
1.221714,0,0,0,0,0,0
1.223335,0,0,0,0,0,0
1.224913,0,0,0,0,0,0
1.226479,0,0,0,0,0,0
1.228046,0,0,0,0,0,0
1.229612,0,0,0,0,0,0
1.231176,0,0,0,0,0,0
1.232746,0,0,0,0,0,0
1.234310,0,0,0,0,0,0
1.235934,0,0,0,0,0,0
1.237491,0,0,0,0,0,0
1.239046,0,0,0,0,0,0
1.240663,0,0,0,0,0,0
1.242227,0,0,0,0,0,0
1.243792,0,0,0,0,0,0
1.245357,0,0,0,0,0,0
1.246931,0,0,0,0,0,0
1.248542,0,0,0,0,0,0
1.250104,0,0,0,0,0,0
1.251670,0,0,0,0,0,0
1.253234,0,0,0,0,0,0
1.254798,0,0,0,0,0,0
1.256361,0,0,0,0,0,0
1.257940,0,0,0,0,0,0
1.259505,0,0,0,0,0,0
1.261070,0,0,0,0,0,0
1.262633,0,0,0,0,0,0
1.264081,0,0,0,0,0,0
1.265623,0,0,0,0,0,0
1.267186,0,0,0,0,0,0
1.268772,0,0,0,0,0,0
1.270336,0,0,0,0,0,0
1.271905,0,0,0,0,0,0
1.273471,0,0,0,0,0,0
1.275035,0,0,0,0,0,0
1.276607,0,0,0,0,0,0
1.278172,0,0,0,0,0,0
1.279753,0,0,0,0,0,0
1.281319,0,0,0,0,0,0
1.282884,0,0,0,0,0,0
1.284495,0,0,0,0,0,0
1.286063,0,0,0,0,0,0
1.287631,0,0,0,0,0,0
1.289197,0,0,0,0,0,0
1.290777,0,0,0,0,0,0
1.292343,0,0,0,0,0,0
1.293909,0,0,0,0,0,0
1.295477,0,0,0,0,0,0
1.297045,0,0,0,0,0,0
1.298609,0,0,0,0,0,0
1.300220,0,0,0,0,0,0
1.301799,0,0,0,0,0,0
1.303368,0,0,0,0,0,0
1.304934,0,0,0,0,0,0
1.306498,0,0,0,0,0,0
1.308066,0,0,0,0,0,0
1.309633,0,0,0,0,0,0
1.311198,0,0,0,0,0,0
1.312782,0,0,0,0,0,0
1.314347,0,0,0,0,0,0
1.315959,0,0,0,0,0,0
1.317527,0,0,0,0,0,0
1.319092,0,0,0,0,0,0
1.320660,0,0,0,0,0,0
1.322224,0,0,0,0,0,0
1.323806,0,0,0,0,0,0
1.325372,0,0,0,0,0,0
1.326935,0,0,0,0,0,0
1.328458,0,0,0,0,0,0
1.329993,0,0,0,0,0,0
1.331560,0,0,0,0,0,0
1.333172,0,0,0,0,0,0
1.334751,0,0,0,0,0,0
1.336317,0,0,0,0,0,0
1.337883,0,0,0,0,0,0
1.339451,0,0,0,0,0,0
1.341008,0,0,0,0,0,0
1.342565,0,0,0,0,0,0
1.343995,0,0,0,0,0,0
1.345533,0,0,0,0,0,0
1.347089,0,0,0,0,0,0
1.348661,0,0,0,0,0,0
1.350223,0,0,0,0,0,0
1.351790,0,0,0,0,0,0
1.353353,0,0,0,0,0,0
1.354916,0,0,0,0,0,0
1.356423,0,0,0,0,0,0
1.357953,0,0,0,0,0,0
1.359514,0,0,0,0,0,0
1.360985,0,0,0,0,0,0
1.362524,0,0,0,0,0,0
1.364131,0,0,0,0,0,0
1.365694,0,0,0,0,0,0
1.367152,0,0,0,0,0,0
1.368690,0,0,0,0,0,0
1.370252,0,0,0,0,0,0
1.371816,0,0,0,0,0,0
1.373380,0,0,0,0,0,0
1.375048,0,0,0,0,0,0
1.376613,0,0,0,0,0,0
1.378187,0,0,0,0,0,0
1.379796,0,0,0,0,0,0
1.381359,0,0,0,0,0,0
1.382920,0,0,0,0,0,0
1.384560,0,0,0,0,0,0
1.386123,0,0,0,0,0,0
1.387687,0,0,0,0,0,0
1.389263,0,0,0,0,0,0
1.390824,0,0,0,0,0,0
1.392387,0,0,0,0,0,0
1.393950,0,0,0,0,0,0
1.395514,0,0,0,0,0,0
1.397123,0,0,0,0,0,0
1.398685,0,0,0,0,0,0
1.400261,0,0,0,0,0,0
1.401825,0,0,0,0,0,0
1.403390,0,0,0,0,0,0
1.404952,0,0,0,0,0,0
1.406514,0,0,0,0,0,0
1.408079,0,0,0,0,0,0
1.409643,0,0,0,0,0,0
1.411215,0,0,0,0,0,0
1.412784,0,0,0,0,0,0
1.414345,0,0,0,0,0,0
1.415909,0,0,0,0,0,0
1.417472,0,0,0,0,0,0
1.419035,0,0,0,0,0,0
1.420601,0,0,0,0,0,0
1.422051,0,0,0,0,0,0
1.423590,0,0,0,0,0,0
1.425156,0,0,0,0,0,0
1.426721,0,0,0,0,0,0
1.428332,0,0,0,0,0,0
1.429898,0,0,0,0,0,0
1.431467,0,0,0,0,0,0
1.433047,0,0,0,0,0,0
1.434613,0,0,0,0,0,0
1.436179,0,0,0,0,0,0
1.437747,0,0,0,0,0,0
1.439315,0,0,0,0,0,0
1.440882,0,0,0,0,0,0
1.442448,0,0,0,0,0,0
1.444071,0,0,0,0,0,0
1.445629,0,0,0,0,0,0
1.447185,0,0,0,0,0,0
1.448783,0,0,0,0,0,0
1.450187,0,0,0,0,0,0
1.451719,0,0,0,0,0,0
1.453285,0,0,0,0,0,0
1.454861,0,0,0,0,0,0
1.456426,0,0,0,0,0,0
1.457991,0,0,0,0,0,0
1.459556,0,0,0,0,0,0
1.461163,0,0,0,0,0,0
1.462722,0,0,0,0,0,0
1.464418,0,0,0,0,0,0
1.465920,0,0,0,0,0,0
1.467333,0,0,0,0,0,0
1.468865,0,0,0,0,0,0
1.470429,0,0,0,0,0,0
1.471996,0,0,0,0,0,0
1.473562,0,0,0,0,0,0
1.475128,0,0,0,0,0,0
1.476587,0,0,0,0,0,0
1.478124,0,0,0,0,0,0
1.479692,0,0,0,0,0,0
1.481259,0,0,0,0,0,0
1.482825,0,0,0,0,0,0
1.484390,0,0,0,0,0,0
1.485958,0,0,0,0,0,0
1.487538,0,0,0,0,0,0
1.489105,0,0,0,0,0,0
1.490669,0,0,0,0,0,0
1.492280,0,0,0,0,0,0
1.493847,0,0,0,0,0,0
1.495415,0,0,0,0,0,0
1.496982,0,0,0,0,0,0
1.498596,0,0,0,0,0,0
1.500164,0,0,0,0,0,0
1.501732,0,0,0,0,0,0
1.503300,0,0,0,0,0,0
1.504867,0,0,0,0,0,0
1.506429,0,0,0,0,0,0
1.508038,0,0,0,0,0,0
1.509619,0,0,0,0,0,0
1.511183,0,0,0,0,0,0
1.512754,0,0,0,0,0,0
1.514317,0,0,0,0,0,0
1.515886,0,0,0,0,0,0
1.517452,0,0,0,0,0,0
1.519017,0,0,0,0,0,0
1.520601,0,0,0,0,0,0
1.522166,0,0,0,0,0,0
1.523780,0,0,0,0,0,0
1.525347,0,0,0,0,0,0
1.526912,0,0,0,0,0,0
1.528445,0,0,0,0,0,0
1.529981,0,0,0,0,0,0
1.531561,0,0,0,0,0,0
1.533127,0,0,0,0,0,0
1.534693,0,0,0,0,0,0
1.536259,0,0,0,0,0,0
1.537826,0,0,0,0,0,0
1.539393,0,0,0,0,0,0
1.541004,0,0,0,0,0,0
1.542582,0,0,0,0,0,0
1.544150,0,0,0,0,0,0
1.545716,0,0,0,0,0,0
1.547349,0,0,0,0,0,0
1.548971,0,0,0,0,0,0
1.550526,0,0,0,0,0,0
1.551962,0,0,0,0,0,0
1.553511,0,0,0,0,0,0
1.555076,0,0,0,0,0,0
1.556648,0,0,0,0,0,0
1.558212,0,0,0,0,0,0
1.559781,0,0,0,0,0,0
1.561347,0,0,0,0,0,0
1.562913,0,0,0,0,0,0
1.564556,0,0,0,0,0,0
1.566122,0,0,0,0,0,0
1.567689,0,0,0,0,0,0
1.569247,0,0,0,0,0,0
1.570804,0,0,0,0,0,0
1.572281,0,0,0,0,0,0
1.573849,0,0,0,0,0,0
1.575430,0,0,0,0,0,0
1.576996,0,0,0,0,0,0
1.578560,0,0,0,0,0,0
1.580126,0,0,0,0,0,0
1.581691,0,0,0,0,0,0
1.583255,0,0,0,0,0,0
1.584842,0,0,0,0,0,0
1.586418,0,0,0,0,0,0
1.588029,0,0,0,0,0,0
1.589595,0,0,0,0,0,0
1.591032,0,0,0,0,0,0
1.592519,0,0,0,0,0,0
1.593959,0,0,0,0,0,0
1.595374,0,0,0,0,0,0
1.597639,0,0,0,0,0,0
1.599724,0,0,0,0,0,0
1.601129,0,0,0,0,0,0
1.602531,0,0,0,0,0,0
1.603951,0,0,0,0,0,0
1.605352,0,0,0,0,0,0
1.606752,0,0,0,0,0,0
1.608170,0,0,0,0,0,0
1.609572,0,0,0,0,0,0
1.610974,0,0,0,0,0,0
1.612446,0,0,0,0,0,0
1.613848,0,0,0,0,0,0
1.615252,0,0,0,0,0,0
1.616655,0,0,0,0,0,0
1.618056,0,0,0,0,0,0
1.619467,0,0,0,0,0,0
1.620910,0,0,0,0,0,0
1.622310,0,0,0,0,0,0
1.623713,0,0,0,0,0,0
1.625114,0,0,0,0,0,0
1.626515,0,0,0,0,0,0
1.628045,0,0,0,0,0,0
1.629500,0,0,0,0,0,0
1.631035,0,0,0,0,0,0
1.632605,0,0,0,0,0,0
1.634170,0,0,0,0,0,0
1.635784,0,0,0,0,0,0
1.637350,0,0,0,0,0,0
1.638914,0,0,0,0,0,0
1.640438,0,0,0,0,0,0
1.641973,0,0,0,0,0,0
1.643542,0,0,0,0,0,0
1.645108,0,0,0,0,0,0
1.646672,0,0,0,0,0,0
1.648239,0,0,0,0,0,0
1.649804,0,0,0,0,0,0
1.651384,0,0,0,0,0,0
1.652985,0,0,0,0,0,0
1.654542,0,0,0,0,0,0
1.655977,0,0,0,0,0,0
1.657509,0,0,0,0,0,0
1.659073,0,0,0,0,0,0
1.660642,0,0,0,0,0,0
1.662219,0,0,0,0,0,0
1.663784,0,0,0,0,0,0
1.665225,0,0,0,0,0,0
1.666765,0,0,0,0,0,0
1.668374,0,0,0,0,0,0
1.669942,0,0,0,0,0,0
1.671385,0,0,0,0,0,0
1.672810,0,0,0,0,0,0
1.674214,0,0,0,0,0,0
1.675619,0,0,0,0,0,0
1.677022,0,0,0,0,0,0
1.678422,0,0,0,0,0,0
1.679958,0,0,0,0,0,0
1.682328,0,0,0,0,0,0
1.684527,0,0,0,0,0,0
1.686161,0,0,0,0,0,0
1.687603,0,0,0,0,0,0
1.689000,0,0,0,0,0,0
1.690396,0,0,0,0,0,0
1.691791,0,0,0,0,0,0
1.693445,0,0,0,0,0,0
1.695824,0,0,0,0,0,0
1.697272,0,0,0,0,0,0
1.698714,0,0,0,0,0,0
1.700200,0,0,0,0,0,0
1.701637,0,0,0,0,0,0
1.703072,0,0,0,0,0,0
1.704568,0,0,0,0,0,0
1.706144,0,0,0,0,0,0
1.707628,0,0,0,0,0,0
1.709187,0,0,0,0,0,0
1.710797,0,0,0,0,0,0
1.712409,0,0,0,0,0,0
1.714022,0,0,0,0,0,0
1.715637,0,0,0,0,0,0
1.717263,0,0,0,0,0,0
1.718873,0,0,0,0,0,0
1.720555,0,0,0,0,0,0
1.722166,0,0,0,0,0,0
1.723781,0,0,0,0,0,0
1.725384,0,0,0,0,0,0
1.726987,0,0,0,0,0,0
1.728632,0,0,0,0,0,0
1.730235,0,0,0,0,0,0
1.731759,0,0,0,0,0,0
1.733342,0,0,0,0,0,0
1.734952,0,0,0,0,0,0
1.736530,0,0,0,0,0,0
1.738112,0,0,0,0,0,0
1.739739,0,0,0,0,0,0
1.741352,0,0,0,0,0,0
1.742964,0,0,0,0,0,0
1.744637,0,0,0,0,0,0
1.746247,0,0,0,0,0,0
1.747910,0,0,0,0,0,0
1.749522,0,0,0,0,0,0
1.751148,0,0,0,0,0,0
1.752765,0,0,0,0,0,0
1.754377,0,0,0,0,0,0
1.755991,0,0,0,0,0,0
1.757594,0,0,0,0,0,0
1.759195,0,0,0,0,0,0
1.760862,0,0,0,0,0,0
1.762486,0,0,0,0,0,0
1.764150,0,0,0,0,0,0
1.765762,0,0,0,0,0,0
1.767375,0,0,0,0,0,0
1.768988,0,0,0,0,0,0
1.770599,0,0,0,0,0,0
1.772212,0,0,0,0,0,0
1.773839,0,0,0,0,0,0
1.775453,0,0,0,0,0,0
1.777067,0,0,0,0,0,0
1.778678,0,0,0,0,0,0
1.780338,0,0,0,0,0,0
1.781951,0,0,0,0,0,0
1.783563,0,0,0,0,0,0
1.785189,0,0,0,0,0,0
1.786798,0,0,0,0,0,0
1.788409,0,0,0,0,0,0
1.790019,0,0,0,0,0,0
1.791632,0,0,0,0,0,0
1.793242,0,0,0,0,0,0
1.794852,0,0,0,0,0,0
1.796344,0,0,0,0,0,0
1.797925,0,0,0,0,0,0
1.799536,0,0,0,0,0,0
1.801146,0,0,0,0,0,0
1.802756,0,0,0,0,0,0
1.804408,0,0,0,0,0,0
1.806020,0,0,0,0,0,0
1.807644,0,0,0,0,0,0
1.809254,0,0,0,0,0,0
1.810862,0,0,0,0,0,0
1.812388,0,0,0,0,0,0
1.813968,0,0,0,0,0,0
1.815580,0,0,0,0,0,0
1.817189,0,0,0,0,0,0
1.818813,0,0,0,0,0,0
1.820422,0,0,0,0,0,0
1.822032,0,0,0,0,0,0
1.823644,0,0,0,0,0,0
1.825255,0,0,0,0,0,0
1.826864,0,0,0,0,0,0
1.828388,0,0,0,0,0,0
1.829980,0,0,0,0,0,0
1.831593,0,0,0,0,0,0
1.833203,0,0,0,0,0,0
1.834811,0,0,0,0,0,0
1.836422,0,0,0,0,0,0
1.838032,0,0,0,0,0,0
1.839644,0,0,0,0,0,0
1.841267,0,0,0,0,0,0
1.842877,0,0,0,0,0,0
1.844439,0,0,0,0,0,0
1.846020,0,0,0,0,0,0
1.847633,0,0,0,0,0,0
1.849244,0,0,0,0,0,0
1.850853,0,0,0,0,0,0
1.852475,0,0,0,0,0,0
1.854085,0,0,0,0,0,0
1.855697,0,0,0,0,0,0
1.857180,0,0,0,0,0,0
1.858762,0,0,0,0,0,0
1.860423,0,0,0,0,0,0
1.862027,0,0,0,0,0,0
1.863516,0,0,0,0,0,0
1.865261,0,0,0,0,0,0
1.866921,0,0,0,0,0,0
1.868446,0,0,0,0,0,0
1.870027,0,0,0,0,0,0
1.871641,0,0,0,0,0,0
1.873252,0,0,0,0,0,0
1.874876,0,0,0,0,0,0
1.876542,0,0,0,0,0,0
1.878151,0,0,0,0,0,0
1.879764,0,0,0,0,0,0
1.881377,0,0,0,0,0,0
1.882988,0,0,0,0,0,0
1.884603,0,0,0,0,0,0
1.886227,0,0,0,0,0,0
1.887841,0,0,0,0,0,0
1.889454,0,0,0,0,0,0
1.891063,0,0,0,0,0,0
1.892688,0,0,0,0,0,0
1.894299,0,0,0,0,0,0
1.895912,0,0,0,0,0,0
1.897539,0,0,0,0,0,0
1.899150,0,0,0,0,0,0
1.900779,0,0,0,0,0,0
1.908320,0,0,0,0,0,0
1.909734,0,0,0,0,0,0
1.911132,0,0,0,0,0,0
1.912533,0,0,0,0,0,0
1.913927,0,0,0,0,0,0
1.915322,0,0,0,0,0,0
1.916720,0,0,0,0,0,0
1.918113,0,0,0,0,0,0
1.919521,0,0,0,0,0,0
1.920915,0,0,0,0,0,0
1.922308,0,0,0,0,0,0
1.923848,0,0,0,0,0,0
1.925474,0,0,0,0,0,0
1.927085,0,0,0,0,0,0
1.928701,0,0,0,0,0,0
1.930326,0,0,0,0,0,0
1.931941,0,0,0,0,0,0
1.933554,0,0,0,0,0,0
1.935166,0,0,0,0,0,0
1.936785,0,0,0,0,0,0
1.938396,0,0,0,0,0,0
1.940060,0,0,0,0,0,0
1.941688,0,0,0,0,0,0
1.943303,0,0,0,0,0,0
1.944919,0,0,0,0,0,0
1.946530,0,0,0,0,0,0
1.948142,0,0,0,0,0,0
1.949756,0,0,0,0,0,0
1.951370,0,0,0,0,0,0
1.952997,0,0,0,0,0,0
1.954608,0,0,0,0,0,0
1.956271,0,0,0,0,0,0
1.957885,0,0,0,0,0,0
1.959500,0,0,0,0,0,0
1.961112,0,0,0,0,0,0
1.962723,0,0,0,0,0,0
1.964351,0,0,0,0,0,0
1.965956,0,0,0,0,0,0
1.967588,0,0,0,0,0,0
1.969060,0,0,0,0,0,0
1.970507,0,0,0,0,0,0
1.972136,0,0,0,0,0,0
1.973749,0,0,0,0,0,0
1.975242,0,0,0,0,0,0
1.976818,0,0,0,0,0,0
1.978440,0,0,0,0,0,0
1.980044,0,0,0,0,0,0
1.981608,0,0,0,0,0,0
1.983168,0,0,0,0,0,0
1.984736,0,0,0,0,0,0
1.986307,0,0,0,0,0,0
1.987914,0,0,0,0,0,0
1.989525,0,0,0,0,0,0
1.991133,0,0,0,0,0,0
1.992745,0,0,0,0,0,0
1.994353,0,0,0,0,0,0
1.995967,0,0,0,0,0,0
1.997594,0,0,0,0,0,0
1.999204,0,0,0,0,0,0
2.000086,0,0,0,0,0,0
