elapsed_s,VPC_BE_STALL_CYCLES_HLSQ_PRIM_ALLOC,VPC_BE_STALL_CYCLES_SP_LM,VPC_BE_NUM_PA_REQ,VPC_BE_NUM_LM_REQ_HIT,VPC_BE_NUM_ATTR_REQ_LM,VPC_BE_LM_TRANSACTION
0.001101,0,0,0,0,0,0
0.002652,0,0,0,0,0,0
0.004167,0,0,0,0,0,0
0.005680,0,0,0,0,0,0
0.007228,0,0,0,0,0,0
0.008748,0,0,0,0,0,0
0.010373,0,0,0,0,0,0
0.011860,0,0,0,0,0,0
0.013346,0,0,0,0,0,0
0.014832,0,0,0,0,0,0
0.016348,0,0,0,0,0,0
0.017871,0,0,0,0,0,0
0.019452,0,0,0,0,0,0
0.020903,0,0,0,0,0,0
0.022409,0,0,0,0,0,0
0.023833,0,0,0,0,0,0
0.025255,0,0,0,0,0,0
0.026780,0,0,0,0,0,0
0.028184,0,0,0,0,0,0
0.029684,0,0,0,0,0,0
0.031226,0,0,0,0,0,0
0.032615,0,0,0,0,0,0
0.033991,0,0,0,0,0,0
0.035273,0,0,0,0,0,0
0.036646,0,0,0,0,0,0
0.038020,0,0,0,0,0,0
0.039393,0,0,0,0,0,0
0.040765,0,0,0,0,0,0
0.042140,0,0,0,0,0,0
0.043416,0,0,0,0,0,0
0.044787,0,0,0,0,0,0
0.046181,0,0,0,0,0,0
0.047532,0,0,0,0,0,0
0.048886,0,0,0,0,0,0
0.050373,0,0,0,0,0,0
0.051711,0,0,0,0,0,0
0.053087,0,0,0,0,0,0
0.054508,0,0,0,0,0,0
0.055882,0,0,0,0,0,0
0.057256,0,0,0,0,0,0
0.058699,0,0,0,0,0,0
0.060077,0,0,0,0,0,0
0.061452,0,0,0,0,0,0
0.062906,0,0,0,0,0,0
0.064331,0,0,0,0,0,0
0.065803,0,0,0,0,0,0
0.067220,0,0,0,0,0,0
0.068638,0,0,0,0,0,0
0.070089,0,0,0,0,0,0
0.071464,0,0,0,0,0,0
0.072839,0,0,0,0,0,0
0.074283,0,0,0,0,0,0
0.075661,0,0,0,0,0,0
0.077036,0,0,0,0,0,0
0.078435,0,0,0,0,0,0
0.079824,0,0,0,0,0,0
0.081218,0,0,0,0,0,0
0.082610,0,0,0,0,0,0
0.084090,0,0,0,0,0,0
0.085298,0,0,0,0,0,0
0.086502,0,0,0,0,0,0
0.087708,0,0,0,0,0,0
0.088913,0,0,0,0,0,0
0.090119,0,0,0,0,0,0
0.091412,0,0,0,0,0,0
0.092672,0,0,0,0,0,0
0.094043,0,0,0,0,0,0
0.095380,0,0,0,0,0,0
0.096634,0,0,0,0,0,0
0.097874,0,0,0,0,0,0
0.099269,0,0,0,0,0,0
0.100672,0,0,0,0,0,0
0.102064,0,0,0,0,0,0
0.103456,0,0,0,0,0,0
0.104845,0,0,0,0,0,0
0.106281,0,0,0,0,0,0
0.107650,0,0,0,0,0,0
0.109028,0,0,0,0,0,0
0.110401,0,0,0,0,0,0
0.111766,0,0,0,0,0,0
0.113132,0,0,0,0,0,0
0.114484,0,0,0,0,0,0
0.115902,0,0,0,0,0,0
0.117319,0,0,0,0,0,0
0.118737,0,0,0,0,0,0
0.120162,0,0,0,0,0,0
0.121474,0,0,0,0,0,0
0.122787,0,0,0,0,0,0
0.124207,0,0,0,0,0,0
0.125627,0,0,0,0,0,0
0.127037,0,0,0,0,0,0
0.128301,0,0,0,0,0,0
0.129671,0,0,0,0,0,0
0.131064,0,0,0,0,0,0
0.132382,0,0,0,0,0,0
0.133698,0,0,0,0,0,0
0.135110,0,0,0,0,0,0
0.136446,0,0,0,0,0,0
0.137770,0,0,0,0,0,0
0.139116,0,0,0,0,0,0
0.140510,0,0,0,0,0,0
0.141965,0,0,0,0,0,0
0.143356,0,0,0,0,0,0
0.144747,0,0,0,0,0,0
0.146138,0,0,0,0,0,0
0.147563,0,0,0,0,0,0
0.148952,0,0,0,0,0,0
0.150345,0,0,0,0,0,0
0.151869,0,0,0,0,0,0
0.153316,0,0,0,0,0,0
0.154891,0,0,0,0,0,0
0.156451,0,0,0,0,0,0
0.158013,0,0,0,0,0,0
0.159573,0,0,0,0,0,0
0.161132,0,0,0,0,0,0
0.162734,0,0,0,0,0,0
0.164187,0,0,0,0,0,0
0.165717,0,0,0,0,0,0
0.167283,0,0,0,0,0,0
0.168841,0,0,0,0,0,0
0.170450,0,0,0,0,0,0
0.172011,0,0,0,0,0,0
0.173570,0,0,0,0,0,0
0.175140,0,0,0,0,0,0
0.176691,0,0,0,0,0,0
0.178172,0,0,0,0,0,0
0.179719,0,0,0,0,0,0
0.181278,0,0,0,0,0,0
0.182838,0,0,0,0,0,0
0.184398,0,0,0,0,0,0
0.185972,0,0,0,0,0,0
0.187576,0,0,0,0,0,0
0.189134,0,0,0,0,0,0
0.190693,0,0,0,0,0,0
0.192255,0,0,0,0,0,0
0.193813,0,0,0,0,0,0
0.195399,0,0,0,0,0,0
0.196971,0,0,0,0,0,0
0.198533,0,0,0,0,0,0
0.200094,0,0,0,0,0,0
0.201652,0,0,0,0,0,0
0.203239,0,0,0,0,0,0
0.204798,0,0,0,0,0,0
0.206360,0,0,0,0,0,0
0.207935,0,0,0,0,0,0
0.209495,0,0,0,0,0,0
0.211112,0,0,0,0,0,0
0.212672,0,0,0,0,0,0
0.214234,0,0,0,0,0,0
0.215795,0,0,0,0,0,0
0.217353,0,0,0,0,0,0
0.218801,0,0,0,0,0,0
0.220333,0,0,0,0,0,0
0.221895,0,0,0,0,0,0
0.223455,0,0,0,0,0,0
0.225014,0,0,0,0,0,0
0.226619,0,0,0,0,0,0
0.228180,0,0,0,0,0,0
0.229752,0,0,0,0,0,0
0.231316,0,0,0,0,0,0
0.232875,0,0,0,0,0,0
0.234480,0,0,0,0,0,0
0.236040,0,0,0,0,0,0
0.237599,0,0,0,0,0,0
0.239163,0,0,0,0,0,0
0.240734,0,0,0,0,0,0
0.242339,0,0,0,0,0,0
0.243900,0,0,0,0,0,0
0.245458,0,0,0,0,0,0
0.246890,0,0,0,0,0,0
0.248321,0,0,0,0,0,0
0.249882,0,0,0,0,0,0
0.251498,0,0,0,0,0,0
0.253056,0,0,0,0,0,0
0.254618,0,0,0,0,0,0
0.256178,0,0,0,0,0,0
0.257737,0,0,0,0,0,0
0.259303,0,0,0,0,0,0
0.260862,0,0,0,0,0,0
0.262438,0,0,0,0,0,0
0.263998,0,0,0,0,0,0
0.265558,0,0,0,0,0,0
0.267124,0,0,0,0,0,0
0.268683,0,0,0,0,0,0
0.270245,0,0,0,0,0,0
0.271804,0,0,0,0,0,0
0.273375,0,0,0,0,0,0
0.274976,0,0,0,0,0,0
0.276537,0,0,0,0,0,0
0.278099,0,0,0,0,0,0
0.279650,0,0,0,0,0,0
0.281200,0,0,0,0,0,0
0.282672,0,0,0,0,0,0
0.284210,0,0,0,0,0,0
0.285768,0,0,0,0,0,0
0.287328,0,0,0,0,0,0
0.288929,0,0,0,0,0,0
0.290532,0,0,0,0,0,0
0.292090,0,0,0,0,0,0
0.293646,0,0,0,0,0,0
0.295233,0,0,0,0,0,0
0.296790,0,0,0,0,0,0
0.298392,0,0,0,0,0,0
0.299951,0,0,0,0,0,0
0.301508,0,0,0,0,0,0
0.303163,0,0,0,0,0,0
0.304720,0,0,0,0,0,0
0.306335,0,0,0,0,0,0
0.307892,0,0,0,0,0,0
0.309329,0,0,0,0,0,0
0.310864,0,0,0,0,0,0
0.312424,0,0,0,0,0,0
0.313984,0,0,0,0,0,0
0.315583,0,0,0,0,0,0
0.317134,0,0,0,0,0,0
0.318693,0,0,0,0,0,0
0.320251,0,0,0,0,0,0
0.321807,0,0,0,0,0,0
0.323432,0,0,0,0,0,0
0.324834,0,0,0,0,0,0
0.326361,0,0,0,0,0,0
0.327932,0,0,0,0,0,0
0.329489,0,0,0,0,0,0
0.331110,0,0,0,0,0,0
0.332668,0,0,0,0,0,0
0.334229,0,0,0,0,0,0
0.335787,0,0,0,0,0,0
0.337344,0,0,0,0,0,0
0.338960,0,0,0,0,0,0
0.340521,0,0,0,0,0,0
0.342080,0,0,0,0,0,0
0.343640,0,0,0,0,0,0
0.345196,0,0,0,0,0,0
0.346799,0,0,0,0,0,0
0.348359,0,0,0,0,0,0
0.349932,0,0,0,0,0,0
0.351491,0,0,0,0,0,0
0.353048,0,0,0,0,0,0
0.354652,0,0,0,0,0,0
0.356211,0,0,0,0,0,0
0.357769,0,0,0,0,0,0
0.359327,0,0,0,0,0,0
0.360897,0,0,0,0,0,0
0.362500,0,0,0,0,0,0
0.364084,0,0,0,0,0,0
0.365526,0,0,0,0,0,0
0.367037,0,0,0,0,0,0
0.368438,0,0,0,0,0,0
0.369839,0,0,0,0,0,0
0.371248,0,0,0,0,0,0
0.372646,0,0,0,0,0,0
0.374166,0,0,0,0,0,0
0.375727,0,0,0,0,0,0
0.377286,0,0,0,0,0,0
0.378890,0,0,0,0,0,0
0.380451,0,0,0,0,0,0
0.382027,0,0,0,0,0,0
0.383578,0,0,0,0,0,0
0.385129,0,0,0,0,0,0
0.386600,0,0,0,0,0,0
0.388131,0,0,0,0,0,0
0.389689,0,0,0,0,0,0
0.391255,0,0,0,0,0,0
0.392827,0,0,0,0,0,0
0.394432,0,0,0,0,0,0
0.395994,0,0,0,0,0,0
0.397553,0,0,0,0,0,0
0.399117,0,0,0,0,0,0
0.400676,0,0,0,0,0,0
0.402283,0,0,0,0,0,0
0.403855,0,0,0,0,0,0
0.405415,0,0,0,0,0,0
0.406976,0,0,0,0,0,0
0.408536,0,0,0,0,0,0
0.410098,0,0,0,0,0,0
0.411703,0,0,0,0,0,0
0.413262,0,0,0,0,0,0
0.414836,0,0,0,0,0,0
0.416396,0,0,0,0,0,0
0.417958,0,0,0,0,0,0
0.419562,0,0,0,0,0,0
0.421121,0,0,0,0,0,0
0.422682,0,0,0,0,0,0
0.424242,0,0,0,0,0,0
0.425896,0,0,0,0,0,0
0.427437,0,0,0,0,0,0
0.428840,0,0,0,0,0,0
0.430368,0,0,0,0,0,0
0.431929,0,0,0,0,0,0
0.433487,0,0,0,0,0,0
0.435110,0,0,0,0,0,0
0.436682,0,0,0,0,0,0
0.438244,0,0,0,0,0,0
0.439804,0,0,0,0,0,0
0.441363,0,0,0,0,0,0
0.442967,0,0,0,0,0,0
0.444527,0,0,0,0,0,0
0.446088,0,0,0,0,0,0
0.447655,0,0,0,0,0,0
0.449205,0,0,0,0,0,0
0.450675,0,0,0,0,0,0
0.452204,0,0,0,0,0,0
0.453762,0,0,0,0,0,0
0.455325,0,0,0,0,0,0
0.456882,0,0,0,0,0,0
0.458499,0,0,0,0,0,0
0.460058,0,0,0,0,0,0
0.461616,0,0,0,0,0,0
0.463178,0,0,0,0,0,0
0.464735,0,0,0,0,0,0
0.466339,0,0,0,0,0,0
0.467898,0,0,0,0,0,0
0.469469,0,0,0,0,0,0
0.471101,0,0,0,0,0,0
0.472660,0,0,0,0,0,0
0.474221,0,0,0,0,0,0
0.475779,0,0,0,0,0,0
0.477335,0,0,0,0,0,0
0.478892,0,0,0,0,0,0
0.480343,0,0,0,0,0,0
0.481876,0,0,0,0,0,0
0.483436,0,0,0,0,0,0
0.484881,0,0,0,0,0,0
0.486308,0,0,0,0,0,0
0.487708,0,0,0,0,0,0
0.489101,0,0,0,0,0,0
0.490548,0,0,0,0,0,0
0.491950,0,0,0,0,0,0
0.493346,0,0,0,0,0,0
0.494744,0,0,0,0,0,0
0.496140,0,0,0,0,0,0
0.497536,0,0,0,0,0,0
0.498987,0,0,0,0,0,0
0.500511,0,0,0,0,0,0
0.502086,0,0,0,0,0,0
0.503645,0,0,0,0,0,0
0.505204,0,0,0,0,0,0
0.506807,0,0,0,0,0,0
0.508364,0,0,0,0,0,0
0.509809,0,0,0,0,0,0
0.511442,0,0,0,0,0,0
0.513001,0,0,0,0,0,0
0.514475,0,0,0,0,0,0
0.516041,0,0,0,0,0,0
0.517600,0,0,0,0,0,0
0.519164,0,0,0,0,0,0
0.520722,0,0,0,0,0,0
0.522325,0,0,0,0,0,0
0.523898,0,0,0,0,0,0
0.525471,0,0,0,0,0,0
0.527096,0,0,0,0,0,0
0.528656,0,0,0,0,0,0
0.530218,0,0,0,0,0,0
0.531779,0,0,0,0,0,0
0.533338,0,0,0,0,0,0
0.534913,0,0,0,0,0,0
0.536474,0,0,0,0,0,0
0.538036,0,0,0,0,0,0
0.539598,0,0,0,0,0,0
0.541157,0,0,0,0,0,0
0.542718,0,0,0,0,0,0
0.544279,0,0,0,0,0,0
0.545856,0,0,0,0,0,0
0.547416,0,0,0,0,0,0
0.548974,0,0,0,0,0,0
0.550538,0,0,0,0,0,0
0.552098,0,0,0,0,0,0
0.553657,0,0,0,0,0,0
0.555192,0,0,0,0,0,0
0.556603,0,0,0,0,0,0
0.558134,0,0,0,0,0,0
0.559693,0,0,0,0,0,0
0.561252,0,0,0,0,0,0
0.562856,0,0,0,0,0,0
0.564418,0,0,0,0,0,0
0.565980,0,0,0,0,0,0
0.567554,0,0,0,0,0,0
0.569113,0,0,0,0,0,0
0.570718,0,0,0,0,0,0
0.572280,0,0,0,0,0,0
0.573905,0,0,0,0,0,0
0.575531,0,0,0,0,0,0
0.577090,0,0,0,0,0,0
0.578705,0,0,0,0,0,0
0.580268,0,0,0,0,0,0
0.581892,0,0,0,0,0,0
0.583406,0,0,0,0,0,0
0.584965,0,0,0,0,0,0
0.586571,0,0,0,0,0,0
0.588133,0,0,0,0,0,0
0.589705,0,0,0,0,0,0
0.591301,0,0,0,0,0,0
0.592851,0,0,0,0,0,0
0.594324,0,0,0,0,0,0
0.595901,0,0,0,0,0,0
0.597462,0,0,0,0,0,0
0.599073,0,0,0,0,0,0
0.600646,0,0,0,0,0,0
0.602208,0,0,0,0,0,0
0.603769,0,0,0,0,0,0
0.605328,0,0,0,0,0,0
0.606888,0,0,0,0,0,0
0.608448,0,0,0,0,0,0
0.610010,0,0,0,0,0,0
0.611629,0,0,0,0,0,0
0.613188,0,0,0,0,0,0
0.614748,0,0,0,0,0,0
0.616308,0,0,0,0,0,0
0.617871,0,0,0,0,0,0
0.619432,0,0,0,0,0,0
0.620989,0,0,0,0,0,0
0.622566,0,0,0,0,0,0
0.624127,0,0,0,0,0,0
0.625686,0,0,0,0,0,0
0.627252,0,0,0,0,0,0
0.628812,0,0,0,0,0,0
0.630374,0,0,0,0,0,0
0.631935,0,0,0,0,0,0
0.633507,0,0,0,0,0,0
0.635030,0,0,0,0,0,0
0.636559,0,0,0,0,0,0
0.638121,0,0,0,0,0,0
0.639673,0,0,0,0,0,0
0.641224,0,0,0,0,0,0
0.642698,0,0,0,0,0,0
0.644389,0,0,0,0,0,0
0.645831,0,0,0,0,0,0
0.647239,0,0,0,0,0,0
0.648638,0,0,0,0,0,0
0.650039,0,0,0,0,0,0
0.651485,0,0,0,0,0,0
0.652882,0,0,0,0,0,0
0.654476,0,0,0,0,0,0
0.656035,0,0,0,0,0,0
0.657598,0,0,0,0,0,0
0.659163,0,0,0,0,0,0
0.660722,0,0,0,0,0,0
0.662286,0,0,0,0,0,0
0.663846,0,0,0,0,0,0
0.665419,0,0,0,0,0,0
0.667023,0,0,0,0,0,0
0.668583,0,0,0,0,0,0
0.670145,0,0,0,0,0,0
0.671705,0,0,0,0,0,0
0.673264,0,0,0,0,0,0
0.674869,0,0,0,0,0,0
0.676444,0,0,0,0,0,0
0.678004,0,0,0,0,0,0
0.679564,0,0,0,0,0,0
0.681123,0,0,0,0,0,0
0.682726,0,0,0,0,0,0
0.684287,0,0,0,0,0,0
0.685849,0,0,0,0,0,0
0.687424,0,0,0,0,0,0
0.688982,0,0,0,0,0,0
0.690587,0,0,0,0,0,0
0.692149,0,0,0,0,0,0
0.693707,0,0,0,0,0,0
0.695266,0,0,0,0,0,0
0.696817,0,0,0,0,0,0
0.698288,0,0,0,0,0,0
0.699752,0,0,0,0,0,0
0.701151,0,0,0,0,0,0
0.702550,0,0,0,0,0,0
0.703946,0,0,0,0,0,0
0.705428,0,0,0,0,0,0
0.708440,0,0,0,0,0,0
0.709923,0,0,0,0,0,0
0.711342,0,0,0,0,0,0
0.712741,0,0,0,0,0,0
0.714137,0,0,0,0,0,0
0.715569,0,0,0,0,0,0
0.716960,0,0,0,0,0,0
0.718351,0,0,0,0,0,0
0.719844,0,0,0,0,0,0
0.721245,0,0,0,0,0,0
0.722673,0,0,0,0,0,0
0.724070,0,0,0,0,0,0
0.725463,0,0,0,0,0,0
0.726857,0,0,0,0,0,0
0.728380,0,0,0,0,0,0
0.729942,0,0,0,0,0,0
0.731561,0,0,0,0,0,0
0.733122,0,0,0,0,0,0
0.734682,0,0,0,0,0,0
0.736243,0,0,0,0,0,0
0.737802,0,0,0,0,0,0
0.739474,0,0,0,0,0,0
0.740878,0,0,0,0,0,0
0.742416,0,0,0,0,0,0
0.743977,0,0,0,0,0,0
0.745536,0,0,0,0,0,0
0.747101,0,0,0,0,0,0
0.748660,0,0,0,0,0,0
0.750220,0,0,0,0,0,0
0.751780,0,0,0,0,0,0
0.753352,0,0,0,0,0,0
0.754955,0,0,0,0,0,0
0.756515,0,0,0,0,0,0
0.758084,0,0,0,0,0,0
0.759646,0,0,0,0,0,0
0.761205,0,0,0,0,0,0
0.762809,0,0,0,0,0,0
0.764384,0,0,0,0,0,0
0.765947,0,0,0,0,0,0
0.767508,0,0,0,0,0,0
0.769068,0,0,0,0,0,0
0.770673,0,0,0,0,0,0
0.772233,0,0,0,0,0,0
0.773792,0,0,0,0,0,0
0.775412,0,0,0,0,0,0
0.776971,0,0,0,0,0,0
0.778576,0,0,0,0,0,0
0.780138,0,0,0,0,0,0
0.781697,0,0,0,0,0,0
0.783263,0,0,0,0,0,0
0.784821,0,0,0,0,0,0
0.786315,0,0,0,0,0,0
0.787848,0,0,0,0,0,0
0.789407,0,0,0,0,0,0
0.790968,0,0,0,0,0,0
0.792530,0,0,0,0,0,0
0.794093,0,0,0,0,0,0
0.795698,0,0,0,0,0,0
0.797278,0,0,0,0,0,0
0.798840,0,0,0,0,0,0
0.800393,0,0,0,0,0,0
0.802054,0,0,0,0,0,0
0.803505,0,0,0,0,0,0
0.804908,0,0,0,0,0,0
0.806437,0,0,0,0,0,0
0.807893,0,0,0,0,0,0
0.809427,0,0,0,0,0,0
0.811033,0,0,0,0,0,0
0.812595,0,0,0,0,0,0
0.814158,0,0,0,0,0,0
0.815718,0,0,0,0,0,0
0.817277,0,0,0,0,0,0
0.818766,0,0,0,0,0,0
0.820300,0,0,0,0,0,0
0.821863,0,0,0,0,0,0
0.823424,0,0,0,0,0,0
0.824984,0,0,0,0,0,0
0.826591,0,0,0,0,0,0
0.828153,0,0,0,0,0,0
0.829728,0,0,0,0,0,0
0.831295,0,0,0,0,0,0
0.832855,0,0,0,0,0,0
0.834461,0,0,0,0,0,0
0.836023,0,0,0,0,0,0
0.837584,0,0,0,0,0,0
0.839150,0,0,0,0,0,0
0.840725,0,0,0,0,0,0
0.842331,0,0,0,0,0,0
0.843893,0,0,0,0,0,0
0.845454,0,0,0,0,0,0
0.846888,0,0,0,0,0,0
0.848420,0,0,0,0,0,0
0.849982,0,0,0,0,0,0
0.851604,0,0,0,0,0,0
0.853165,0,0,0,0,0,0
0.854726,0,0,0,0,0,0
0.856288,0,0,0,0,0,0
0.857851,0,0,0,0,0,0
0.859413,0,0,0,0,0,0
0.860974,0,0,0,0,0,0
0.862551,0,0,0,0,0,0
0.864112,0,0,0,0,0,0
0.865672,0,0,0,0,0,0
0.867240,0,0,0,0,0,0
0.868800,0,0,0,0,0,0
0.870362,0,0,0,0,0,0
0.871924,0,0,0,0,0,0
0.873375,0,0,0,0,0,0
0.874956,0,0,0,0,0,0
0.876523,0,0,0,0,0,0
0.878090,0,0,0,0,0,0
0.879654,0,0,0,0,0,0
0.881217,0,0,0,0,0,0
0.882824,0,0,0,0,0,0
0.884405,0,0,0,0,0,0
0.885972,0,0,0,0,0,0
0.887536,0,0,0,0,0,0
0.889099,0,0,0,0,0,0
0.890709,0,0,0,0,0,0
0.892275,0,0,0,0,0,0
0.893882,0,0,0,0,0,0
0.895452,0,0,0,0,0,0
0.897007,0,0,0,0,0,0
0.898461,0,0,0,0,0,0
0.899998,0,0,0,0,0,0
0.901561,0,0,0,0,0,0
0.903126,0,0,0,0,0,0
0.904682,0,0,0,0,0,0
0.906133,0,0,0,0,0,0
0.907710,0,0,0,0,0,0
0.909273,0,0,0,0,0,0
0.910711,0,0,0,0,0,0
0.912251,0,0,0,0,0,0
0.913882,0,0,0,0,0,0
0.915402,0,0,0,0,0,0
0.916979,0,0,0,0,0,0
0.918545,0,0,0,0,0,0
0.920111,0,0,0,0,0,0
0.921674,0,0,0,0,0,0
0.923244,0,0,0,0,0,0
0.924809,0,0,0,0,0,0
0.926375,0,0,0,0,0,0
0.927829,0,0,0,0,0,0
0.929364,0,0,0,0,0,0
0.930972,0,0,0,0,0,0
0.932538,0,0,0,0,0,0
0.934104,0,0,0,0,0,0
0.935670,0,0,0,0,0,0
0.937234,0,0,0,0,0,0
0.938856,0,0,0,0,0,0
0.940423,0,0,0,0,0,0
0.941989,0,0,0,0,0,0
0.943554,0,0,0,0,0,0
0.945118,0,0,0,0,0,0
0.946727,0,0,0,0,0,0
0.948294,0,0,0,0,0,0
0.949873,0,0,0,0,0,0
0.951439,0,0,0,0,0,0
0.953002,0,0,0,0,0,0
0.954614,0,0,0,0,0,0
0.956180,0,0,0,0,0,0
0.957744,0,0,0,0,0,0
0.959307,0,0,0,0,0,0
0.960876,0,0,0,0,0,0
0.962315,0,0,0,0,0,0
0.963728,0,0,0,0,0,0
0.965131,0,0,0,0,0,0
0.966535,0,0,0,0,0,0
0.967937,0,0,0,0,0,0
0.969337,0,0,0,0,0,0
0.970753,0,0,0,0,0,0
0.972282,0,0,0,0,0,0
0.973850,0,0,0,0,0,0
0.975577,0,0,0,0,0,0
0.977144,0,0,0,0,0,0
0.978753,0,0,0,0,0,0
0.980319,0,0,0,0,0,0
0.981901,0,0,0,0,0,0
0.983466,0,0,0,0,0,0
0.985030,0,0,0,0,0,0
0.986642,0,0,0,0,0,0
0.988208,0,0,0,0,0,0
0.989771,0,0,0,0,0,0
0.991383,0,0,0,0,0,0
0.992960,0,0,0,0,0,0
0.994571,0,0,0,0,0,0
0.996136,0,0,0,0,0,0
0.997699,0,0,0,0,0,0
0.999269,0,0,0,0,0,0
1.000832,0,0,0,0,0,0
1.002444,0,0,0,0,0,0
1.004024,0,0,0,0,0,0
1.005588,0,0,0,0,0,0
1.007153,0,0,0,0,0,0
1.008709,0,0,0,0,0,0
1.010144,0,0,0,0,0,0
1.011721,0,0,0,0,0,0
1.013284,0,0,0,0,0,0
1.014863,0,0,0,0,0,0
1.016428,0,0,0,0,0,0
1.017995,0,0,0,0,0,0
1.019606,0,0,0,0,0,0
1.021170,0,0,0,0,0,0
1.022735,0,0,0,0,0,0
1.024292,0,0,0,0,0,0
1.025917,0,0,0,0,0,0
1.027351,0,0,0,0,0,0
1.028791,0,0,0,0,0,0
1.030324,0,0,0,0,0,0
1.031889,0,0,0,0,0,0
1.033453,0,0,0,0,0,0
1.034932,0,0,0,0,0,0
1.036479,0,0,0,0,0,0
1.038047,0,0,0,0,0,0
1.039612,0,0,0,0,0,0
1.041176,0,0,0,0,0,0
1.042784,0,0,0,0,0,0
1.044351,0,0,0,0,0,0
1.045918,0,0,0,0,0,0
1.047497,0,0,0,0,0,0
1.049059,0,0,0,0,0,0
1.050671,0,0,0,0,0,0
1.052236,0,0,0,0,0,0
1.053802,0,0,0,0,0,0
1.055393,0,0,0,0,0,0
1.056794,0,0,0,0,0,0
1.058203,0,0,0,0,0,0
1.059730,0,0,0,0,0,0
1.061290,0,0,0,0,0,0
1.062851,0,0,0,0,0,0
1.064412,0,0,0,0,0,0
1.065975,0,0,0,0,0,0
1.067580,0,0,0,0,0,0
1.069160,0,0,0,0,0,0
1.070721,0,0,0,0,0,0
1.072283,0,0,0,0,0,0
1.073845,0,0,0,0,0,0
1.075406,0,0,0,0,0,0
1.076967,0,0,0,0,0,0
1.078529,0,0,0,0,0,0
1.080102,0,0,0,0,0,0
1.081662,0,0,0,0,0,0
1.083249,0,0,0,0,0,0
1.084809,0,0,0,0,0,0
1.086373,0,0,0,0,0,0
1.087926,0,0,0,0,0,0
1.089478,0,0,0,0,0,0
1.091161,0,0,0,0,0,0
1.092693,0,0,0,0,0,0
1.094255,0,0,0,0,0,0
1.095816,0,0,0,0,0,0
1.097373,0,0,0,0,0,0
1.098976,0,0,0,0,0,0
1.100535,0,0,0,0,0,0
1.102111,0,0,0,0,0,0
1.103670,0,0,0,0,0,0
1.105228,0,0,0,0,0,0
1.106833,0,0,0,0,0,0
1.108394,0,0,0,0,0,0
1.109955,0,0,0,0,0,0
1.111389,0,0,0,0,0,0
1.112928,0,0,0,0,0,0
1.114402,0,0,0,0,0,0
1.115934,0,0,0,0,0,0
1.117495,0,0,0,0,0,0
1.119110,0,0,0,0,0,0
1.120670,0,0,0,0,0,0
1.122277,0,0,0,0,0,0
1.123854,0,0,0,0,0,0
1.125415,0,0,0,0,0,0
1.126976,0,0,0,0,0,0
1.128538,0,0,0,0,0,0
1.130102,0,0,0,0,0,0
1.131709,0,0,0,0,0,0
1.133269,0,0,0,0,0,0
1.134844,0,0,0,0,0,0
1.136406,0,0,0,0,0,0
1.137969,0,0,0,0,0,0
1.139573,0,0,0,0,0,0
1.141134,0,0,0,0,0,0
1.142695,0,0,0,0,0,0
1.144258,0,0,0,0,0,0
1.145709,0,0,0,0,0,0
1.147250,0,0,0,0,0,0
1.148814,0,0,0,0,0,0
1.150381,0,0,0,0,0,0
1.151938,0,0,0,0,0,0
1.153493,0,0,0,0,0,0
1.155172,0,0,0,0,0,0
1.156686,0,0,0,0,0,0
1.158153,0,0,0,0,0,0
1.159600,0,0,0,0,0,0
1.161059,0,0,0,0,0,0
1.162642,0,0,0,0,0,0
1.164555,0,0,0,0,0,0
1.165960,0,0,0,0,0,0
1.167372,0,0,0,0,0,0
1.168772,0,0,0,0,0,0
1.170175,0,0,0,0,0,0
1.171614,0,0,0,0,0,0
1.173014,0,0,0,0,0,0
1.174599,0,0,0,0,0,0
1.176165,0,0,0,0,0,0
1.177740,0,0,0,0,0,0
1.179312,0,0,0,0,0,0
1.180877,0,0,0,0,0,0
1.182444,0,0,0,0,0,0
1.184009,0,0,0,0,0,0
1.185573,0,0,0,0,0,0
1.187143,0,0,0,0,0,0
1.188721,0,0,0,0,0,0
1.190287,0,0,0,0,0,0
1.191852,0,0,0,0,0,0
1.193416,0,0,0,0,0,0
1.195027,0,0,0,0,0,0
1.196631,0,0,0,0,0,0
1.198198,0,0,0,0,0,0
1.199652,0,0,0,0,0,0
1.201186,0,0,0,0,0,0
1.202797,0,0,0,0,0,0
1.204364,0,0,0,0,0,0
1.205932,0,0,0,0,0,0
1.207497,0,0,0,0,0,0
1.209060,0,0,0,0,0,0
1.210684,0,0,0,0,0,0
1.212250,0,0,0,0,0,0
1.213813,0,0,0,0,0,0
1.215452,0,0,0,0,0,0
1.216852,0,0,0,0,0,0
1.218291,0,0,0,0,0,0
1.219818,0,0,0,0,0,0
1.221393,0,0,0,0,0,0
1.222956,0,0,0,0,0,0
1.224521,0,0,0,0,0,0
1.226086,0,0,0,0,0,0
1.227696,0,0,0,0,0,0
1.229257,0,0,0,0,0,0
1.230821,0,0,0,0,0,0
1.232397,0,0,0,0,0,0
1.233962,0,0,0,0,0,0
1.235571,0,0,0,0,0,0
1.237132,0,0,0,0,0,0
1.241913,0,0,0,0,0,0
1.243469,0,0,0,0,0,0
1.244885,0,0,0,0,0,0
1.246243,0,0,0,0,0,0
1.247599,0,0,0,0,0,0
1.248952,0,0,0,0,0,0
1.250322,0,0,0,0,0,0
1.251750,0,0,0,0,0,0
1.253153,0,0,0,0,0,0
1.254568,0,0,0,0,0,0
1.255969,0,0,0,0,0,0
1.257369,0,0,0,0,0,0
1.258944,0,0,0,0,0,0
1.260508,0,0,0,0,0,0
1.262073,0,0,0,0,0,0
1.263638,0,0,0,0,0,0
1.265213,0,0,0,0,0,0
1.266821,0,0,0,0,0,0
1.268385,0,0,0,0,0,0
1.269950,0,0,0,0,0,0
1.271513,0,0,0,0,0,0
1.273073,0,0,0,0,0,0
1.274683,0,0,0,0,0,0
1.276261,0,0,0,0,0,0
1.277905,0,0,0,0,0,0
1.279458,0,0,0,0,0,0
1.280862,0,0,0,0,0,0
1.282438,0,0,0,0,0,0
1.284002,0,0,0,0,0,0
1.285565,0,0,0,0,0,0
1.287146,0,0,0,0,0,0
1.288708,0,0,0,0,0,0
1.290318,0,0,0,0,0,0
1.291881,0,0,0,0,0,0
1.293443,0,0,0,0,0,0
1.295006,0,0,0,0,0,0
1.296570,0,0,0,0,0,0
1.298149,0,0,0,0,0,0
1.299758,0,0,0,0,0,0
1.301320,0,0,0,0,0,0
1.302883,0,0,0,0,0,0
1.304447,0,0,0,0,0,0
1.306013,0,0,0,0,0,0
1.307621,0,0,0,0,0,0
1.309196,0,0,0,0,0,0
1.310760,0,0,0,0,0,0
1.312222,0,0,0,0,0,0
1.313762,0,0,0,0,0,0
1.315334,0,0,0,0,0,0
1.316897,0,0,0,0,0,0
1.318464,0,0,0,0,0,0
1.320036,0,0,0,0,0,0
1.321591,0,0,0,0,0,0
1.323100,0,0,0,0,0,0
1.324634,0,0,0,0,0,0
1.326199,0,0,0,0,0,0
1.327640,0,0,0,0,0,0
1.329177,0,0,0,0,0,0
1.330627,0,0,0,0,0,0
1.332037,0,0,0,0,0,0
1.333453,0,0,0,0,0,0
1.334920,0,0,0,0,0,0
1.336324,0,0,0,0,0,0
1.337733,0,0,0,0,0,0
1.339180,0,0,0,0,0,0
1.340583,0,0,0,0,0,0
1.342002,0,0,0,0,0,0
1.343403,0,0,0,0,0,0
1.344933,0,0,0,0,0,0
1.346887,0,0,0,0,0,0
1.348844,0,0,0,0,0,0
1.350256,0,0,0,0,0,0
1.351654,0,0,0,0,0,0
1.353061,0,0,0,0,0,0
1.354497,0,0,0,0,0,0
1.355898,0,0,0,0,0,0
1.357442,0,0,0,0,0,0
1.358888,0,0,0,0,0,0
1.360324,0,0,0,0,0,0
1.361729,0,0,0,0,0,0
1.363150,0,0,0,0,0,0
1.364553,0,0,0,0,0,0
1.365957,0,0,0,0,0,0
1.367358,0,0,0,0,0,0
1.368888,0,0,0,0,0,0
1.370500,0,0,0,0,0,0
1.372067,0,0,0,0,0,0
1.373645,0,0,0,0,0,0
1.375192,0,0,0,0,0,0
1.376599,0,0,0,0,0,0
1.378133,0,0,0,0,0,0
1.379744,0,0,0,0,0,0
1.381310,0,0,0,0,0,0
1.382875,0,0,0,0,0,0
1.384455,0,0,0,0,0,0
1.386022,0,0,0,0,0,0
1.387634,0,0,0,0,0,0
1.389199,0,0,0,0,0,0
1.390765,0,0,0,0,0,0
1.392331,0,0,0,0,0,0
1.393899,0,0,0,0,0,0
1.395520,0,0,0,0,0,0
1.397085,0,0,0,0,0,0
1.398652,0,0,0,0,0,0
1.400218,0,0,0,0,0,0
1.401782,0,0,0,0,0,0
1.403394,0,0,0,0,0,0
1.404959,0,0,0,0,0,0
1.406540,0,0,0,0,0,0
1.408106,0,0,0,0,0,0
1.409671,0,0,0,0,0,0
1.411252,0,0,0,0,0,0
1.412816,0,0,0,0,0,0
1.414384,0,0,0,0,0,0
1.415949,0,0,0,0,0,0
1.417404,0,0,0,0,0,0
1.419037,0,0,0,0,0,0
1.420650,0,0,0,0,0,0
1.422263,0,0,0,0,0,0
1.423867,0,0,0,0,0,0
1.425468,0,0,0,0,0,0
1.427106,0,0,0,0,0,0
1.428697,0,0,0,0,0,0
1.430313,0,0,0,0,0,0
1.431925,0,0,0,0,0,0
1.433534,0,0,0,0,0,0
1.435152,0,0,0,0,0,0
1.436763,0,0,0,0,0,0
1.438377,0,0,0,0,0,0
1.440003,0,0,0,0,0,0
1.441615,0,0,0,0,0,0
1.443233,0,0,0,0,0,0
1.444844,0,0,0,0,0,0
1.446458,0,0,0,0,0,0
1.448070,0,0,0,0,0,0
1.449681,0,0,0,0,0,0
1.451314,0,0,0,0,0,0
1.452924,0,0,0,0,0,0
1.454539,0,0,0,0,0,0
1.456151,0,0,0,0,0,0
1.457760,0,0,0,0,0,0
1.459378,0,0,0,0,0,0
1.460989,0,0,0,0,0,0
1.462618,0,0,0,0,0,0
1.464231,0,0,0,0,0,0
1.465844,0,0,0,0,0,0
1.467457,0,0,0,0,0,0
1.469067,0,0,0,0,0,0
1.470681,0,0,0,0,0,0
1.472284,0,0,0,0,0,0
1.474029,0,0,0,0,0,0
1.475570,0,0,0,0,0,0
1.477150,0,0,0,0,0,0
1.478761,0,0,0,0,0,0
1.480372,0,0,0,0,0,0
1.481985,0,0,0,0,0,0
1.483647,0,0,0,0,0,0
1.485270,0,0,0,0,0,0
1.486880,0,0,0,0,0,0
1.488492,0,0,0,0,0,0
1.490105,0,0,0,0,0,0
1.491767,0,0,0,0,0,0
1.493376,0,0,0,0,0,0
1.494988,0,0,0,0,0,0
1.496613,0,0,0,0,0,0
1.498276,0,0,0,0,0,0
1.499888,0,0,0,0,0,0
1.501498,0,0,0,0,0,0
1.503246,0,0,0,0,0,0
1.504855,0,0,0,0,0,0
1.506517,0,0,0,0,0,0
1.508142,0,0,0,0,0,0
1.509752,0,0,0,0,0,0
1.511364,0,0,0,0,0,0
1.512893,0,0,0,0,0,0
1.514398,0,0,0,0,0,0
1.515975,0,0,0,0,0,0
1.517584,0,0,0,0,0,0
1.519213,0,0,0,0,0,0
1.520821,0,0,0,0,0,0
1.522482,0,0,0,0,0,0
1.524090,0,0,0,0,0,0
1.525713,0,0,0,0,0,0
1.527335,0,0,0,0,0,0
1.528944,0,0,0,0,0,0
1.530622,0,0,0,0,0,0
1.532236,0,0,0,0,0,0
1.533849,0,0,0,0,0,0
1.535453,0,0,0,0,0,0
1.537056,0,0,0,0,0,0
1.538589,0,0,0,0,0,0
1.540382,0,0,0,0,0,0
1.541843,0,0,0,0,0,0
1.543285,0,0,0,0,0,0
1.544720,0,0,0,0,0,0
1.546159,0,0,0,0,0,0
1.547642,0,0,0,0,0,0
1.549277,0,0,0,0,0,0
1.550887,0,0,0,0,0,0
1.552512,0,0,0,0,0,0
1.554124,0,0,0,0,0,0
1.555785,0,0,0,0,0,0
1.557394,0,0,0,0,0,0
1.559004,0,0,0,0,0,0
1.560616,0,0,0,0,0,0
1.562278,0,0,0,0,0,0
1.563773,0,0,0,0,0,0
1.565354,0,0,0,0,0,0
1.566965,0,0,0,0,0,0
1.568576,0,0,0,0,0,0
1.570189,0,0,0,0,0,0
1.571798,0,0,0,0,0,0
1.573408,0,0,0,0,0,0
1.575101,0,0,0,0,0,0
1.576712,0,0,0,0,0,0
1.578375,0,0,0,0,0,0
1.579986,0,0,0,0,0,0
1.581595,0,0,0,0,0,0
1.583209,0,0,0,0,0,0
1.584818,0,0,0,0,0,0
1.586364,0,0,0,0,0,0
1.587946,0,0,0,0,0,0
1.589557,0,0,0,0,0,0
1.591171,0,0,0,0,0,0
1.592779,0,0,0,0,0,0
1.594440,0,0,0,0,0,0
1.596050,0,0,0,0,0,0
1.597672,0,0,0,0,0,0
1.599288,0,0,0,0,0,0
1.600897,0,0,0,0,0,0
1.602558,0,0,0,0,0,0
1.604170,0,0,0,0,0,0
1.605779,0,0,0,0,0,0
1.607270,0,0,0,0,0,0
1.608756,0,0,0,0,0,0
1.610384,0,0,0,0,0,0
1.611994,0,0,0,0,0,0
1.613602,0,0,0,0,0,0
1.615216,0,0,0,0,0,0
1.616828,0,0,0,0,0,0
1.618488,0,0,0,0,0,0
1.620113,0,0,0,0,0,0
1.621722,0,0,0,0,0,0
1.623336,0,0,0,0,0,0
1.624945,0,0,0,0,0,0
1.626606,0,0,0,0,0,0
1.628215,0,0,0,0,0,0
1.629897,0,0,0,0,0,0
1.631587,0,0,0,0,0,0
1.633196,0,0,0,0,0,0
1.634855,0,0,0,0,0,0
1.636466,0,0,0,0,0,0
1.638078,0,0,0,0,0,0
1.639688,0,0,0,0,0,0
1.641297,0,0,0,0,0,0
1.642839,0,0,0,0,0,0
1.644420,0,0,0,0,0,0
1.646031,0,0,0,0,0,0
1.647640,0,0,0,0,0,0
1.650187,0,0,0,0,0,0
1.651638,0,0,0,0,0,0
1.653125,0,0,0,0,0,0
1.654573,0,0,0,0,0,0
1.656016,0,0,0,0,0,0
1.657457,0,0,0,0,0,0
1.659001,0,0,0,0,0,0
1.660443,0,0,0,0,0,0
1.662015,0,0,0,0,0,0
1.663638,0,0,0,0,0,0
1.665245,0,0,0,0,0,0
1.666771,0,0,0,0,0,0
1.668353,0,0,0,0,0,0
1.669965,0,0,0,0,0,0
1.671574,0,0,0,0,0,0
1.673183,0,0,0,0,0,0
1.674857,0,0,0,0,0,0
1.676468,0,0,0,0,0,0
1.678080,0,0,0,0,0,0
1.679690,0,0,0,0,0,0
1.681299,0,0,0,0,0,0
1.682960,0,0,0,0,0,0
1.684568,0,0,0,0,0,0
1.686188,0,0,0,0,0,0
1.687786,0,0,0,0,0,0
1.689345,0,0,0,0,0,0
1.690947,0,0,0,0,0,0
1.692508,0,0,0,0,0,0
1.694082,0,0,0,0,0,0
1.695643,0,0,0,0,0,0
1.697261,0,0,0,0,0,0
1.698913,0,0,0,0,0,0
1.700522,0,0,0,0,0,0
1.702132,0,0,0,0,0,0
1.703742,0,0,0,0,0,0
1.705352,0,0,0,0,0,0
1.707012,0,0,0,0,0,0
1.708636,0,0,0,0,0,0
1.710247,0,0,0,0,0,0
1.711854,0,0,0,0,0,0
1.713444,0,0,0,0,0,0
1.714899,0,0,0,0,0,0
1.716480,0,0,0,0,0,0
1.718094,0,0,0,0,0,0
1.719720,0,0,0,0,0,0
1.721331,0,0,0,0,0,0
1.722993,0,0,0,0,0,0
1.724606,0,0,0,0,0,0
1.726220,0,0,0,0,0,0
1.727833,0,0,0,0,0,0
1.729444,0,0,0,0,0,0
1.731013,0,0,0,0,0,0
1.732595,0,0,0,0,0,0
1.734210,0,0,0,0,0,0
1.735822,0,0,0,0,0,0
1.737432,0,0,0,0,0,0
1.739112,0,0,0,0,0,0
1.740726,0,0,0,0,0,0
1.742353,0,0,0,0,0,0
1.743966,0,0,0,0,0,0
1.745577,0,0,0,0,0,0
1.747195,0,0,0,0,0,0
1.748807,0,0,0,0,0,0
1.750419,0,0,0,0,0,0
1.752030,0,0,0,0,0,0
1.753524,0,0,0,0,0,0
1.755075,0,0,0,0,0,0
1.756655,0,0,0,0,0,0
1.758270,0,0,0,0,0,0
1.759882,0,0,0,0,0,0
1.761493,0,0,0,0,0,0
1.763204,0,0,0,0,0,0
1.764829,0,0,0,0,0,0
1.766443,0,0,0,0,0,0
1.768056,0,0,0,0,0,0
1.769666,0,0,0,0,0,0
1.771283,0,0,0,0,0,0
1.772892,0,0,0,0,0,0
1.774504,0,0,0,0,0,0
1.776131,0,0,0,0,0,0
1.777740,0,0,0,0,0,0
1.779357,0,0,0,0,0,0
1.780966,0,0,0,0,0,0
1.782578,0,0,0,0,0,0
1.784190,0,0,0,0,0,0
1.785799,0,0,0,0,0,0
1.787521,0,0,0,0,0,0
1.789130,0,0,0,0,0,0
1.790741,0,0,0,0,0,0
1.792352,0,0,0,0,0,0
1.793964,0,0,0,0,0,0
1.795624,0,0,0,0,0,0
1.797233,0,0,0,0,0,0
1.798857,0,0,0,0,0,0
1.800468,0,0,0,0,0,0
1.802081,0,0,0,0,0,0
1.803742,0,0,0,0,0,0
1.805351,0,0,0,0,0,0
1.806962,0,0,0,0,0,0
1.808573,0,0,0,0,0,0
1.810069,0,0,0,0,0,0
1.811698,0,0,0,0,0,0
1.813307,0,0,0,0,0,0
1.814919,0,0,0,0,0,0
1.816568,0,0,0,0,0,0
1.818180,0,0,0,0,0,0
1.819790,0,0,0,0,0,0
1.821412,0,0,0,0,0,0
1.822887,0,0,0,0,0,0
1.824337,0,0,0,0,0,0
1.825798,0,0,0,0,0,0
1.827287,0,0,0,0,0,0
1.828728,0,0,0,0,0,0
1.830171,0,0,0,0,0,0
1.831622,0,0,0,0,0,0
1.833208,0,0,0,0,0,0
1.834836,0,0,0,0,0,0
1.836804,0,0,0,0,0,0
1.838252,0,0,0,0,0,0
1.839690,0,0,0,0,0,0
1.841125,0,0,0,0,0,0
1.842927,0,0,0,0,0,0
1.844367,0,0,0,0,0,0
1.845801,0,0,0,0,0,0
1.847251,0,0,0,0,0,0
1.848687,0,0,0,0,0,0
1.850122,0,0,0,0,0,0
1.851738,0,0,0,0,0,0
1.853354,0,0,0,0,0,0
1.854827,0,0,0,0,0,0
1.856400,0,0,0,0,0,0
1.858118,0,0,0,0,0,0
1.859778,0,0,0,0,0,0
1.861388,0,0,0,0,0,0
1.862999,0,0,0,0,0,0
1.864493,0,0,0,0,0,0
1.866077,0,0,0,0,0,0
1.867739,0,0,0,0,0,0
1.869349,0,0,0,0,0,0
1.870961,0,0,0,0,0,0
1.872570,0,0,0,0,0,0
1.874211,0,0,0,0,0,0
1.875836,0,0,0,0,0,0
1.877446,0,0,0,0,0,0
1.879007,0,0,0,0,0,0
1.880586,0,0,0,0,0,0
1.882198,0,0,0,0,0,0
1.883808,0,0,0,0,0,0
1.885419,0,0,0,0,0,0
1.886979,0,0,0,0,0,0
1.888562,0,0,0,0,0,0
1.890173,0,0,0,0,0,0
1.891783,0,0,0,0,0,0
1.893393,0,0,0,0,0,0
1.895004,0,0,0,0,0,0
1.896615,0,0,0,0,0,0
1.898292,0,0,0,0,0,0
1.899902,0,0,0,0,0,0
1.901513,0,0,0,0,0,0
1.903232,0,0,0,0,0,0
1.904841,0,0,0,0,0,0
1.906504,0,0,0,0,0,0
1.908115,0,0,0,0,0,0
1.909740,0,0,0,0,0,0
1.911353,0,0,0,0,0,0
1.912928,0,0,0,0,0,0
1.914571,0,0,0,0,0,0
1.916183,0,0,0,0,0,0
1.917793,0,0,0,0,0,0
1.919286,0,0,0,0,0,0
1.920745,0,0,0,0,0,0
1.922377,0,0,0,0,0,0
1.923988,0,0,0,0,0,0
1.925599,0,0,0,0,0,0
1.927214,0,0,0,0,0,0
1.928826,0,0,0,0,0,0
1.930488,0,0,0,0,0,0
1.932116,0,0,0,0,0,0
1.933726,0,0,0,0,0,0
1.935341,0,0,0,0,0,0
1.936952,0,0,0,0,0,0
1.938615,0,0,0,0,0,0
1.940227,0,0,0,0,0,0
1.941911,0,0,0,0,0,0
1.943603,0,0,0,0,0,0
1.945214,0,0,0,0,0,0
1.946874,0,0,0,0,0,0
1.948485,0,0,0,0,0,0
1.950099,0,0,0,0,0,0
1.951711,0,0,0,0,0,0
1.953321,0,0,0,0,0,0
1.954860,0,0,0,0,0,0
1.956443,0,0,0,0,0,0
1.958057,0,0,0,0,0,0
1.959669,0,0,0,0,0,0
1.961278,0,0,0,0,0,0
1.962941,0,0,0,0,0,0
1.964552,0,0,0,0,0,0
1.966182,0,0,0,0,0,0
1.967795,0,0,0,0,0,0
1.969405,0,0,0,0,0,0
1.971065,0,0,0,0,0,0
1.972678,0,0,0,0,0,0
1.974290,0,0,0,0,0,0
1.975900,0,0,0,0,0,0
1.977398,0,0,0,0,0,0
1.978901,0,0,0,0,0,0
1.980574,0,0,0,0,0,0
1.982284,0,0,0,0,0,0
1.983984,0,0,0,0,0,0
1.985682,0,0,0,0,0,0
1.987365,0,0,0,0,0,0
1.988904,0,0,0,0,0,0
1.990431,0,0,0,0,0,0
1.991952,0,0,0,0,0,0
1.993471,0,0,0,0,0,0
1.995105,0,0,0,0,0,0
1.996776,0,0,0,0,0,0
1.998482,0,0,0,0,0,0
2.000207,0,0,0,0,0,0
