elapsed_s,TP_RESERVED_72,TP_RESERVED_73,TP_RESERVED_74,TP_RESERVED_75,TP_RESERVED_76,TP_RESERVED_77,TP_RESERVED_78,TP_RESERVED_79,TP_RESERVED_80,TP_RESERVED_81,TP_RESERVED_82,TP_RESERVED_83
0.001102,0,0,0,0,0,0,0,0,0,0,0,0
0.002783,0,0,0,0,0,0,0,0,0,0,0,0
0.004474,0,0,0,0,0,0,0,0,0,0,0,0
0.006086,0,0,0,0,0,0,0,0,0,0,0,0
0.007694,0,0,0,0,0,0,0,0,0,0,0,0
0.009411,0,0,0,0,0,0,0,0,0,0,0,0
0.011075,0,0,0,0,0,0,0,0,0,0,0,0
0.012934,0,0,0,0,0,0,0,0,0,0,0,0
0.014602,0,0,0,0,0,0,0,0,0,0,0,0
0.016542,0,0,0,0,0,0,0,0,0,0,0,0
0.018164,0,0,0,0,0,0,0,0,0,0,0,0
0.019792,0,0,0,0,0,0,0,0,0,0,0,0
0.021417,0,0,0,0,0,0,0,0,0,0,0,0
0.023149,0,0,0,0,0,0,0,0,0,0,0,0
0.024772,0,0,0,0,0,0,0,0,0,0,0,0
0.026346,0,0,0,0,0,0,0,0,0,0,0,0
0.028065,0,0,0,0,0,0,0,0,0,0,0,0
0.029673,0,0,0,0,0,0,0,0,0,0,0,0
0.031280,0,0,0,0,0,0,0,0,0,0,0,0
0.032864,0,0,0,0,0,0,0,0,0,0,0,0
0.034447,0,0,0,0,0,0,0,0,0,0,0,0
0.036157,0,0,0,0,0,0,0,0,0,0,0,0
0.037757,0,0,0,0,0,0,0,0,0,0,0,0
0.039586,0,0,0,0,0,0,0,0,0,0,0,0
0.041177,0,0,0,0,0,0,0,0,0,0,0,0
0.042770,0,0,0,0,0,0,0,0,0,0,0,0
0.044603,0,0,0,0,0,0,0,0,0,0,0,0
0.046206,0,0,0,0,0,0,0,0,0,0,0,0
0.047844,0,0,0,0,0,0,0,0,0,0,0,0
0.049312,0,0,0,0,0,0,0,0,0,0,0,0
0.050779,0,0,0,0,0,0,0,0,0,0,0,0
0.052302,0,0,0,0,0,0,0,0,0,0,0,0
0.053829,0,0,0,0,0,0,0,0,0,0,0,0
0.055348,0,0,0,0,0,0,0,0,0,0,0,0
0.056866,0,0,0,0,0,0,0,0,0,0,0,0
0.058385,0,0,0,0,0,0,0,0,0,0,0,0
0.059901,0,0,0,0,0,0,0,0,0,0,0,0
0.061440,0,0,0,0,0,0,0,0,0,0,0,0
0.062963,0,0,0,0,0,0,0,0,0,0,0,0
0.064442,0,0,0,0,0,0,0,0,0,0,0,0
0.065850,0,0,0,0,0,0,0,0,0,0,0,0
0.067263,0,0,0,0,0,0,0,0,0,0,0,0
0.068725,0,0,0,0,0,0,0,0,0,0,0,0
0.070130,0,0,0,0,0,0,0,0,0,0,0,0
0.071531,0,0,0,0,0,0,0,0,0,0,0,0
0.072923,0,0,0,0,0,0,0,0,0,0,0,0
0.074319,0,0,0,0,0,0,0,0,0,0,0,0
0.075725,0,0,0,0,0,0,0,0,0,0,0,0
0.077182,0,0,0,0,0,0,0,0,0,0,0,0
0.078471,0,0,0,0,0,0,0,0,0,0,0,0
0.079876,0,0,0,0,0,0,0,0,0,0,0,0
0.081364,0,0,0,0,0,0,0,0,0,0,0,0
0.082804,0,0,0,0,0,0,0,0,0,0,0,0
0.084292,0,0,0,0,0,0,0,0,0,0,0,0
0.085723,0,0,0,0,0,0,0,0,0,0,0,0
0.087229,0,0,0,0,0,0,0,0,0,0,0,0
0.089061,0,0,0,0,0,0,0,0,0,0,0,0
0.090462,0,0,0,0,0,0,0,0,0,0,0,0
0.091855,0,0,0,0,0,0,0,0,0,0,0,0
0.093302,0,0,0,0,0,0,0,0,0,0,0,0
0.094685,0,0,0,0,0,0,0,0,0,0,0,0
0.096130,0,0,0,0,0,0,0,0,0,0,0,0
0.097532,0,0,0,0,0,0,0,0,0,0,0,0
0.098921,0,0,0,0,0,0,0,0,0,0,0,0
0.100300,0,0,0,0,0,0,0,0,0,0,0,0
0.101680,0,0,0,0,0,0,0,0,0,0,0,0
0.103058,0,0,0,0,0,0,0,0,0,0,0,0
0.104434,0,0,0,0,0,0,0,0,0,0,0,0
0.105811,0,0,0,0,0,0,0,0,0,0,0,0
0.107189,0,0,0,0,0,0,0,0,0,0,0,0
0.108622,0,0,0,0,0,0,0,0,0,0,0,0
0.110000,0,0,0,0,0,0,0,0,0,0,0,0
0.111378,0,0,0,0,0,0,0,0,0,0,0,0
0.112788,0,0,0,0,0,0,0,0,0,0,0,0
0.114164,0,0,0,0,0,0,0,0,0,0,0,0
0.115572,0,0,0,0,0,0,0,0,0,0,0,0
0.117068,0,0,0,0,0,0,0,0,0,0,0,0
0.118524,0,0,0,0,0,0,0,0,0,0,0,0
0.119965,0,0,0,0,0,0,0,0,0,0,0,0
0.121392,0,0,0,0,0,0,0,0,0,0,0,0
0.122817,0,0,0,0,0,0,0,0,0,0,0,0
0.124271,0,0,0,0,0,0,0,0,0,0,0,0
0.125766,0,0,0,0,0,0,0,0,0,0,0,0
0.127202,0,0,0,0,0,0,0,0,0,0,0,0
0.128627,0,0,0,0,0,0,0,0,0,0,0,0
0.130064,0,0,0,0,0,0,0,0,0,0,0,0
0.131488,0,0,0,0,0,0,0,0,0,0,0,0
0.132913,0,0,0,0,0,0,0,0,0,0,0,0
0.134335,0,0,0,0,0,0,0,0,0,0,0,0
0.135760,0,0,0,0,0,0,0,0,0,0,0,0
0.137190,0,0,0,0,0,0,0,0,0,0,0,0
0.138749,0,0,0,0,0,0,0,0,0,0,0,0
0.140236,0,0,0,0,0,0,0,0,0,0,0,0
0.141714,0,0,0,0,0,0,0,0,0,0,0,0
0.143148,0,0,0,0,0,0,0,0,0,0,0,0
0.144579,0,0,0,0,0,0,0,0,0,0,0,0
0.146007,0,0,0,0,0,0,0,0,0,0,0,0
0.147438,0,0,0,0,0,0,0,0,0,0,0,0
0.148980,0,0,0,0,0,0,0,0,0,0,0,0
0.150586,0,0,0,0,0,0,0,0,0,0,0,0
0.152270,0,0,0,0,0,0,0,0,0,0,0,0
0.153865,0,0,0,0,0,0,0,0,0,0,0,0
0.155462,0,0,0,0,0,0,0,0,0,0,0,0
0.157103,0,0,0,0,0,0,0,0,0,0,0,0
0.158698,0,0,0,0,0,0,0,0,0,0,0,0
0.160299,0,0,0,0,0,0,0,0,0,0,0,0
0.161907,0,0,0,0,0,0,0,0,0,0,0,0
0.163505,0,0,0,0,0,0,0,0,0,0,0,0
0.165101,0,0,0,0,0,0,0,0,0,0,0,0
0.166695,0,0,0,0,0,0,0,0,0,0,0,0
0.168295,0,0,0,0,0,0,0,0,0,0,0,0
0.169889,0,0,0,0,0,0,0,0,0,0,0,0
0.171487,0,0,0,0,0,0,0,0,0,0,0,0
0.173140,0,0,0,0,0,0,0,0,0,0,0,0
0.174734,0,0,0,0,0,0,0,0,0,0,0,0
0.176332,0,0,0,0,0,0,0,0,0,0,0,0
0.177927,0,0,0,0,0,0,0,0,0,0,0,0
0.179524,0,0,0,0,0,0,0,0,0,0,0,0
0.181111,0,0,0,0,0,0,0,0,0,0,0,0
0.182695,0,0,0,0,0,0,0,0,0,0,0,0
0.184204,0,0,0,0,0,0,0,0,0,0,0,0
0.185706,0,0,0,0,0,0,0,0,0,0,0,0
0.187140,0,0,0,0,0,0,0,0,0,0,0,0
0.188668,0,0,0,0,0,0,0,0,0,0,0,0
0.190096,0,0,0,0,0,0,0,0,0,0,0,0
0.191568,0,0,0,0,0,0,0,0,0,0,0,0
0.192995,0,0,0,0,0,0,0,0,0,0,0,0
0.194562,0,0,0,0,0,0,0,0,0,0,0,0
0.196209,0,0,0,0,0,0,0,0,0,0,0,0
0.197799,0,0,0,0,0,0,0,0,0,0,0,0
0.199395,0,0,0,0,0,0,0,0,0,0,0,0
0.200988,0,0,0,0,0,0,0,0,0,0,0,0
0.202620,0,0,0,0,0,0,0,0,0,0,0,0
0.204185,0,0,0,0,0,0,0,0,0,0,0,0
0.205625,0,0,0,0,0,0,0,0,0,0,0,0
0.207008,0,0,0,0,0,0,0,0,0,0,0,0
0.208443,0,0,0,0,0,0,0,0,0,0,0,0
0.209844,0,0,0,0,0,0,0,0,0,0,0,0
0.211232,0,0,0,0,0,0,0,0,0,0,0,0
0.212665,0,0,0,0,0,0,0,0,0,0,0,0
0.214055,0,0,0,0,0,0,0,0,0,0,0,0
0.215484,0,0,0,0,0,0,0,0,0,0,0,0
0.216879,0,0,0,0,0,0,0,0,0,0,0,0
0.218259,0,0,0,0,0,0,0,0,0,0,0,0
0.219639,0,0,0,0,0,0,0,0,0,0,0,0
0.221069,0,0,0,0,0,0,0,0,0,0,0,0
0.222417,0,0,0,0,0,0,0,0,0,0,0,0
0.223812,0,0,0,0,0,0,0,0,0,0,0,0
0.225167,0,0,0,0,0,0,0,0,0,0,0,0
0.226517,0,0,0,0,0,0,0,0,0,0,0,0
0.227876,0,0,0,0,0,0,0,0,0,0,0,0
0.229226,0,0,0,0,0,0,0,0,0,0,0,0
0.230575,0,0,0,0,0,0,0,0,0,0,0,0
0.231924,0,0,0,0,0,0,0,0,0,0,0,0
0.233272,0,0,0,0,0,0,0,0,0,0,0,0
0.234621,0,0,0,0,0,0,0,0,0,0,0,0
0.236061,0,0,0,0,0,0,0,0,0,0,0,0
0.237451,0,0,0,0,0,0,0,0,0,0,0,0
0.238791,0,0,0,0,0,0,0,0,0,0,0,0
0.240129,0,0,0,0,0,0,0,0,0,0,0,0
0.241457,0,0,0,0,0,0,0,0,0,0,0,0
0.242785,0,0,0,0,0,0,0,0,0,0,0,0
0.244171,0,0,0,0,0,0,0,0,0,0,0,0
0.245501,0,0,0,0,0,0,0,0,0,0,0,0
0.246828,0,0,0,0,0,0,0,0,0,0,0,0
0.248152,0,0,0,0,0,0,0,0,0,0,0,0
0.249490,0,0,0,0,0,0,0,0,0,0,0,0
0.250820,0,0,0,0,0,0,0,0,0,0,0,0
0.252235,0,0,0,0,0,0,0,0,0,0,0,0
0.253563,0,0,0,0,0,0,0,0,0,0,0,0
0.255003,0,0,0,0,0,0,0,0,0,0,0,0
0.256395,0,0,0,0,0,0,0,0,0,0,0,0
0.257786,0,0,0,0,0,0,0,0,0,0,0,0
0.259225,0,0,0,0,0,0,0,0,0,0,0,0
0.260618,0,0,0,0,0,0,0,0,0,0,0,0
0.262065,0,0,0,0,0,0,0,0,0,0,0,0
0.263520,0,0,0,0,0,0,0,0,0,0,0,0
0.264926,0,0,0,0,0,0,0,0,0,0,0,0
0.266318,0,0,0,0,0,0,0,0,0,0,0,0
0.267712,0,0,0,0,0,0,0,0,0,0,0,0
0.269126,0,0,0,0,0,0,0,0,0,0,0,0
0.270518,0,0,0,0,0,0,0,0,0,0,0,0
0.271943,0,0,0,0,0,0,0,0,0,0,0,0
0.273321,0,0,0,0,0,0,0,0,0,0,0,0
0.274706,0,0,0,0,0,0,0,0,0,0,0,0
0.276124,0,0,0,0,0,0,0,0,0,0,0,0
0.277908,0,0,0,0,0,0,0,0,0,0,0,0
0.279310,0,0,0,0,0,0,0,0,0,0,0,0
0.280706,0,0,0,0,0,0,0,0,0,0,0,0
0.282116,0,0,0,0,0,0,0,0,0,0,0,0
0.283503,0,0,0,0,0,0,0,0,0,0,0,0
0.284909,0,0,0,0,0,0,0,0,0,0,0,0
0.286371,0,0,0,0,0,0,0,0,0,0,0,0
0.288466,0,0,0,0,0,0,0,0,0,0,0,0
0.289903,0,0,0,0,0,0,0,0,0,0,0,0
0.291335,0,0,0,0,0,0,0,0,0,0,0,0
0.292782,0,0,0,0,0,0,0,0,0,0,0,0
0.294214,0,0,0,0,0,0,0,0,0,0,0,0
0.296167,0,0,0,0,0,0,0,0,0,0,0,0
0.297646,0,0,0,0,0,0,0,0,0,0,0,0
0.299183,0,0,0,0,0,0,0,0,0,0,0,0
0.301200,0,0,0,0,0,0,0,0,0,0,0,0
0.302991,0,0,0,0,0,0,0,0,0,0,0,0
0.304882,0,0,0,0,0,0,0,0,0,0,0,0
0.306306,0,0,0,0,0,0,0,0,0,0,0,0
0.307729,0,0,0,0,0,0,0,0,0,0,0,0
0.309150,0,0,0,0,0,0,0,0,0,0,0,0
0.310571,0,0,0,0,0,0,0,0,0,0,0,0
0.312102,0,0,0,0,0,0,0,0,0,0,0,0
0.313594,0,0,0,0,0,0,0,0,0,0,0,0
0.315155,0,0,0,0,0,0,0,0,0,0,0,0
0.317481,0,0,0,0,0,0,0,0,0,0,0,0
0.318905,0,0,0,0,0,0,0,0,0,0,0,0
0.320682,0,0,0,0,0,0,0,0,0,0,0,0
0.322105,0,0,0,0,0,0,0,0,0,0,0,0
0.323528,0,0,0,0,0,0,0,0,0,0,0,0
0.324962,0,0,0,0,0,0,0,0,0,0,0,0
0.326384,0,0,0,0,0,0,0,0,0,0,0,0
0.327807,0,0,0,0,0,0,0,0,0,0,0,0
0.329358,0,0,0,0,0,0,0,0,0,0,0,0
0.331089,0,0,0,0,0,0,0,0,0,0,0,0
0.332599,0,0,0,0,0,0,0,0,0,0,0,0
0.334033,0,0,0,0,0,0,0,0,0,0,0,0
0.335476,0,0,0,0,0,0,0,0,0,0,0,0
0.336907,0,0,0,0,0,0,0,0,0,0,0,0
0.338335,0,0,0,0,0,0,0,0,0,0,0,0
0.339764,0,0,0,0,0,0,0,0,0,0,0,0
0.341191,0,0,0,0,0,0,0,0,0,0,0,0
0.342619,0,0,0,0,0,0,0,0,0,0,0,0
0.344221,0,0,0,0,0,0,0,0,0,0,0,0
0.345699,0,0,0,0,0,0,0,0,0,0,0,0
0.347137,0,0,0,0,0,0,0,0,0,0,0,0
0.348612,0,0,0,0,0,0,0,0,0,0,0,0
0.350042,0,0,0,0,0,0,0,0,0,0,0,0
0.351472,0,0,0,0,0,0,0,0,0,0,0,0
0.352900,0,0,0,0,0,0,0,0,0,0,0,0
0.354441,0,0,0,0,0,0,0,0,0,0,0,0
0.355918,0,0,0,0,0,0,0,0,0,0,0,0
0.357481,0,0,0,0,0,0,0,0,0,0,0,0
0.359076,0,0,0,0,0,0,0,0,0,0,0,0
0.360670,0,0,0,0,0,0,0,0,0,0,0,0
0.362261,0,0,0,0,0,0,0,0,0,0,0,0
0.363855,0,0,0,0,0,0,0,0,0,0,0,0
0.365450,0,0,0,0,0,0,0,0,0,0,0,0
0.367058,0,0,0,0,0,0,0,0,0,0,0,0
0.368523,0,0,0,0,0,0,0,0,0,0,0,0
0.370087,0,0,0,0,0,0,0,0,0,0,0,0
0.371685,0,0,0,0,0,0,0,0,0,0,0,0
0.373282,0,0,0,0,0,0,0,0,0,0,0,0
0.375011,0,0,0,0,0,0,0,0,0,0,0,0
0.376584,0,0,0,0,0,0,0,0,0,0,0,0
0.378156,0,0,0,0,0,0,0,0,0,0,0,0
0.379752,0,0,0,0,0,0,0,0,0,0,0,0
0.381350,0,0,0,0,0,0,0,0,0,0,0,0
0.382948,0,0,0,0,0,0,0,0,0,0,0,0
0.384544,0,0,0,0,0,0,0,0,0,0,0,0
0.386140,0,0,0,0,0,0,0,0,0,0,0,0
0.387738,0,0,0,0,0,0,0,0,0,0,0,0
0.389348,0,0,0,0,0,0,0,0,0,0,0,0
0.390946,0,0,0,0,0,0,0,0,0,0,0,0
0.392543,0,0,0,0,0,0,0,0,0,0,0,0
0.394138,0,0,0,0,0,0,0,0,0,0,0,0
0.395630,0,0,0,0,0,0,0,0,0,0,0,0
0.397265,0,0,0,0,0,0,0,0,0,0,0,0
0.398860,0,0,0,0,0,0,0,0,0,0,0,0
0.400373,0,0,0,0,0,0,0,0,0,0,0,0
0.401844,0,0,0,0,0,0,0,0,0,0,0,0
0.403240,0,0,0,0,0,0,0,0,0,0,0,0
0.404625,0,0,0,0,0,0,0,0,0,0,0,0
0.406004,0,0,0,0,0,0,0,0,0,0,0,0
0.407432,0,0,0,0,0,0,0,0,0,0,0,0
0.408812,0,0,0,0,0,0,0,0,0,0,0,0
0.410191,0,0,0,0,0,0,0,0,0,0,0,0
0.411591,0,0,0,0,0,0,0,0,0,0,0,0
0.413022,0,0,0,0,0,0,0,0,0,0,0,0
0.414370,0,0,0,0,0,0,0,0,0,0,0,0
0.415780,0,0,0,0,0,0,0,0,0,0,0,0
0.417196,0,0,0,0,0,0,0,0,0,0,0,0
0.418592,0,0,0,0,0,0,0,0,0,0,0,0
0.420061,0,0,0,0,0,0,0,0,0,0,0,0
0.421456,0,0,0,0,0,0,0,0,0,0,0,0
0.422859,0,0,0,0,0,0,0,0,0,0,0,0
0.424278,0,0,0,0,0,0,0,0,0,0,0,0
0.425673,0,0,0,0,0,0,0,0,0,0,0,0
0.427056,0,0,0,0,0,0,0,0,0,0,0,0
0.428493,0,0,0,0,0,0,0,0,0,0,0,0
0.429870,0,0,0,0,0,0,0,0,0,0,0,0
0.431247,0,0,0,0,0,0,0,0,0,0,0,0
0.432624,0,0,0,0,0,0,0,0,0,0,0,0
0.434006,0,0,0,0,0,0,0,0,0,0,0,0
0.435382,0,0,0,0,0,0,0,0,0,0,0,0
0.436760,0,0,0,0,0,0,0,0,0,0,0,0
0.438137,0,0,0,0,0,0,0,0,0,0,0,0
0.439514,0,0,0,0,0,0,0,0,0,0,0,0
0.440894,0,0,0,0,0,0,0,0,0,0,0,0
0.442272,0,0,0,0,0,0,0,0,0,0,0,0
0.443649,0,0,0,0,0,0,0,0,0,0,0,0
0.445062,0,0,0,0,0,0,0,0,0,0,0,0
0.446504,0,0,0,0,0,0,0,0,0,0,0,0
0.447945,0,0,0,0,0,0,0,0,0,0,0,0
0.449387,0,0,0,0,0,0,0,0,0,0,0,0
0.450829,0,0,0,0,0,0,0,0,0,0,0,0
0.452164,0,0,0,0,0,0,0,0,0,0,0,0
0.453605,0,0,0,0,0,0,0,0,0,0,0,0
0.454938,0,0,0,0,0,0,0,0,0,0,0,0
0.456288,0,0,0,0,0,0,0,0,0,0,0,0
0.457739,0,0,0,0,0,0,0,0,0,0,0,0
0.459041,0,0,0,0,0,0,0,0,0,0,0,0
0.460327,0,0,0,0,0,0,0,0,0,0,0,0
0.461626,0,0,0,0,0,0,0,0,0,0,0,0
0.463070,0,0,0,0,0,0,0,0,0,0,0,0
0.464463,0,0,0,0,0,0,0,0,0,0,0,0
0.465747,0,0,0,0,0,0,0,0,0,0,0,0
0.467085,0,0,0,0,0,0,0,0,0,0,0,0
0.468476,0,0,0,0,0,0,0,0,0,0,0,0
0.469869,0,0,0,0,0,0,0,0,0,0,0,0
0.471316,0,0,0,0,0,0,0,0,0,0,0,0
0.472716,0,0,0,0,0,0,0,0,0,0,0,0
0.474001,0,0,0,0,0,0,0,0,0,0,0,0
0.475285,0,0,0,0,0,0,0,0,0,0,0,0
0.476676,0,0,0,0,0,0,0,0,0,0,0,0
0.478070,0,0,0,0,0,0,0,0,0,0,0,0
0.479533,0,0,0,0,0,0,0,0,0,0,0,0
0.480915,0,0,0,0,0,0,0,0,0,0,0,0
0.482302,0,0,0,0,0,0,0,0,0,0,0,0
0.483567,0,0,0,0,0,0,0,0,0,0,0,0
0.485044,0,0,0,0,0,0,0,0,0,0,0,0
0.486429,0,0,0,0,0,0,0,0,0,0,0,0
0.487815,0,0,0,0,0,0,0,0,0,0,0,0
0.489272,0,0,0,0,0,0,0,0,0,0,0,0
0.490659,0,0,0,0,0,0,0,0,0,0,0,0
0.492056,0,0,0,0,0,0,0,0,0,0,0,0
0.493454,0,0,0,0,0,0,0,0,0,0,0,0
0.494902,0,0,0,0,0,0,0,0,0,0,0,0
0.496455,0,0,0,0,0,0,0,0,0,0,0,0
0.497879,0,0,0,0,0,0,0,0,0,0,0,0
0.499310,0,0,0,0,0,0,0,0,0,0,0,0
0.500781,0,0,0,0,0,0,0,0,0,0,0,0
0.502191,0,0,0,0,0,0,0,0,0,0,0,0
0.505818,0,0,0,0,0,0,0,0,0,0,0,0
0.508432,0,0,0,0,0,0,0,0,0,0,0,0
0.509937,0,0,0,0,0,0,0,0,0,0,0,0
0.511412,0,0,0,0,0,0,0,0,0,0,0,0
0.512839,0,0,0,0,0,0,0,0,0,0,0,0
0.514235,0,0,0,0,0,0,0,0,0,0,0,0
0.515617,0,0,0,0,0,0,0,0,0,0,0,0
0.517004,0,0,0,0,0,0,0,0,0,0,0,0
0.518388,0,0,0,0,0,0,0,0,0,0,0,0
0.519770,0,0,0,0,0,0,0,0,0,0,0,0
0.521174,0,0,0,0,0,0,0,0,0,0,0,0
0.522558,0,0,0,0,0,0,0,0,0,0,0,0
0.524005,0,0,0,0,0,0,0,0,0,0,0,0
0.525429,0,0,0,0,0,0,0,0,0,0,0,0
0.526810,0,0,0,0,0,0,0,0,0,0,0,0
0.528194,0,0,0,0,0,0,0,0,0,0,0,0
0.529576,0,0,0,0,0,0,0,0,0,0,0,0
0.530957,0,0,0,0,0,0,0,0,0,0,0,0
0.532352,0,0,0,0,0,0,0,0,0,0,0,0
0.533734,0,0,0,0,0,0,0,0,0,0,0,0
0.535162,0,0,0,0,0,0,0,0,0,0,0,0
0.536545,0,0,0,0,0,0,0,0,0,0,0,0
0.537927,0,0,0,0,0,0,0,0,0,0,0,0
0.539309,0,0,0,0,0,0,0,0,0,0,0,0
0.540707,0,0,0,0,0,0,0,0,0,0,0,0
0.542145,0,0,0,0,0,0,0,0,0,0,0,0
0.543582,0,0,0,0,0,0,0,0,0,0,0,0
0.545016,0,0,0,0,0,0,0,0,0,0,0,0
0.546446,0,0,0,0,0,0,0,0,0,0,0,0
0.547878,0,0,0,0,0,0,0,0,0,0,0,0
0.549308,0,0,0,0,0,0,0,0,0,0,0,0
0.550737,0,0,0,0,0,0,0,0,0,0,0,0
0.552299,0,0,0,0,0,0,0,0,0,0,0,0
0.553780,0,0,0,0,0,0,0,0,0,0,0,0
0.555267,0,0,0,0,0,0,0,0,0,0,0,0
0.556740,0,0,0,0,0,0,0,0,0,0,0,0
0.558165,0,0,0,0,0,0,0,0,0,0,0,0
0.559593,0,0,0,0,0,0,0,0,0,0,0,0
0.561023,0,0,0,0,0,0,0,0,0,0,0,0
0.562652,0,0,0,0,0,0,0,0,0,0,0,0
0.564263,0,0,0,0,0,0,0,0,0,0,0,0
0.565857,0,0,0,0,0,0,0,0,0,0,0,0
0.567454,0,0,0,0,0,0,0,0,0,0,0,0
0.569050,0,0,0,0,0,0,0,0,0,0,0,0
0.570643,0,0,0,0,0,0,0,0,0,0,0,0
0.572242,0,0,0,0,0,0,0,0,0,0,0,0
0.573879,0,0,0,0,0,0,0,0,0,0,0,0
0.575490,0,0,0,0,0,0,0,0,0,0,0,0
0.577085,0,0,0,0,0,0,0,0,0,0,0,0
0.578678,0,0,0,0,0,0,0,0,0,0,0,0
0.580284,0,0,0,0,0,0,0,0,0,0,0,0
0.581876,0,0,0,0,0,0,0,0,0,0,0,0
0.583473,0,0,0,0,0,0,0,0,0,0,0,0
0.585069,0,0,0,0,0,0,0,0,0,0,0,0
0.586674,0,0,0,0,0,0,0,0,0,0,0,0
0.588273,0,0,0,0,0,0,0,0,0,0,0,0
0.589912,0,0,0,0,0,0,0,0,0,0,0,0
0.591508,0,0,0,0,0,0,0,0,0,0,0,0
0.593100,0,0,0,0,0,0,0,0,0,0,0,0
0.595651,0,0,0,0,0,0,0,0,0,0,0,0
0.597133,0,0,0,0,0,0,0,0,0,0,0,0
0.598563,0,0,0,0,0,0,0,0,0,0,0,0
0.600166,0,0,0,0,0,0,0,0,0,0,0,0
0.601587,0,0,0,0,0,0,0,0,0,0,0,0
0.603008,0,0,0,0,0,0,0,0,0,0,0,0
0.604475,0,0,0,0,0,0,0,0,0,0,0,0
0.605895,0,0,0,0,0,0,0,0,0,0,0,0
0.607327,0,0,0,0,0,0,0,0,0,0,0,0
0.608749,0,0,0,0,0,0,0,0,0,0,0,0
0.610170,0,0,0,0,0,0,0,0,0,0,0,0
0.611596,0,0,0,0,0,0,0,0,0,0,0,0
0.613023,0,0,0,0,0,0,0,0,0,0,0,0
0.614447,0,0,0,0,0,0,0,0,0,0,0,0
0.615873,0,0,0,0,0,0,0,0,0,0,0,0
0.617294,0,0,0,0,0,0,0,0,0,0,0,0
0.618725,0,0,0,0,0,0,0,0,0,0,0,0
0.620180,0,0,0,0,0,0,0,0,0,0,0,0
0.621646,0,0,0,0,0,0,0,0,0,0,0,0
0.623072,0,0,0,0,0,0,0,0,0,0,0,0
0.624466,0,0,0,0,0,0,0,0,0,0,0,0
0.625859,0,0,0,0,0,0,0,0,0,0,0,0
0.627252,0,0,0,0,0,0,0,0,0,0,0,0
0.628645,0,0,0,0,0,0,0,0,0,0,0,0
0.630048,0,0,0,0,0,0,0,0,0,0,0,0
0.631442,0,0,0,0,0,0,0,0,0,0,0,0
0.632837,0,0,0,0,0,0,0,0,0,0,0,0
0.634231,0,0,0,0,0,0,0,0,0,0,0,0
0.635624,0,0,0,0,0,0,0,0,0,0,0,0
0.637058,0,0,0,0,0,0,0,0,0,0,0,0
0.638399,0,0,0,0,0,0,0,0,0,0,0,0
0.639840,0,0,0,0,0,0,0,0,0,0,0,0
0.641177,0,0,0,0,0,0,0,0,0,0,0,0
0.642620,0,0,0,0,0,0,0,0,0,0,0,0
0.643954,0,0,0,0,0,0,0,0,0,0,0,0
0.645395,0,0,0,0,0,0,0,0,0,0,0,0
0.646838,0,0,0,0,0,0,0,0,0,0,0,0
0.648172,0,0,0,0,0,0,0,0,0,0,0,0
0.649612,0,0,0,0,0,0,0,0,0,0,0,0
0.651055,0,0,0,0,0,0,0,0,0,0,0,0
0.652525,0,0,0,0,0,0,0,0,0,0,0,0
0.653928,0,0,0,0,0,0,0,0,0,0,0,0
0.655371,0,0,0,0,0,0,0,0,0,0,0,0
0.656762,0,0,0,0,0,0,0,0,0,0,0,0
0.658153,0,0,0,0,0,0,0,0,0,0,0,0
0.659593,0,0,0,0,0,0,0,0,0,0,0,0
0.660984,0,0,0,0,0,0,0,0,0,0,0,0
0.662375,0,0,0,0,0,0,0,0,0,0,0,0
0.663832,0,0,0,0,0,0,0,0,0,0,0,0
0.665007,0,0,0,0,0,0,0,0,0,0,0,0
0.666397,0,0,0,0,0,0,0,0,0,0,0,0
0.667837,0,0,0,0,0,0,0,0,0,0,0,0
0.669245,0,0,0,0,0,0,0,0,0,0,0,0
0.670635,0,0,0,0,0,0,0,0,0,0,0,0
0.672056,0,0,0,0,0,0,0,0,0,0,0,0
0.673442,0,0,0,0,0,0,0,0,0,0,0,0
0.674838,0,0,0,0,0,0,0,0,0,0,0,0
0.676226,0,0,0,0,0,0,0,0,0,0,0,0
0.677609,0,0,0,0,0,0,0,0,0,0,0,0
0.679008,0,0,0,0,0,0,0,0,0,0,0,0
0.680399,0,0,0,0,0,0,0,0,0,0,0,0
0.681787,0,0,0,0,0,0,0,0,0,0,0,0
0.683174,0,0,0,0,0,0,0,0,0,0,0,0
0.684583,0,0,0,0,0,0,0,0,0,0,0,0
0.686051,0,0,0,0,0,0,0,0,0,0,0,0
0.688489,0,0,0,0,0,0,0,0,0,0,0,0
0.689924,0,0,0,0,0,0,0,0,0,0,0,0
0.691351,0,0,0,0,0,0,0,0,0,0,0,0
0.692772,0,0,0,0,0,0,0,0,0,0,0,0
0.694196,0,0,0,0,0,0,0,0,0,0,0,0
0.695618,0,0,0,0,0,0,0,0,0,0,0,0
0.697080,0,0,0,0,0,0,0,0,0,0,0,0
0.698501,0,0,0,0,0,0,0,0,0,0,0,0
0.699932,0,0,0,0,0,0,0,0,0,0,0,0
0.701434,0,0,0,0,0,0,0,0,0,0,0,0
0.702856,0,0,0,0,0,0,0,0,0,0,0,0
0.704284,0,0,0,0,0,0,0,0,0,0,0,0
0.705707,0,0,0,0,0,0,0,0,0,0,0,0
0.707273,0,0,0,0,0,0,0,0,0,0,0,0
0.708695,0,0,0,0,0,0,0,0,0,0,0,0
0.710117,0,0,0,0,0,0,0,0,0,0,0,0
0.711540,0,0,0,0,0,0,0,0,0,0,0,0
0.712964,0,0,0,0,0,0,0,0,0,0,0,0
0.714388,0,0,0,0,0,0,0,0,0,0,0,0
0.715813,0,0,0,0,0,0,0,0,0,0,0,0
0.717253,0,0,0,0,0,0,0,0,0,0,0,0
0.718811,0,0,0,0,0,0,0,0,0,0,0,0
0.720412,0,0,0,0,0,0,0,0,0,0,0,0
0.722004,0,0,0,0,0,0,0,0,0,0,0,0
0.723598,0,0,0,0,0,0,0,0,0,0,0,0
0.725191,0,0,0,0,0,0,0,0,0,0,0,0
0.726784,0,0,0,0,0,0,0,0,0,0,0,0
0.728268,0,0,0,0,0,0,0,0,0,0,0,0
0.729739,0,0,0,0,0,0,0,0,0,0,0,0
0.731179,0,0,0,0,0,0,0,0,0,0,0,0
0.732653,0,0,0,0,0,0,0,0,0,0,0,0
0.734082,0,0,0,0,0,0,0,0,0,0,0,0
0.735512,0,0,0,0,0,0,0,0,0,0,0,0
0.736940,0,0,0,0,0,0,0,0,0,0,0,0
0.738656,0,0,0,0,0,0,0,0,0,0,0,0
0.740253,0,0,0,0,0,0,0,0,0,0,0,0
0.741845,0,0,0,0,0,0,0,0,0,0,0,0
0.743441,0,0,0,0,0,0,0,0,0,0,0,0
0.745035,0,0,0,0,0,0,0,0,0,0,0,0
0.746625,0,0,0,0,0,0,0,0,0,0,0,0
0.748182,0,0,0,0,0,0,0,0,0,0,0,0
0.749798,0,0,0,0,0,0,0,0,0,0,0,0
0.751392,0,0,0,0,0,0,0,0,0,0,0,0
0.752985,0,0,0,0,0,0,0,0,0,0,0,0
0.754576,0,0,0,0,0,0,0,0,0,0,0,0
0.756223,0,0,0,0,0,0,0,0,0,0,0,0
0.757815,0,0,0,0,0,0,0,0,0,0,0,0
0.759410,0,0,0,0,0,0,0,0,0,0,0,0
0.760890,0,0,0,0,0,0,0,0,0,0,0,0
0.762453,0,0,0,0,0,0,0,0,0,0,0,0
0.764047,0,0,0,0,0,0,0,0,0,0,0,0
0.765640,0,0,0,0,0,0,0,0,0,0,0,0
0.767236,0,0,0,0,0,0,0,0,0,0,0,0
0.768828,0,0,0,0,0,0,0,0,0,0,0,0
0.770416,0,0,0,0,0,0,0,0,0,0,0,0
0.773037,0,0,0,0,0,0,0,0,0,0,0,0
0.774489,0,0,0,0,0,0,0,0,0,0,0,0
0.775925,0,0,0,0,0,0,0,0,0,0,0,0
0.777357,0,0,0,0,0,0,0,0,0,0,0,0
0.778785,0,0,0,0,0,0,0,0,0,0,0,0
0.780215,0,0,0,0,0,0,0,0,0,0,0,0
0.781683,0,0,0,0,0,0,0,0,0,0,0,0
0.783137,0,0,0,0,0,0,0,0,0,0,0,0
0.784697,0,0,0,0,0,0,0,0,0,0,0,0
0.786346,0,0,0,0,0,0,0,0,0,0,0,0
0.787784,0,0,0,0,0,0,0,0,0,0,0,0
0.790199,0,0,0,0,0,0,0,0,0,0,0,0
0.791666,0,0,0,0,0,0,0,0,0,0,0,0
0.793096,0,0,0,0,0,0,0,0,0,0,0,0
0.794528,0,0,0,0,0,0,0,0,0,0,0,0
0.795951,0,0,0,0,0,0,0,0,0,0,0,0
0.797415,0,0,0,0,0,0,0,0,0,0,0,0
0.798837,0,0,0,0,0,0,0,0,0,0,0,0
0.800260,0,0,0,0,0,0,0,0,0,0,0,0
0.801681,0,0,0,0,0,0,0,0,0,0,0,0
0.803110,0,0,0,0,0,0,0,0,0,0,0,0
0.804543,0,0,0,0,0,0,0,0,0,0,0,0
0.805962,0,0,0,0,0,0,0,0,0,0,0,0
0.807385,0,0,0,0,0,0,0,0,0,0,0,0
0.808806,0,0,0,0,0,0,0,0,0,0,0,0
0.810227,0,0,0,0,0,0,0,0,0,0,0,0
0.811647,0,0,0,0,0,0,0,0,0,0,0,0
0.813116,0,0,0,0,0,0,0,0,0,0,0,0
0.814515,0,0,0,0,0,0,0,0,0,0,0,0
0.815921,0,0,0,0,0,0,0,0,0,0,0,0
0.817315,0,0,0,0,0,0,0,0,0,0,0,0
0.818708,0,0,0,0,0,0,0,0,0,0,0,0
0.820114,0,0,0,0,0,0,0,0,0,0,0,0
0.821506,0,0,0,0,0,0,0,0,0,0,0,0
0.822898,0,0,0,0,0,0,0,0,0,0,0,0
0.824321,0,0,0,0,0,0,0,0,0,0,0,0
0.825714,0,0,0,0,0,0,0,0,0,0,0,0
0.827113,0,0,0,0,0,0,0,0,0,0,0,0
0.828546,0,0,0,0,0,0,0,0,0,0,0,0
0.829923,0,0,0,0,0,0,0,0,0,0,0,0
0.831301,0,0,0,0,0,0,0,0,0,0,0,0
0.832677,0,0,0,0,0,0,0,0,0,0,0,0
0.834055,0,0,0,0,0,0,0,0,0,0,0,0
0.835434,0,0,0,0,0,0,0,0,0,0,0,0
0.836812,0,0,0,0,0,0,0,0,0,0,0,0
0.838192,0,0,0,0,0,0,0,0,0,0,0,0
0.839568,0,0,0,0,0,0,0,0,0,0,0,0
0.840944,0,0,0,0,0,0,0,0,0,0,0,0
0.842321,0,0,0,0,0,0,0,0,0,0,0,0
0.843697,0,0,0,0,0,0,0,0,0,0,0,0
0.845102,0,0,0,0,0,0,0,0,0,0,0,0
0.846544,0,0,0,0,0,0,0,0,0,0,0,0
0.848017,0,0,0,0,0,0,0,0,0,0,0,0
0.849463,0,0,0,0,0,0,0,0,0,0,0,0
0.850915,0,0,0,0,0,0,0,0,0,0,0,0
0.852356,0,0,0,0,0,0,0,0,0,0,0,0
0.853797,0,0,0,0,0,0,0,0,0,0,0,0
0.855242,0,0,0,0,0,0,0,0,0,0,0,0
0.856702,0,0,0,0,0,0,0,0,0,0,0,0
0.858108,0,0,0,0,0,0,0,0,0,0,0,0
0.859558,0,0,0,0,0,0,0,0,0,0,0,0
0.860950,0,0,0,0,0,0,0,0,0,0,0,0
0.862341,0,0,0,0,0,0,0,0,0,0,0,0
0.863782,0,0,0,0,0,0,0,0,0,0,0,0
0.865172,0,0,0,0,0,0,0,0,0,0,0,0
0.866562,0,0,0,0,0,0,0,0,0,0,0,0
0.868038,0,0,0,0,0,0,0,0,0,0,0,0
0.869430,0,0,0,0,0,0,0,0,0,0,0,0
0.870825,0,0,0,0,0,0,0,0,0,0,0,0
0.872226,0,0,0,0,0,0,0,0,0,0,0,0
0.873617,0,0,0,0,0,0,0,0,0,0,0,0
0.875010,0,0,0,0,0,0,0,0,0,0,0,0
0.876400,0,0,0,0,0,0,0,0,0,0,0,0
0.877697,0,0,0,0,0,0,0,0,0,0,0,0
0.879053,0,0,0,0,0,0,0,0,0,0,0,0
0.880433,0,0,0,0,0,0,0,0,0,0,0,0
0.881834,0,0,0,0,0,0,0,0,0,0,0,0
0.883079,0,0,0,0,0,0,0,0,0,0,0,0
0.884542,0,0,0,0,0,0,0,0,0,0,0,0
0.885978,0,0,0,0,0,0,0,0,0,0,0,0
0.887410,0,0,0,0,0,0,0,0,0,0,0,0
0.888840,0,0,0,0,0,0,0,0,0,0,0,0
0.890270,0,0,0,0,0,0,0,0,0,0,0,0
0.891723,0,0,0,0,0,0,0,0,0,0,0,0
0.893247,0,0,0,0,0,0,0,0,0,0,0,0
0.894856,0,0,0,0,0,0,0,0,0,0,0,0
0.896279,0,0,0,0,0,0,0,0,0,0,0,0
0.897702,0,0,0,0,0,0,0,0,0,0,0,0
0.899161,0,0,0,0,0,0,0,0,0,0,0,0
0.904185,0,0,0,0,0,0,0,0,0,0,0,0
0.905611,0,0,0,0,0,0,0,0,0,0,0,0
0.907039,0,0,0,0,0,0,0,0,0,0,0,0
0.908556,0,0,0,0,0,0,0,0,0,0,0,0
0.909980,0,0,0,0,0,0,0,0,0,0,0,0
0.911424,0,0,0,0,0,0,0,0,0,0,0,0
0.912845,0,0,0,0,0,0,0,0,0,0,0,0
0.914242,0,0,0,0,0,0,0,0,0,0,0,0
0.915626,0,0,0,0,0,0,0,0,0,0,0,0
0.917006,0,0,0,0,0,0,0,0,0,0,0,0
0.918385,0,0,0,0,0,0,0,0,0,0,0,0
0.919764,0,0,0,0,0,0,0,0,0,0,0,0
0.921214,0,0,0,0,0,0,0,0,0,0,0,0
0.922592,0,0,0,0,0,0,0,0,0,0,0,0
0.924094,0,0,0,0,0,0,0,0,0,0,0,0
0.925522,0,0,0,0,0,0,0,0,0,0,0,0
0.926899,0,0,0,0,0,0,0,0,0,0,0,0
0.928276,0,0,0,0,0,0,0,0,0,0,0,0
0.929654,0,0,0,0,0,0,0,0,0,0,0,0
0.931032,0,0,0,0,0,0,0,0,0,0,0,0
0.932411,0,0,0,0,0,0,0,0,0,0,0,0
0.933788,0,0,0,0,0,0,0,0,0,0,0,0
0.935167,0,0,0,0,0,0,0,0,0,0,0,0
0.936556,0,0,0,0,0,0,0,0,0,0,0,0
0.937933,0,0,0,0,0,0,0,0,0,0,0,0
0.939311,0,0,0,0,0,0,0,0,0,0,0,0
0.940822,0,0,0,0,0,0,0,0,0,0,0,0
0.942429,0,0,0,0,0,0,0,0,0,0,0,0
0.944023,0,0,0,0,0,0,0,0,0,0,0,0
0.945618,0,0,0,0,0,0,0,0,0,0,0,0
0.947229,0,0,0,0,0,0,0,0,0,0,0,0
0.948825,0,0,0,0,0,0,0,0,0,0,0,0
0.950418,0,0,0,0,0,0,0,0,0,0,0,0
0.952013,0,0,0,0,0,0,0,0,0,0,0,0
0.953607,0,0,0,0,0,0,0,0,0,0,0,0
0.955205,0,0,0,0,0,0,0,0,0,0,0,0
0.956844,0,0,0,0,0,0,0,0,0,0,0,0
0.958450,0,0,0,0,0,0,0,0,0,0,0,0
0.960045,0,0,0,0,0,0,0,0,0,0,0,0
0.961639,0,0,0,0,0,0,0,0,0,0,0,0
0.963388,0,0,0,0,0,0,0,0,0,0,0,0
0.964985,0,0,0,0,0,0,0,0,0,0,0,0
0.966579,0,0,0,0,0,0,0,0,0,0,0,0
0.968142,0,0,0,0,0,0,0,0,0,0,0,0
0.969713,0,0,0,0,0,0,0,0,0,0,0,0
0.971311,0,0,0,0,0,0,0,0,0,0,0,0
0.972950,0,0,0,0,0,0,0,0,0,0,0,0
0.974542,0,0,0,0,0,0,0,0,0,0,0,0
0.976190,0,0,0,0,0,0,0,0,0,0,0,0
0.977782,0,0,0,0,0,0,0,0,0,0,0,0
0.979379,0,0,0,0,0,0,0,0,0,0,0,0
0.980863,0,0,0,0,0,0,0,0,0,0,0,0
0.982426,0,0,0,0,0,0,0,0,0,0,0,0
0.984021,0,0,0,0,0,0,0,0,0,0,0,0
0.985491,0,0,0,0,0,0,0,0,0,0,0,0
0.987059,0,0,0,0,0,0,0,0,0,0,0,0
0.988700,0,0,0,0,0,0,0,0,0,0,0,0
0.990292,0,0,0,0,0,0,0,0,0,0,0,0
0.991774,0,0,0,0,0,0,0,0,0,0,0,0
0.993338,0,0,0,0,0,0,0,0,0,0,0,0
0.994989,0,0,0,0,0,0,0,0,0,0,0,0
0.996580,0,0,0,0,0,0,0,0,0,0,0,0
0.998172,0,0,0,0,0,0,0,0,0,0,0,0
0.999770,0,0,0,0,0,0,0,0,0,0,0,0
1.001364,0,0,0,0,0,0,0,0,0,0,0,0
1.002974,0,0,0,0,0,0,0,0,0,0,0,0
1.004614,0,0,0,0,0,0,0,0,0,0,0,0
1.006208,0,0,0,0,0,0,0,0,0,0,0,0
1.007803,0,0,0,0,0,0,0,0,0,0,0,0
1.009398,0,0,0,0,0,0,0,0,0,0,0,0
1.010993,0,0,0,0,0,0,0,0,0,0,0,0
1.012585,0,0,0,0,0,0,0,0,0,0,0,0
1.014190,0,0,0,0,0,0,0,0,0,0,0,0
1.015685,0,0,0,0,0,0,0,0,0,0,0,0
1.017128,0,0,0,0,0,0,0,0,0,0,0,0
1.018686,0,0,0,0,0,0,0,0,0,0,0,0
1.020284,0,0,0,0,0,0,0,0,0,0,0,0
1.021923,0,0,0,0,0,0,0,0,0,0,0,0
1.023520,0,0,0,0,0,0,0,0,0,0,0,0
1.025128,0,0,0,0,0,0,0,0,0,0,0,0
1.026720,0,0,0,0,0,0,0,0,0,0,0,0
1.028318,0,0,0,0,0,0,0,0,0,0,0,0
1.029911,0,0,0,0,0,0,0,0,0,0,0,0
1.031508,0,0,0,0,0,0,0,0,0,0,0,0
1.033103,0,0,0,0,0,0,0,0,0,0,0,0
1.034697,0,0,0,0,0,0,0,0,0,0,0,0
1.036307,0,0,0,0,0,0,0,0,0,0,0,0
1.037946,0,0,0,0,0,0,0,0,0,0,0,0
1.039415,0,0,0,0,0,0,0,0,0,0,0,0
1.040981,0,0,0,0,0,0,0,0,0,0,0,0
1.042576,0,0,0,0,0,0,0,0,0,0,0,0
1.044138,0,0,0,0,0,0,0,0,0,0,0,0
1.045703,0,0,0,0,0,0,0,0,0,0,0,0
1.047312,0,0,0,0,0,0,0,0,0,0,0,0
1.048910,0,0,0,0,0,0,0,0,0,0,0,0
1.050505,0,0,0,0,0,0,0,0,0,0,0,0
1.052100,0,0,0,0,0,0,0,0,0,0,0,0
1.053695,0,0,0,0,0,0,0,0,0,0,0,0
1.055293,0,0,0,0,0,0,0,0,0,0,0,0
1.056902,0,0,0,0,0,0,0,0,0,0,0,0
1.058511,0,0,0,0,0,0,0,0,0,0,0,0
1.059957,0,0,0,0,0,0,0,0,0,0,0,0
1.061390,0,0,0,0,0,0,0,0,0,0,0,0
1.062837,0,0,0,0,0,0,0,0,0,0,0,0
1.064272,0,0,0,0,0,0,0,0,0,0,0,0
1.065702,0,0,0,0,0,0,0,0,0,0,0,0
1.067260,0,0,0,0,0,0,0,0,0,0,0,0
1.068913,0,0,0,0,0,0,0,0,0,0,0,0
1.070508,0,0,0,0,0,0,0,0,0,0,0,0
1.072102,0,0,0,0,0,0,0,0,0,0,0,0
1.073697,0,0,0,0,0,0,0,0,0,0,0,0
1.075294,0,0,0,0,0,0,0,0,0,0,0,0
1.076891,0,0,0,0,0,0,0,0,0,0,0,0
1.078486,0,0,0,0,0,0,0,0,0,0,0,0
1.079966,0,0,0,0,0,0,0,0,0,0,0,0
1.081531,0,0,0,0,0,0,0,0,0,0,0,0
1.083130,0,0,0,0,0,0,0,0,0,0,0,0
1.084768,0,0,0,0,0,0,0,0,0,0,0,0
1.086363,0,0,0,0,0,0,0,0,0,0,0,0
1.087958,0,0,0,0,0,0,0,0,0,0,0,0
1.089552,0,0,0,0,0,0,0,0,0,0,0,0
1.091164,0,0,0,0,0,0,0,0,0,0,0,0
1.092760,0,0,0,0,0,0,0,0,0,0,0,0
1.094355,0,0,0,0,0,0,0,0,0,0,0,0
1.095951,0,0,0,0,0,0,0,0,0,0,0,0
1.097547,0,0,0,0,0,0,0,0,0,0,0,0
1.099145,0,0,0,0,0,0,0,0,0,0,0,0
1.100784,0,0,0,0,0,0,0,0,0,0,0,0
1.102393,0,0,0,0,0,0,0,0,0,0,0,0
1.103992,0,0,0,0,0,0,0,0,0,0,0,0
1.105588,0,0,0,0,0,0,0,0,0,0,0,0
1.107186,0,0,0,0,0,0,0,0,0,0,0,0
1.108783,0,0,0,0,0,0,0,0,0,0,0,0
1.110378,0,0,0,0,0,0,0,0,0,0,0,0
1.111975,0,0,0,0,0,0,0,0,0,0,0,0
1.113583,0,0,0,0,0,0,0,0,0,0,0,0
1.115182,0,0,0,0,0,0,0,0,0,0,0,0
1.116822,0,0,0,0,0,0,0,0,0,0,0,0
1.118452,0,0,0,0,0,0,0,0,0,0,0,0
1.120050,0,0,0,0,0,0,0,0,0,0,0,0
1.121647,0,0,0,0,0,0,0,0,0,0,0,0
1.123245,0,0,0,0,0,0,0,0,0,0,0,0
1.124855,0,0,0,0,0,0,0,0,0,0,0,0
1.127720,0,0,0,0,0,0,0,0,0,0,0,0
1.129301,0,0,0,0,0,0,0,0,0,0,0,0
1.130740,0,0,0,0,0,0,0,0,0,0,0,0
1.132176,0,0,0,0,0,0,0,0,0,0,0,0
1.133649,0,0,0,0,0,0,0,0,0,0,0,0
1.135091,0,0,0,0,0,0,0,0,0,0,0,0
1.136522,0,0,0,0,0,0,0,0,0,0,0,0
1.137952,0,0,0,0,0,0,0,0,0,0,0,0
1.139383,0,0,0,0,0,0,0,0,0,0,0,0
1.140806,0,0,0,0,0,0,0,0,0,0,0,0
1.142229,0,0,0,0,0,0,0,0,0,0,0,0
1.143653,0,0,0,0,0,0,0,0,0,0,0,0
1.145090,0,0,0,0,0,0,0,0,0,0,0,0
1.146517,0,0,0,0,0,0,0,0,0,0,0,0
1.147948,0,0,0,0,0,0,0,0,0,0,0,0
1.149411,0,0,0,0,0,0,0,0,0,0,0,0
1.150840,0,0,0,0,0,0,0,0,0,0,0,0
1.152269,0,0,0,0,0,0,0,0,0,0,0,0
1.153826,0,0,0,0,0,0,0,0,0,0,0,0
1.155437,0,0,0,0,0,0,0,0,0,0,0,0
1.157032,0,0,0,0,0,0,0,0,0,0,0,0
1.158624,0,0,0,0,0,0,0,0,0,0,0,0
1.160314,0,0,0,0,0,0,0,0,0,0,0,0
1.161906,0,0,0,0,0,0,0,0,0,0,0,0
1.163502,0,0,0,0,0,0,0,0,0,0,0,0
1.165140,0,0,0,0,0,0,0,0,0,0,0,0
1.166746,0,0,0,0,0,0,0,0,0,0,0,0
1.168253,0,0,0,0,0,0,0,0,0,0,0,0
1.169685,0,0,0,0,0,0,0,0,0,0,0,0
1.171245,0,0,0,0,0,0,0,0,0,0,0,0
1.172838,0,0,0,0,0,0,0,0,0,0,0,0
1.174431,0,0,0,0,0,0,0,0,0,0,0,0
1.176029,0,0,0,0,0,0,0,0,0,0,0,0
1.177638,0,0,0,0,0,0,0,0,0,0,0,0
1.179238,0,0,0,0,0,0,0,0,0,0,0,0
1.180879,0,0,0,0,0,0,0,0,0,0,0,0
1.182475,0,0,0,0,0,0,0,0,0,0,0,0
1.184072,0,0,0,0,0,0,0,0,0,0,0,0
1.185670,0,0,0,0,0,0,0,0,0,0,0,0
1.187270,0,0,0,0,0,0,0,0,0,0,0,0
1.188880,0,0,0,0,0,0,0,0,0,0,0,0
1.190477,0,0,0,0,0,0,0,0,0,0,0,0
1.192072,0,0,0,0,0,0,0,0,0,0,0,0
1.193669,0,0,0,0,0,0,0,0,0,0,0,0
1.195269,0,0,0,0,0,0,0,0,0,0,0,0
1.196910,0,0,0,0,0,0,0,0,0,0,0,0
1.198506,0,0,0,0,0,0,0,0,0,0,0,0
1.200059,0,0,0,0,0,0,0,0,0,0,0,0
1.201625,0,0,0,0,0,0,0,0,0,0,0,0
1.203224,0,0,0,0,0,0,0,0,0,0,0,0
1.204812,0,0,0,0,0,0,0,0,0,0,0,0
1.206398,0,0,0,0,0,0,0,0,0,0,0,0
1.207861,0,0,0,0,0,0,0,0,0,0,0,0
1.209490,0,0,0,0,0,0,0,0,0,0,0,0
1.211098,0,0,0,0,0,0,0,0,0,0,0,0
1.212734,0,0,0,0,0,0,0,0,0,0,0,0
1.214325,0,0,0,0,0,0,0,0,0,0,0,0
1.215793,0,0,0,0,0,0,0,0,0,0,0,0
1.217363,0,0,0,0,0,0,0,0,0,0,0,0
1.218959,0,0,0,0,0,0,0,0,0,0,0,0
1.220555,0,0,0,0,0,0,0,0,0,0,0,0
1.222160,0,0,0,0,0,0,0,0,0,0,0,0
1.223757,0,0,0,0,0,0,0,0,0,0,0,0
1.225352,0,0,0,0,0,0,0,0,0,0,0,0
1.226949,0,0,0,0,0,0,0,0,0,0,0,0
1.228587,0,0,0,0,0,0,0,0,0,0,0,0
1.230181,0,0,0,0,0,0,0,0,0,0,0,0
1.231777,0,0,0,0,0,0,0,0,0,0,0,0
1.233384,0,0,0,0,0,0,0,0,0,0,0,0
1.234981,0,0,0,0,0,0,0,0,0,0,0,0
1.236575,0,0,0,0,0,0,0,0,0,0,0,0
1.238168,0,0,0,0,0,0,0,0,0,0,0,0
1.239764,0,0,0,0,0,0,0,0,0,0,0,0
1.241360,0,0,0,0,0,0,0,0,0,0,0,0
1.242955,0,0,0,0,0,0,0,0,0,0,0,0
1.244605,0,0,0,0,0,0,0,0,0,0,0,0
1.246199,0,0,0,0,0,0,0,0,0,0,0,0
1.247794,0,0,0,0,0,0,0,0,0,0,0,0
1.249389,0,0,0,0,0,0,0,0,0,0,0,0
1.250986,0,0,0,0,0,0,0,0,0,0,0,0
1.252582,0,0,0,0,0,0,0,0,0,0,0,0
1.254176,0,0,0,0,0,0,0,0,0,0,0,0
1.255656,0,0,0,0,0,0,0,0,0,0,0,0
1.257221,0,0,0,0,0,0,0,0,0,0,0,0
1.258814,0,0,0,0,0,0,0,0,0,0,0,0
1.260413,0,0,0,0,0,0,0,0,0,0,0,0
1.262005,0,0,0,0,0,0,0,0,0,0,0,0
1.263602,0,0,0,0,0,0,0,0,0,0,0,0
1.265197,0,0,0,0,0,0,0,0,0,0,0,0
1.266804,0,0,0,0,0,0,0,0,0,0,0,0
1.268403,0,0,0,0,0,0,0,0,0,0,0,0
1.269997,0,0,0,0,0,0,0,0,0,0,0,0
1.271485,0,0,0,0,0,0,0,0,0,0,0,0
1.273315,0,0,0,0,0,0,0,0,0,0,0,0
1.274973,0,0,0,0,0,0,0,0,0,0,0,0
1.276608,0,0,0,0,0,0,0,0,0,0,0,0
1.278215,0,0,0,0,0,0,0,0,0,0,0,0
1.279810,0,0,0,0,0,0,0,0,0,0,0,0
1.281407,0,0,0,0,0,0,0,0,0,0,0,0
1.283003,0,0,0,0,0,0,0,0,0,0,0,0
1.284475,0,0,0,0,0,0,0,0,0,0,0,0
1.286042,0,0,0,0,0,0,0,0,0,0,0,0
1.287639,0,0,0,0,0,0,0,0,0,0,0,0
1.289246,0,0,0,0,0,0,0,0,0,0,0,0
1.290840,0,0,0,0,0,0,0,0,0,0,0,0
1.292438,0,0,0,0,0,0,0,0,0,0,0,0
1.294031,0,0,0,0,0,0,0,0,0,0,0,0
1.295628,0,0,0,0,0,0,0,0,0,0,0,0
1.297223,0,0,0,0,0,0,0,0,0,0,0,0
1.298815,0,0,0,0,0,0,0,0,0,0,0,0
1.300428,0,0,0,0,0,0,0,0,0,0,0,0
1.302023,0,0,0,0,0,0,0,0,0,0,0,0
1.303620,0,0,0,0,0,0,0,0,0,0,0,0
1.305215,0,0,0,0,0,0,0,0,0,0,0,0
1.306808,0,0,0,0,0,0,0,0,0,0,0,0
1.308281,0,0,0,0,0,0,0,0,0,0,0,0
1.309846,0,0,0,0,0,0,0,0,0,0,0,0
1.311459,0,0,0,0,0,0,0,0,0,0,0,0
1.313057,0,0,0,0,0,0,0,0,0,0,0,0
1.314687,0,0,0,0,0,0,0,0,0,0,0,0
1.316290,0,0,0,0,0,0,0,0,0,0,0,0
1.317886,0,0,0,0,0,0,0,0,0,0,0,0
1.319485,0,0,0,0,0,0,0,0,0,0,0,0
1.321083,0,0,0,0,0,0,0,0,0,0,0,0
1.322690,0,0,0,0,0,0,0,0,0,0,0,0
1.324291,0,0,0,0,0,0,0,0,0,0,0,0
1.325931,0,0,0,0,0,0,0,0,0,0,0,0
1.327530,0,0,0,0,0,0,0,0,0,0,0,0
1.329127,0,0,0,0,0,0,0,0,0,0,0,0
1.330723,0,0,0,0,0,0,0,0,0,0,0,0
1.332324,0,0,0,0,0,0,0,0,0,0,0,0
1.333932,0,0,0,0,0,0,0,0,0,0,0,0
1.335531,0,0,0,0,0,0,0,0,0,0,0,0
1.337129,0,0,0,0,0,0,0,0,0,0,0,0
1.338724,0,0,0,0,0,0,0,0,0,0,0,0
1.340323,0,0,0,0,0,0,0,0,0,0,0,0
1.341961,0,0,0,0,0,0,0,0,0,0,0,0
1.343558,0,0,0,0,0,0,0,0,0,0,0,0
1.345168,0,0,0,0,0,0,0,0,0,0,0,0
1.346762,0,0,0,0,0,0,0,0,0,0,0,0
1.348362,0,0,0,0,0,0,0,0,0,0,0,0
1.349954,0,0,0,0,0,0,0,0,0,0,0,0
1.351552,0,0,0,0,0,0,0,0,0,0,0,0
1.353148,0,0,0,0,0,0,0,0,0,0,0,0
1.354741,0,0,0,0,0,0,0,0,0,0,0,0
1.356309,0,0,0,0,0,0,0,0,0,0,0,0
1.357786,0,0,0,0,0,0,0,0,0,0,0,0
1.359350,0,0,0,0,0,0,0,0,0,0,0,0
1.360945,0,0,0,0,0,0,0,0,0,0,0,0
1.362538,0,0,0,0,0,0,0,0,0,0,0,0
1.364184,0,0,0,0,0,0,0,0,0,0,0,0
1.365781,0,0,0,0,0,0,0,0,0,0,0,0
1.367391,0,0,0,0,0,0,0,0,0,0,0,0
1.368987,0,0,0,0,0,0,0,0,0,0,0,0
1.370581,0,0,0,0,0,0,0,0,0,0,0,0
1.372262,0,0,0,0,0,0,0,0,0,0,0,0
1.373857,0,0,0,0,0,0,0,0,0,0,0,0
1.375454,0,0,0,0,0,0,0,0,0,0,0,0
1.377050,0,0,0,0,0,0,0,0,0,0,0,0
1.378657,0,0,0,0,0,0,0,0,0,0,0,0
1.380257,0,0,0,0,0,0,0,0,0,0,0,0
1.381850,0,0,0,0,0,0,0,0,0,0,0,0
1.383446,0,0,0,0,0,0,0,0,0,0,0,0
1.385042,0,0,0,0,0,0,0,0,0,0,0,0
1.386635,0,0,0,0,0,0,0,0,0,0,0,0
1.388233,0,0,0,0,0,0,0,0,0,0,0,0
1.389887,0,0,0,0,0,0,0,0,0,0,0,0
1.391485,0,0,0,0,0,0,0,0,0,0,0,0
1.393080,0,0,0,0,0,0,0,0,0,0,0,0
1.394673,0,0,0,0,0,0,0,0,0,0,0,0
1.396273,0,0,0,0,0,0,0,0,0,0,0,0
1.397866,0,0,0,0,0,0,0,0,0,0,0,0
1.399464,0,0,0,0,0,0,0,0,0,0,0,0
1.401072,0,0,0,0,0,0,0,0,0,0,0,0
1.402665,0,0,0,0,0,0,0,0,0,0,0,0
1.404264,0,0,0,0,0,0,0,0,0,0,0,0
1.405860,0,0,0,0,0,0,0,0,0,0,0,0
1.407457,0,0,0,0,0,0,0,0,0,0,0,0
1.409054,0,0,0,0,0,0,0,0,0,0,0,0
1.410648,0,0,0,0,0,0,0,0,0,0,0,0
1.412262,0,0,0,0,0,0,0,0,0,0,0,0
1.413855,0,0,0,0,0,0,0,0,0,0,0,0
1.415461,0,0,0,0,0,0,0,0,0,0,0,0
1.417021,0,0,0,0,0,0,0,0,0,0,0,0
1.418464,0,0,0,0,0,0,0,0,0,0,0,0
1.420027,0,0,0,0,0,0,0,0,0,0,0,0
1.421623,0,0,0,0,0,0,0,0,0,0,0,0
1.423233,0,0,0,0,0,0,0,0,0,0,0,0
1.424830,0,0,0,0,0,0,0,0,0,0,0,0
1.426423,0,0,0,0,0,0,0,0,0,0,0,0
1.428018,0,0,0,0,0,0,0,0,0,0,0,0
1.429613,0,0,0,0,0,0,0,0,0,0,0,0
1.431211,0,0,0,0,0,0,0,0,0,0,0,0
1.432806,0,0,0,0,0,0,0,0,0,0,0,0
1.434412,0,0,0,0,0,0,0,0,0,0,0,0
1.436007,0,0,0,0,0,0,0,0,0,0,0,0
1.437604,0,0,0,0,0,0,0,0,0,0,0,0
1.439201,0,0,0,0,0,0,0,0,0,0,0,0
1.440794,0,0,0,0,0,0,0,0,0,0,0,0
1.442259,0,0,0,0,0,0,0,0,0,0,0,0
1.443824,0,0,0,0,0,0,0,0,0,0,0,0
1.445435,0,0,0,0,0,0,0,0,0,0,0,0
1.447034,0,0,0,0,0,0,0,0,0,0,0,0
1.448631,0,0,0,0,0,0,0,0,0,0,0,0
1.450226,0,0,0,0,0,0,0,0,0,0,0,0
1.451822,0,0,0,0,0,0,0,0,0,0,0,0
1.453419,0,0,0,0,0,0,0,0,0,0,0,0
1.455017,0,0,0,0,0,0,0,0,0,0,0,0
1.456628,0,0,0,0,0,0,0,0,0,0,0,0
1.458223,0,0,0,0,0,0,0,0,0,0,0,0
1.459821,0,0,0,0,0,0,0,0,0,0,0,0
1.461417,0,0,0,0,0,0,0,0,0,0,0,0
1.463016,0,0,0,0,0,0,0,0,0,0,0,0
1.464613,0,0,0,0,0,0,0,0,0,0,0,0
1.466206,0,0,0,0,0,0,0,0,0,0,0,0
1.467815,0,0,0,0,0,0,0,0,0,0,0,0
1.469412,0,0,0,0,0,0,0,0,0,0,0,0
1.471011,0,0,0,0,0,0,0,0,0,0,0,0
1.472608,0,0,0,0,0,0,0,0,0,0,0,0
1.474202,0,0,0,0,0,0,0,0,0,0,0,0
1.475799,0,0,0,0,0,0,0,0,0,0,0,0
1.477395,0,0,0,0,0,0,0,0,0,0,0,0
1.479007,0,0,0,0,0,0,0,0,0,0,0,0
1.480603,0,0,0,0,0,0,0,0,0,0,0,0
1.482199,0,0,0,0,0,0,0,0,0,0,0,0
1.483796,0,0,0,0,0,0,0,0,0,0,0,0
1.485394,0,0,0,0,0,0,0,0,0,0,0,0
1.486994,0,0,0,0,0,0,0,0,0,0,0,0
1.488591,0,0,0,0,0,0,0,0,0,0,0,0
1.490200,0,0,0,0,0,0,0,0,0,0,0,0
1.491797,0,0,0,0,0,0,0,0,0,0,0,0
1.493384,0,0,0,0,0,0,0,0,0,0,0,0
1.495145,0,0,0,0,0,0,0,0,0,0,0,0
1.496719,0,0,0,0,0,0,0,0,0,0,0,0
1.498157,0,0,0,0,0,0,0,0,0,0,0,0
1.499591,0,0,0,0,0,0,0,0,0,0,0,0
1.501074,0,0,0,0,0,0,0,0,0,0,0,0
1.502505,0,0,0,0,0,0,0,0,0,0,0,0
1.503935,0,0,0,0,0,0,0,0,0,0,0,0
1.505494,0,0,0,0,0,0,0,0,0,0,0,0
1.507091,0,0,0,0,0,0,0,0,0,0,0,0
1.508687,0,0,0,0,0,0,0,0,0,0,0,0
1.510282,0,0,0,0,0,0,0,0,0,0,0,0
1.511927,0,0,0,0,0,0,0,0,0,0,0,0
1.513524,0,0,0,0,0,0,0,0,0,0,0,0
1.515122,0,0,0,0,0,0,0,0,0,0,0,0
1.516764,0,0,0,0,0,0,0,0,0,0,0,0
1.518360,0,0,0,0,0,0,0,0,0,0,0,0
1.519958,0,0,0,0,0,0,0,0,0,0,0,0
1.521554,0,0,0,0,0,0,0,0,0,0,0,0
1.523165,0,0,0,0,0,0,0,0,0,0,0,0
1.524751,0,0,0,0,0,0,0,0,0,0,0,0
1.526336,0,0,0,0,0,0,0,0,0,0,0,0
1.527798,0,0,0,0,0,0,0,0,0,0,0,0
1.529361,0,0,0,0,0,0,0,0,0,0,0,0
1.530958,0,0,0,0,0,0,0,0,0,0,0,0
1.532596,0,0,0,0,0,0,0,0,0,0,0,0
1.534078,0,0,0,0,0,0,0,0,0,0,0,0
1.535645,0,0,0,0,0,0,0,0,0,0,0,0
1.537242,0,0,0,0,0,0,0,0,0,0,0,0
1.538836,0,0,0,0,0,0,0,0,0,0,0,0
1.540436,0,0,0,0,0,0,0,0,0,0,0,0
1.542029,0,0,0,0,0,0,0,0,0,0,0,0
1.543624,0,0,0,0,0,0,0,0,0,0,0,0
1.545238,0,0,0,0,0,0,0,0,0,0,0,0
1.546832,0,0,0,0,0,0,0,0,0,0,0,0
1.548430,0,0,0,0,0,0,0,0,0,0,0,0
1.550024,0,0,0,0,0,0,0,0,0,0,0,0
1.551621,0,0,0,0,0,0,0,0,0,0,0,0
1.553218,0,0,0,0,0,0,0,0,0,0,0,0
1.554811,0,0,0,0,0,0,0,0,0,0,0,0
1.556425,0,0,0,0,0,0,0,0,0,0,0,0
1.558018,0,0,0,0,0,0,0,0,0,0,0,0
1.559616,0,0,0,0,0,0,0,0,0,0,0,0
1.561213,0,0,0,0,0,0,0,0,0,0,0,0
1.562807,0,0,0,0,0,0,0,0,0,0,0,0
1.564407,0,0,0,0,0,0,0,0,0,0,0,0
1.566002,0,0,0,0,0,0,0,0,0,0,0,0
1.567613,0,0,0,0,0,0,0,0,0,0,0,0
1.569208,0,0,0,0,0,0,0,0,0,0,0,0
1.570801,0,0,0,0,0,0,0,0,0,0,0,0
1.572403,0,0,0,0,0,0,0,0,0,0,0,0
1.573997,0,0,0,0,0,0,0,0,0,0,0,0
1.575595,0,0,0,0,0,0,0,0,0,0,0,0
1.577200,0,0,0,0,0,0,0,0,0,0,0,0
1.578807,0,0,0,0,0,0,0,0,0,0,0,0
1.580407,0,0,0,0,0,0,0,0,0,0,0,0
1.582001,0,0,0,0,0,0,0,0,0,0,0,0
1.583599,0,0,0,0,0,0,0,0,0,0,0,0
1.585195,0,0,0,0,0,0,0,0,0,0,0,0
1.586789,0,0,0,0,0,0,0,0,0,0,0,0
1.588391,0,0,0,0,0,0,0,0,0,0,0,0
1.589872,0,0,0,0,0,0,0,0,0,0,0,0
1.591440,0,0,0,0,0,0,0,0,0,0,0,0
1.593038,0,0,0,0,0,0,0,0,0,0,0,0
1.594631,0,0,0,0,0,0,0,0,0,0,0,0
1.596231,0,0,0,0,0,0,0,0,0,0,0,0
1.597870,0,0,0,0,0,0,0,0,0,0,0,0
1.599468,0,0,0,0,0,0,0,0,0,0,0,0
1.601079,0,0,0,0,0,0,0,0,0,0,0,0
1.602674,0,0,0,0,0,0,0,0,0,0,0,0
1.604274,0,0,0,0,0,0,0,0,0,0,0,0
1.605868,0,0,0,0,0,0,0,0,0,0,0,0
1.607466,0,0,0,0,0,0,0,0,0,0,0,0
1.609063,0,0,0,0,0,0,0,0,0,0,0,0
1.610659,0,0,0,0,0,0,0,0,0,0,0,0
1.612273,0,0,0,0,0,0,0,0,0,0,0,0
1.613915,0,0,0,0,0,0,0,0,0,0,0,0
1.615539,0,0,0,0,0,0,0,0,0,0,0,0
1.617012,0,0,0,0,0,0,0,0,0,0,0,0
1.618582,0,0,0,0,0,0,0,0,0,0,0,0
1.620277,0,0,0,0,0,0,0,0,0,0,0,0
1.621871,0,0,0,0,0,0,0,0,0,0,0,0
1.623480,0,0,0,0,0,0,0,0,0,0,0,0
1.625078,0,0,0,0,0,0,0,0,0,0,0,0
1.626619,0,0,0,0,0,0,0,0,0,0,0,0
1.628262,0,0,0,0,0,0,0,0,0,0,0,0
1.629859,0,0,0,0,0,0,0,0,0,0,0,0
1.631459,0,0,0,0,0,0,0,0,0,0,0,0
1.633056,0,0,0,0,0,0,0,0,0,0,0,0
1.635376,0,0,0,0,0,0,0,0,0,0,0,0
1.637115,0,0,0,0,0,0,0,0,0,0,0,0
1.639187,0,0,0,0,0,0,0,0,0,0,0,0
1.640673,0,0,0,0,0,0,0,0,0,0,0,0
1.642104,0,0,0,0,0,0,0,0,0,0,0,0
1.643533,0,0,0,0,0,0,0,0,0,0,0,0
1.645021,0,0,0,0,0,0,0,0,0,0,0,0
1.646452,0,0,0,0,0,0,0,0,0,0,0,0
1.647882,0,0,0,0,0,0,0,0,0,0,0,0
1.649313,0,0,0,0,0,0,0,0,0,0,0,0
1.650851,0,0,0,0,0,0,0,0,0,0,0,0
1.652277,0,0,0,0,0,0,0,0,0,0,0,0
1.653714,0,0,0,0,0,0,0,0,0,0,0,0
1.655159,0,0,0,0,0,0,0,0,0,0,0,0
1.656594,0,0,0,0,0,0,0,0,0,0,0,0
1.658028,0,0,0,0,0,0,0,0,0,0,0,0
1.659463,0,0,0,0,0,0,0,0,0,0,0,0
1.660938,0,0,0,0,0,0,0,0,0,0,0,0
1.662371,0,0,0,0,0,0,0,0,0,0,0,0
1.663907,0,0,0,0,0,0,0,0,0,0,0,0
1.665522,0,0,0,0,0,0,0,0,0,0,0,0
1.667124,0,0,0,0,0,0,0,0,0,0,0,0
1.668724,0,0,0,0,0,0,0,0,0,0,0,0
1.670322,0,0,0,0,0,0,0,0,0,0,0,0
1.671922,0,0,0,0,0,0,0,0,0,0,0,0
1.673522,0,0,0,0,0,0,0,0,0,0,0,0
1.675125,0,0,0,0,0,0,0,0,0,0,0,0
1.676782,0,0,0,0,0,0,0,0,0,0,0,0
1.678381,0,0,0,0,0,0,0,0,0,0,0,0
1.679981,0,0,0,0,0,0,0,0,0,0,0,0
1.681581,0,0,0,0,0,0,0,0,0,0,0,0
1.683184,0,0,0,0,0,0,0,0,0,0,0,0
1.684785,0,0,0,0,0,0,0,0,0,0,0,0
1.686383,0,0,0,0,0,0,0,0,0,0,0,0
1.687867,0,0,0,0,0,0,0,0,0,0,0,0
1.689436,0,0,0,0,0,0,0,0,0,0,0,0
1.691037,0,0,0,0,0,0,0,0,0,0,0,0
1.692682,0,0,0,0,0,0,0,0,0,0,0,0
1.694280,0,0,0,0,0,0,0,0,0,0,0,0
1.695880,0,0,0,0,0,0,0,0,0,0,0,0
1.697481,0,0,0,0,0,0,0,0,0,0,0,0
1.698971,0,0,0,0,0,0,0,0,0,0,0,0
1.700542,0,0,0,0,0,0,0,0,0,0,0,0
1.702139,0,0,0,0,0,0,0,0,0,0,0,0
1.703741,0,0,0,0,0,0,0,0,0,0,0,0
1.705342,0,0,0,0,0,0,0,0,0,0,0,0
1.706943,0,0,0,0,0,0,0,0,0,0,0,0
1.708583,0,0,0,0,0,0,0,0,0,0,0,0
1.710240,0,0,0,0,0,0,0,0,0,0,0,0
1.711843,0,0,0,0,0,0,0,0,0,0,0,0
1.713446,0,0,0,0,0,0,0,0,0,0,0,0
1.715050,0,0,0,0,0,0,0,0,0,0,0,0
1.716653,0,0,0,0,0,0,0,0,0,0,0,0
1.718244,0,0,0,0,0,0,0,0,0,0,0,0
1.719714,0,0,0,0,0,0,0,0,0,0,0,0
1.721330,0,0,0,0,0,0,0,0,0,0,0,0
1.722986,0,0,0,0,0,0,0,0,0,0,0,0
1.724629,0,0,0,0,0,0,0,0,0,0,0,0
1.726228,0,0,0,0,0,0,0,0,0,0,0,0
1.727829,0,0,0,0,0,0,0,0,0,0,0,0
1.729429,0,0,0,0,0,0,0,0,0,0,0,0
1.731032,0,0,0,0,0,0,0,0,0,0,0,0
1.732646,0,0,0,0,0,0,0,0,0,0,0,0
1.734246,0,0,0,0,0,0,0,0,0,0,0,0
1.735847,0,0,0,0,0,0,0,0,0,0,0,0
1.737448,0,0,0,0,0,0,0,0,0,0,0,0
1.739051,0,0,0,0,0,0,0,0,0,0,0,0
1.740697,0,0,0,0,0,0,0,0,0,0,0,0
1.742298,0,0,0,0,0,0,0,0,0,0,0,0
1.743913,0,0,0,0,0,0,0,0,0,0,0,0
1.745516,0,0,0,0,0,0,0,0,0,0,0,0
1.747118,0,0,0,0,0,0,0,0,0,0,0,0
1.748720,0,0,0,0,0,0,0,0,0,0,0,0
1.750320,0,0,0,0,0,0,0,0,0,0,0,0
1.751922,0,0,0,0,0,0,0,0,0,0,0,0
1.753523,0,0,0,0,0,0,0,0,0,0,0,0
1.755138,0,0,0,0,0,0,0,0,0,0,0,0
1.756784,0,0,0,0,0,0,0,0,0,0,0,0
1.758384,0,0,0,0,0,0,0,0,0,0,0,0
1.759985,0,0,0,0,0,0,0,0,0,0,0,0
1.761587,0,0,0,0,0,0,0,0,0,0,0,0
1.763189,0,0,0,0,0,0,0,0,0,0,0,0
1.764792,0,0,0,0,0,0,0,0,0,0,0,0
1.766405,0,0,0,0,0,0,0,0,0,0,0,0
1.768006,0,0,0,0,0,0,0,0,0,0,0,0
1.769608,0,0,0,0,0,0,0,0,0,0,0,0
1.771211,0,0,0,0,0,0,0,0,0,0,0,0
1.772858,0,0,0,0,0,0,0,0,0,0,0,0
1.774459,0,0,0,0,0,0,0,0,0,0,0,0
1.776060,0,0,0,0,0,0,0,0,0,0,0,0
1.777675,0,0,0,0,0,0,0,0,0,0,0,0
1.779278,0,0,0,0,0,0,0,0,0,0,0,0
1.780878,0,0,0,0,0,0,0,0,0,0,0,0
1.782526,0,0,0,0,0,0,0,0,0,0,0,0
1.784085,0,0,0,0,0,0,0,0,0,0,0,0
1.785655,0,0,0,0,0,0,0,0,0,0,0,0
1.787257,0,0,0,0,0,0,0,0,0,0,0,0
1.788914,0,0,0,0,0,0,0,0,0,0,0,0
1.790513,0,0,0,0,0,0,0,0,0,0,0,0
1.792112,0,0,0,0,0,0,0,0,0,0,0,0
1.793712,0,0,0,0,0,0,0,0,0,0,0,0
1.795313,0,0,0,0,0,0,0,0,0,0,0,0
1.796914,0,0,0,0,0,0,0,0,0,0,0,0
1.798512,0,0,0,0,0,0,0,0,0,0,0,0
1.800190,0,0,0,0,0,0,0,0,0,0,0,0
1.801789,0,0,0,0,0,0,0,0,0,0,0,0
1.803391,0,0,0,0,0,0,0,0,0,0,0,0
1.805035,0,0,0,0,0,0,0,0,0,0,0,0
1.806632,0,0,0,0,0,0,0,0,0,0,0,0
1.808236,0,0,0,0,0,0,0,0,0,0,0,0
1.809835,0,0,0,0,0,0,0,0,0,0,0,0
1.811327,0,0,0,0,0,0,0,0,0,0,0,0
1.812893,0,0,0,0,0,0,0,0,0,0,0,0
1.814489,0,0,0,0,0,0,0,0,0,0,0,0
1.816084,0,0,0,0,0,0,0,0,0,0,0,0
1.817568,0,0,0,0,0,0,0,0,0,0,0,0
1.819141,0,0,0,0,0,0,0,0,0,0,0,0
1.820782,0,0,0,0,0,0,0,0,0,0,0,0
1.822396,0,0,0,0,0,0,0,0,0,0,0,0
1.823993,0,0,0,0,0,0,0,0,0,0,0,0
1.825590,0,0,0,0,0,0,0,0,0,0,0,0
1.827188,0,0,0,0,0,0,0,0,0,0,0,0
1.828785,0,0,0,0,0,0,0,0,0,0,0,0
1.830379,0,0,0,0,0,0,0,0,0,0,0,0
1.831975,0,0,0,0,0,0,0,0,0,0,0,0
1.833584,0,0,0,0,0,0,0,0,0,0,0,0
1.835182,0,0,0,0,0,0,0,0,0,0,0,0
1.836822,0,0,0,0,0,0,0,0,0,0,0,0
1.838417,0,0,0,0,0,0,0,0,0,0,0,0
1.840013,0,0,0,0,0,0,0,0,0,0,0,0
1.841610,0,0,0,0,0,0,0,0,0,0,0,0
1.843207,0,0,0,0,0,0,0,0,0,0,0,0
1.844689,0,0,0,0,0,0,0,0,0,0,0,0
1.846254,0,0,0,0,0,0,0,0,0,0,0,0
1.847851,0,0,0,0,0,0,0,0,0,0,0,0
1.849449,0,0,0,0,0,0,0,0,0,0,0,0
1.851049,0,0,0,0,0,0,0,0,0,0,0,0
1.852692,0,0,0,0,0,0,0,0,0,0,0,0
1.854288,0,0,0,0,0,0,0,0,0,0,0,0
1.855900,0,0,0,0,0,0,0,0,0,0,0,0
1.857497,0,0,0,0,0,0,0,0,0,0,0,0
1.859098,0,0,0,0,0,0,0,0,0,0,0,0
1.860695,0,0,0,0,0,0,0,0,0,0,0,0
1.862291,0,0,0,0,0,0,0,0,0,0,0,0
1.863889,0,0,0,0,0,0,0,0,0,0,0,0
1.865486,0,0,0,0,0,0,0,0,0,0,0,0
1.866973,0,0,0,0,0,0,0,0,0,0,0,0
1.868585,0,0,0,0,0,0,0,0,0,0,0,0
1.870183,0,0,0,0,0,0,0,0,0,0,0,0
1.871782,0,0,0,0,0,0,0,0,0,0,0,0
1.873381,0,0,0,0,0,0,0,0,0,0,0,0
1.874982,0,0,0,0,0,0,0,0,0,0,0,0
1.876580,0,0,0,0,0,0,0,0,0,0,0,0
1.878191,0,0,0,0,0,0,0,0,0,0,0,0
1.879789,0,0,0,0,0,0,0,0,0,0,0,0
1.881388,0,0,0,0,0,0,0,0,0,0,0,0
1.882989,0,0,0,0,0,0,0,0,0,0,0,0
1.884632,0,0,0,0,0,0,0,0,0,0,0,0
1.886230,0,0,0,0,0,0,0,0,0,0,0,0
1.887829,0,0,0,0,0,0,0,0,0,0,0,0
1.889440,0,0,0,0,0,0,0,0,0,0,0,0
1.891039,0,0,0,0,0,0,0,0,0,0,0,0
1.892635,0,0,0,0,0,0,0,0,0,0,0,0
1.894231,0,0,0,0,0,0,0,0,0,0,0,0
1.895827,0,0,0,0,0,0,0,0,0,0,0,0
1.897426,0,0,0,0,0,0,0,0,0,0,0,0
1.899024,0,0,0,0,0,0,0,0,0,0,0,0
1.900679,0,0,0,0,0,0,0,0,0,0,0,0
1.902275,0,0,0,0,0,0,0,0,0,0,0,0
1.903873,0,0,0,0,0,0,0,0,0,0,0,0
1.905470,0,0,0,0,0,0,0,0,0,0,0,0
1.907069,0,0,0,0,0,0,0,0,0,0,0,0
1.908703,0,0,0,0,0,0,0,0,0,0,0,0
1.910299,0,0,0,0,0,0,0,0,0,0,0,0
1.911909,0,0,0,0,0,0,0,0,0,0,0,0
1.913507,0,0,0,0,0,0,0,0,0,0,0,0
1.915106,0,0,0,0,0,0,0,0,0,0,0,0
1.916747,0,0,0,0,0,0,0,0,0,0,0,0
1.918343,0,0,0,0,0,0,0,0,0,0,0,0
1.919941,0,0,0,0,0,0,0,0,0,0,0,0
1.921537,0,0,0,0,0,0,0,0,0,0,0,0
1.923026,0,0,0,0,0,0,0,0,0,0,0,0
1.924598,0,0,0,0,0,0,0,0,0,0,0,0
1.926197,0,0,0,0,0,0,0,0,0,0,0,0
1.927798,0,0,0,0,0,0,0,0,0,0,0,0
1.929399,0,0,0,0,0,0,0,0,0,0,0,0
1.931002,0,0,0,0,0,0,0,0,0,0,0,0
1.932648,0,0,0,0,0,0,0,0,0,0,0,0
1.934259,0,0,0,0,0,0,0,0,0,0,0,0
1.935860,0,0,0,0,0,0,0,0,0,0,0,0
1.937461,0,0,0,0,0,0,0,0,0,0,0,0
1.939065,0,0,0,0,0,0,0,0,0,0,0,0
1.940666,0,0,0,0,0,0,0,0,0,0,0,0
1.942267,0,0,0,0,0,0,0,0,0,0,0,0
1.943868,0,0,0,0,0,0,0,0,0,0,0,0
1.945481,0,0,0,0,0,0,0,0,0,0,0,0
1.947085,0,0,0,0,0,0,0,0,0,0,0,0
1.948730,0,0,0,0,0,0,0,0,0,0,0,0
1.950330,0,0,0,0,0,0,0,0,0,0,0,0
1.951932,0,0,0,0,0,0,0,0,0,0,0,0
1.953533,0,0,0,0,0,0,0,0,0,0,0,0
1.955136,0,0,0,0,0,0,0,0,0,0,0,0
1.956751,0,0,0,0,0,0,0,0,0,0,0,0
1.958351,0,0,0,0,0,0,0,0,0,0,0,0
1.959950,0,0,0,0,0,0,0,0,0,0,0,0
1.961552,0,0,0,0,0,0,0,0,0,0,0,0
1.963155,0,0,0,0,0,0,0,0,0,0,0,0
1.964812,0,0,0,0,0,0,0,0,0,0,0,0
1.966416,0,0,0,0,0,0,0,0,0,0,0,0
1.968030,0,0,0,0,0,0,0,0,0,0,0,0
1.969631,0,0,0,0,0,0,0,0,0,0,0,0
1.971234,0,0,0,0,0,0,0,0,0,0,0,0
1.972836,0,0,0,0,0,0,0,0,0,0,0,0
1.974435,0,0,0,0,0,0,0,0,0,0,0,0
1.976035,0,0,0,0,0,0,0,0,0,0,0,0
1.977635,0,0,0,0,0,0,0,0,0,0,0,0
1.979121,0,0,0,0,0,0,0,0,0,0,0,0
1.980733,0,0,0,0,0,0,0,0,0,0,0,0
1.982332,0,0,0,0,0,0,0,0,0,0,0,0
1.983933,0,0,0,0,0,0,0,0,0,0,0,0
1.985534,0,0,0,0,0,0,0,0,0,0,0,0
1.987136,0,0,0,0,0,0,0,0,0,0,0,0
1.988736,0,0,0,0,0,0,0,0,0,0,0,0
1.990349,0,0,0,0,0,0,0,0,0,0,0,0
1.991949,0,0,0,0,0,0,0,0,0,0,0,0
1.993549,0,0,0,0,0,0,0,0,0,0,0,0
1.995151,0,0,0,0,0,0,0,0,0,0,0,0
1.996797,0,0,0,0,0,0,0,0,0,0,0,0
1.998396,0,0,0,0,0,0,0,0,0,0,0,0
1.999997,0,0,0,0,0,0,0,0,0,0,0,0
2.001612,0,0,0,0,0,0,0,0,0,0,0,0
2.003214,0,0,0,0,0,0,0,0,0,0,0,0
2.005208,0,0,0,0,0,0,0,0,0,0,0,0
2.006720,0,0,0,0,0,0,0,0,0,0,0,0
2.008288,0,0,0,0,0,0,0,0,0,0,0,0
2.009770,0,0,0,0,0,0,0,0,0,0,0,0
2.011690,0,0,0,0,0,0,0,0,0,0,0,0
2.013214,0,0,0,0,0,0,0,0,0,0,0,0
2.015102,0,0,0,0,0,0,0,0,0,0,0,0
2.017057,0,0,0,0,0,0,0,0,0,0,0,0
2.018652,0,0,0,0,0,0,0,0,0,0,0,0
2.020256,0,0,0,0,0,0,0,0,0,0,0,0
2.021684,0,0,0,0,0,0,0,0,0,0,0,0
2.023108,0,0,0,0,0,0,0,0,0,0,0,0
2.024544,0,0,0,0,0,0,0,0,0,0,0,0
2.025972,0,0,0,0,0,0,0,0,0,0,0,0
2.027402,0,0,0,0,0,0,0,0,0,0,0,0
2.028879,0,0,0,0,0,0,0,0,0,0,0,0
2.030313,0,0,0,0,0,0,0,0,0,0,0,0
2.031747,0,0,0,0,0,0,0,0,0,0,0,0
2.033311,0,0,0,0,0,0,0,0,0,0,0,0
2.034994,0,0,0,0,0,0,0,0,0,0,0,0
2.036593,0,0,0,0,0,0,0,0,0,0,0,0
2.038192,0,0,0,0,0,0,0,0,0,0,0,0
2.039793,0,0,0,0,0,0,0,0,0,0,0,0
2.041394,0,0,0,0,0,0,0,0,0,0,0,0
2.042997,0,0,0,0,0,0,0,0,0,0,0,0
2.044642,0,0,0,0,0,0,0,0,0,0,0,0
2.046254,0,0,0,0,0,0,0,0,0,0,0,0
2.047855,0,0,0,0,0,0,0,0,0,0,0,0
2.049455,0,0,0,0,0,0,0,0,0,0,0,0
2.051058,0,0,0,0,0,0,0,0,0,0,0,0
2.052658,0,0,0,0,0,0,0,0,0,0,0,0
2.054257,0,0,0,0,0,0,0,0,0,0,0,0
2.055857,0,0,0,0,0,0,0,0,0,0,0,0
2.057471,0,0,0,0,0,0,0,0,0,0,0,0
2.059073,0,0,0,0,0,0,0,0,0,0,0,0
2.060718,0,0,0,0,0,0,0,0,0,0,0,0
2.062317,0,0,0,0,0,0,0,0,0,0,0,0
2.063918,0,0,0,0,0,0,0,0,0,0,0,0
2.065519,0,0,0,0,0,0,0,0,0,0,0,0
2.067122,0,0,0,0,0,0,0,0,0,0,0,0
2.068738,0,0,0,0,0,0,0,0,0,0,0,0
2.070337,0,0,0,0,0,0,0,0,0,0,0,0
2.071937,0,0,0,0,0,0,0,0,0,0,0,0
2.073535,0,0,0,0,0,0,0,0,0,0,0,0
2.075075,0,0,0,0,0,0,0,0,0,0,0,0
2.076721,0,0,0,0,0,0,0,0,0,0,0,0
2.078320,0,0,0,0,0,0,0,0,0,0,0,0
2.079935,0,0,0,0,0,0,0,0,0,0,0,0
2.081535,0,0,0,0,0,0,0,0,0,0,0,0
2.083137,0,0,0,0,0,0,0,0,0,0,0,0
2.084765,0,0,0,0,0,0,0,0,0,0,0,0
2.086368,0,0,0,0,0,0,0,0,0,0,0,0
2.087970,0,0,0,0,0,0,0,0,0,0,0,0
2.089573,0,0,0,0,0,0,0,0,0,0,0,0
2.091065,0,0,0,0,0,0,0,0,0,0,0,0
2.092682,0,0,0,0,0,0,0,0,0,0,0,0
2.094284,0,0,0,0,0,0,0,0,0,0,0,0
2.095886,0,0,0,0,0,0,0,0,0,0,0,0
2.097490,0,0,0,0,0,0,0,0,0,0,0,0
2.099094,0,0,0,0,0,0,0,0,0,0,0,0
2.100686,0,0,0,0,0,0,0,0,0,0,0,0
2.102298,0,0,0,0,0,0,0,0,0,0,0,0
2.103767,0,0,0,0,0,0,0,0,0,0,0,0
2.105337,0,0,0,0,0,0,0,0,0,0,0,0
2.106978,0,0,0,0,0,0,0,0,0,0,0,0
2.108625,0,0,0,0,0,0,0,0,0,0,0,0
2.110225,0,0,0,0,0,0,0,0,0,0,0,0
2.111824,0,0,0,0,0,0,0,0,0,0,0,0
2.113310,0,0,0,0,0,0,0,0,0,0,0,0
2.114883,0,0,0,0,0,0,0,0,0,0,0,0
2.116557,0,0,0,0,0,0,0,0,0,0,0,0
2.118157,0,0,0,0,0,0,0,0,0,0,0,0
2.119762,0,0,0,0,0,0,0,0,0,0,0,0
2.121355,0,0,0,0,0,0,0,0,0,0,0,0
2.123060,0,0,0,0,0,0,0,0,0,0,0,0
2.124714,0,0,0,0,0,0,0,0,0,0,0,0
2.126315,0,0,0,0,0,0,0,0,0,0,0,0
2.127918,0,0,0,0,0,0,0,0,0,0,0,0
2.129521,0,0,0,0,0,0,0,0,0,0,0,0
2.131126,0,0,0,0,0,0,0,0,0,0,0,0
2.132730,0,0,0,0,0,0,0,0,0,0,0,0
2.134330,0,0,0,0,0,0,0,0,0,0,0,0
2.135946,0,0,0,0,0,0,0,0,0,0,0,0
2.137548,0,0,0,0,0,0,0,0,0,0,0,0
2.139152,0,0,0,0,0,0,0,0,0,0,0,0
2.140800,0,0,0,0,0,0,0,0,0,0,0,0
2.142401,0,0,0,0,0,0,0,0,0,0,0,0
2.144005,0,0,0,0,0,0,0,0,0,0,0,0
2.145607,0,0,0,0,0,0,0,0,0,0,0,0
2.147100,0,0,0,0,0,0,0,0,0,0,0,0
2.148672,0,0,0,0,0,0,0,0,0,0,0,0
2.150274,0,0,0,0,0,0,0,0,0,0,0,0
2.151877,0,0,0,0,0,0,0,0,0,0,0,0
2.153479,0,0,0,0,0,0,0,0,0,0,0,0
2.155082,0,0,0,0,0,0,0,0,0,0,0,0
2.156730,0,0,0,0,0,0,0,0,0,0,0,0
2.158344,0,0,0,0,0,0,0,0,0,0,0,0
2.159947,0,0,0,0,0,0,0,0,0,0,0,0
2.161549,0,0,0,0,0,0,0,0,0,0,0,0
2.163154,0,0,0,0,0,0,0,0,0,0,0,0
2.164749,0,0,0,0,0,0,0,0,0,0,0,0
2.166342,0,0,0,0,0,0,0,0,0,0,0,0
2.167812,0,0,0,0,0,0,0,0,0,0,0,0
2.169394,0,0,0,0,0,0,0,0,0,0,0,0
2.170998,0,0,0,0,0,0,0,0,0,0,0,0
2.172646,0,0,0,0,0,0,0,0,0,0,0,0
2.174247,0,0,0,0,0,0,0,0,0,0,0,0
2.175849,0,0,0,0,0,0,0,0,0,0,0,0
2.177452,0,0,0,0,0,0,0,0,0,0,0,0
2.179056,0,0,0,0,0,0,0,0,0,0,0,0
2.180673,0,0,0,0,0,0,0,0,0,0,0,0
2.182275,0,0,0,0,0,0,0,0,0,0,0,0
2.183878,0,0,0,0,0,0,0,0,0,0,0,0
2.185481,0,0,0,0,0,0,0,0,0,0,0,0
2.187086,0,0,0,0,0,0,0,0,0,0,0,0
2.188734,0,0,0,0,0,0,0,0,0,0,0,0
2.190335,0,0,0,0,0,0,0,0,0,0,0,0
2.191952,0,0,0,0,0,0,0,0,0,0,0,0
2.193554,0,0,0,0,0,0,0,0,0,0,0,0
2.195158,0,0,0,0,0,0,0,0,0,0,0,0
2.196762,0,0,0,0,0,0,0,0,0,0,0,0
2.198362,0,0,0,0,0,0,0,0,0,0,0,0
2.199963,0,0,0,0,0,0,0,0,0,0,0,0
2.201566,0,0,0,0,0,0,0,0,0,0,0,0
2.203059,0,0,0,0,0,0,0,0,0,0,0,0
2.204747,0,0,0,0,0,0,0,0,0,0,0,0
2.206415,0,0,0,0,0,0,0,0,0,0,0,0
2.208083,0,0,0,0,0,0,0,0,0,0,0,0
2.209753,0,0,0,0,0,0,0,0,0,0,0,0
2.211423,0,0,0,0,0,0,0,0,0,0,0,0
2.213093,0,0,0,0,0,0,0,0,0,0,0,0
2.214773,0,0,0,0,0,0,0,0,0,0,0,0
2.216447,0,0,0,0,0,0,0,0,0,0,0,0
2.218053,0,0,0,0,0,0,0,0,0,0,0,0
2.219728,0,0,0,0,0,0,0,0,0,0,0,0
2.221400,0,0,0,0,0,0,0,0,0,0,0,0
2.223067,0,0,0,0,0,0,0,0,0,0,0,0
2.224728,0,0,0,0,0,0,0,0,0,0,0,0
2.226400,0,0,0,0,0,0,0,0,0,0,0,0
2.227926,0,0,0,0,0,0,0,0,0,0,0,0
2.229555,0,0,0,0,0,0,0,0,0,0,0,0
2.231084,0,0,0,0,0,0,0,0,0,0,0,0
2.232762,0,0,0,0,0,0,0,0,0,0,0,0
2.234428,0,0,0,0,0,0,0,0,0,0,0,0
2.236097,0,0,0,0,0,0,0,0,0,0,0,0
2.237825,0,0,0,0,0,0,0,0,0,0,0,0
2.239495,0,0,0,0,0,0,0,0,0,0,0,0
2.241162,0,0,0,0,0,0,0,0,0,0,0,0
2.242830,0,0,0,0,0,0,0,0,0,0,0,0
2.244502,0,0,0,0,0,0,0,0,0,0,0,0
2.246167,0,0,0,0,0,0,0,0,0,0,0,0
2.247715,0,0,0,0,0,0,0,0,0,0,0,0
2.249352,0,0,0,0,0,0,0,0,0,0,0,0
2.251021,0,0,0,0,0,0,0,0,0,0,0,0
2.252738,0,0,0,0,0,0,0,0,0,0,0,0
2.254405,0,0,0,0,0,0,0,0,0,0,0,0
2.256072,0,0,0,0,0,0,0,0,0,0,0,0
2.257739,0,0,0,0,0,0,0,0,0,0,0,0
2.259422,0,0,0,0,0,0,0,0,0,0,0,0
2.261087,0,0,0,0,0,0,0,0,0,0,0,0
2.262752,0,0,0,0,0,0,0,0,0,0,0,0
2.264447,0,0,0,0,0,0,0,0,0,0,0,0
2.266113,0,0,0,0,0,0,0,0,0,0,0,0
2.267782,0,0,0,0,0,0,0,0,0,0,0,0
2.269332,0,0,0,0,0,0,0,0,0,0,0,0
2.270973,0,0,0,0,0,0,0,0,0,0,0,0
2.272640,0,0,0,0,0,0,0,0,0,0,0,0
2.274306,0,0,0,0,0,0,0,0,0,0,0,0
2.275973,0,0,0,0,0,0,0,0,0,0,0,0
2.277640,0,0,0,0,0,0,0,0,0,0,0,0
2.279307,0,0,0,0,0,0,0,0,0,0,0,0
2.280991,0,0,0,0,0,0,0,0,0,0,0,0
2.282656,0,0,0,0,0,0,0,0,0,0,0,0
2.284328,0,0,0,0,0,0,0,0,0,0,0,0
2.286044,0,0,0,0,0,0,0,0,0,0,0,0
2.287714,0,0,0,0,0,0,0,0,0,0,0,0
2.289382,0,0,0,0,0,0,0,0,0,0,0,0
2.291065,0,0,0,0,0,0,0,0,0,0,0,0
2.292732,0,0,0,0,0,0,0,0,0,0,0,0
2.294396,0,0,0,0,0,0,0,0,0,0,0,0
2.295955,0,0,0,0,0,0,0,0,0,0,0,0
2.297597,0,0,0,0,0,0,0,0,0,0,0,0
2.299266,0,0,0,0,0,0,0,0,0,0,0,0
2.300982,0,0,0,0,0,0,0,0,0,0,0,0
2.303892,0,0,0,0,0,0,0,0,0,0,0,0
2.305412,0,0,0,0,0,0,0,0,0,0,0,0
2.306957,0,0,0,0,0,0,0,0,0,0,0,0
2.308454,0,0,0,0,0,0,0,0,0,0,0,0
2.309986,0,0,0,0,0,0,0,0,0,0,0,0
2.311484,0,0,0,0,0,0,0,0,0,0,0,0
2.312992,0,0,0,0,0,0,0,0,0,0,0,0
2.314625,0,0,0,0,0,0,0,0,0,0,0,0
2.316297,0,0,0,0,0,0,0,0,0,0,0,0
2.318014,0,0,0,0,0,0,0,0,0,0,0,0
2.319684,0,0,0,0,0,0,0,0,0,0,0,0
2.321354,0,0,0,0,0,0,0,0,0,0,0,0
2.323025,0,0,0,0,0,0,0,0,0,0,0,0
2.324577,0,0,0,0,0,0,0,0,0,0,0,0
2.326078,0,0,0,0,0,0,0,0,0,0,0,0
2.327578,0,0,0,0,0,0,0,0,0,0,0,0
2.329070,0,0,0,0,0,0,0,0,0,0,0,0
2.330560,0,0,0,0,0,0,0,0,0,0,0,0
2.332199,0,0,0,0,0,0,0,0,0,0,0,0
2.333742,0,0,0,0,0,0,0,0,0,0,0,0
2.335249,0,0,0,0,0,0,0,0,0,0,0,0
2.336743,0,0,0,0,0,0,0,0,0,0,0,0
2.338237,0,0,0,0,0,0,0,0,0,0,0,0
2.339730,0,0,0,0,0,0,0,0,0,0,0,0
2.341359,0,0,0,0,0,0,0,0,0,0,0,0
2.343027,0,0,0,0,0,0,0,0,0,0,0,0
2.344696,0,0,0,0,0,0,0,0,0,0,0,0
2.346375,0,0,0,0,0,0,0,0,0,0,0,0
2.348042,0,0,0,0,0,0,0,0,0,0,0,0
2.349709,0,0,0,0,0,0,0,0,0,0,0,0
2.351353,0,0,0,0,0,0,0,0,0,0,0,0
2.353052,0,0,0,0,0,0,0,0,0,0,0,0
2.354711,0,0,0,0,0,0,0,0,0,0,0,0
2.356412,0,0,0,0,0,0,0,0,0,0,0,0
2.358077,0,0,0,0,0,0,0,0,0,0,0,0
2.359746,0,0,0,0,0,0,0,0,0,0,0,0
2.361413,0,0,0,0,0,0,0,0,0,0,0,0
2.363083,0,0,0,0,0,0,0,0,0,0,0,0
2.364801,0,0,0,0,0,0,0,0,0,0,0,0
2.366349,0,0,0,0,0,0,0,0,0,0,0,0
2.367985,0,0,0,0,0,0,0,0,0,0,0,0
2.369652,0,0,0,0,0,0,0,0,0,0,0,0
2.371322,0,0,0,0,0,0,0,0,0,0,0,0
2.372989,0,0,0,0,0,0,0,0,0,0,0,0
2.374654,0,0,0,0,0,0,0,0,0,0,0,0
2.376326,0,0,0,0,0,0,0,0,0,0,0,0
2.378004,0,0,0,0,0,0,0,0,0,0,0,0
2.379673,0,0,0,0,0,0,0,0,0,0,0,0
2.381345,0,0,0,0,0,0,0,0,0,0,0,0
2.383015,0,0,0,0,0,0,0,0,0,0,0,0
2.384684,0,0,0,0,0,0,0,0,0,0,0,0
2.386351,0,0,0,0,0,0,0,0,0,0,0,0
2.387895,0,0,0,0,0,0,0,0,0,0,0,0
2.389534,0,0,0,0,0,0,0,0,0,0,0,0
2.391205,0,0,0,0,0,0,0,0,0,0,0,0
2.392873,0,0,0,0,0,0,0,0,0,0,0,0
2.394539,0,0,0,0,0,0,0,0,0,0,0,0
2.396150,0,0,0,0,0,0,0,0,0,0,0,0
2.397834,0,0,0,0,0,0,0,0,0,0,0,0
2.399518,0,0,0,0,0,0,0,0,0,0,0,0
2.401187,0,0,0,0,0,0,0,0,0,0,0,0
2.402853,0,0,0,0,0,0,0,0,0,0,0,0
2.404526,0,0,0,0,0,0,0,0,0,0,0,0
2.406193,0,0,0,0,0,0,0,0,0,0,0,0
2.407862,0,0,0,0,0,0,0,0,0,0,0,0
2.409543,0,0,0,0,0,0,0,0,0,0,0,0
2.411213,0,0,0,0,0,0,0,0,0,0,0,0
2.412932,0,0,0,0,0,0,0,0,0,0,0,0
2.414599,0,0,0,0,0,0,0,0,0,0,0,0
2.416378,0,0,0,0,0,0,0,0,0,0,0,0
2.418041,0,0,0,0,0,0,0,0,0,0,0,0
2.419646,0,0,0,0,0,0,0,0,0,0,0,0
2.421292,0,0,0,0,0,0,0,0,0,0,0,0
2.422963,0,0,0,0,0,0,0,0,0,0,0,0
2.424633,0,0,0,0,0,0,0,0,0,0,0,0
2.426300,0,0,0,0,0,0,0,0,0,0,0,0
2.427969,0,0,0,0,0,0,0,0,0,0,0,0
2.429640,0,0,0,0,0,0,0,0,0,0,0,0
2.431326,0,0,0,0,0,0,0,0,0,0,0,0
2.432987,0,0,0,0,0,0,0,0,0,0,0,0
2.434645,0,0,0,0,0,0,0,0,0,0,0,0
2.436297,0,0,0,0,0,0,0,0,0,0,0,0
2.437934,0,0,0,0,0,0,0,0,0,0,0,0
2.439607,0,0,0,0,0,0,0,0,0,0,0,0
2.441276,0,0,0,0,0,0,0,0,0,0,0,0
2.442957,0,0,0,0,0,0,0,0,0,0,0,0
2.444675,0,0,0,0,0,0,0,0,0,0,0,0
2.446340,0,0,0,0,0,0,0,0,0,0,0,0
2.448008,0,0,0,0,0,0,0,0,0,0,0,0
2.449675,0,0,0,0,0,0,0,0,0,0,0,0
2.451344,0,0,0,0,0,0,0,0,0,0,0,0
2.453026,0,0,0,0,0,0,0,0,0,0,0,0
2.454692,0,0,0,0,0,0,0,0,0,0,0,0
2.456363,0,0,0,0,0,0,0,0,0,0,0,0
2.458029,0,0,0,0,0,0,0,0,0,0,0,0
2.459698,0,0,0,0,0,0,0,0,0,0,0,0
2.461368,0,0,0,0,0,0,0,0,0,0,0,0
2.463050,0,0,0,0,0,0,0,0,0,0,0,0
2.464718,0,0,0,0,0,0,0,0,0,0,0,0
2.466384,0,0,0,0,0,0,0,0,0,0,0,0
2.468053,0,0,0,0,0,0,0,0,0,0,0,0
2.469720,0,0,0,0,0,0,0,0,0,0,0,0
2.471390,0,0,0,0,0,0,0,0,0,0,0,0
2.473072,0,0,0,0,0,0,0,0,0,0,0,0
2.474737,0,0,0,0,0,0,0,0,0,0,0,0
2.476334,0,0,0,0,0,0,0,0,0,0,0,0
2.478017,0,0,0,0,0,0,0,0,0,0,0,0
2.479684,0,0,0,0,0,0,0,0,0,0,0,0
2.481351,0,0,0,0,0,0,0,0,0,0,0,0
2.483019,0,0,0,0,0,0,0,0,0,0,0,0
2.484696,0,0,0,0,0,0,0,0,0,0,0,0
2.486358,0,0,0,0,0,0,0,0,0,0,0,0
2.488023,0,0,0,0,0,0,0,0,0,0,0,0
2.489687,0,0,0,0,0,0,0,0,0,0,0,0
2.491356,0,0,0,0,0,0,0,0,0,0,0,0
2.493072,0,0,0,0,0,0,0,0,0,0,0,0
2.494750,0,0,0,0,0,0,0,0,0,0,0,0
2.496262,0,0,0,0,0,0,0,0,0,0,0,0
2.497761,0,0,0,0,0,0,0,0,0,0,0,0
2.499396,0,0,0,0,0,0,0,0,0,0,0,0
2.501065,0,0,0,0,0,0,0,0,0,0,0,0
2.502731,0,0,0,0,0,0,0,0,0,0,0,0
2.504400,0,0,0,0,0,0,0,0,0,0,0,0
2.505946,0,0,0,0,0,0,0,0,0,0,0,0
2.507587,0,0,0,0,0,0,0,0,0,0,0,0
2.509307,0,0,0,0,0,0,0,0,0,0,0,0
2.510977,0,0,0,0,0,0,0,0,0,0,0,0
2.512646,0,0,0,0,0,0,0,0,0,0,0,0
2.514349,0,0,0,0,0,0,0,0,0,0,0,0
2.515882,0,0,0,0,0,0,0,0,0,0,0,0
2.517433,0,0,0,0,0,0,0,0,0,0,0,0
2.519115,0,0,0,0,0,0,0,0,0,0,0,0
2.520594,0,0,0,0,0,0,0,0,0,0,0,0
2.522096,0,0,0,0,0,0,0,0,0,0,0,0
2.523597,0,0,0,0,0,0,0,0,0,0,0,0
2.525094,0,0,0,0,0,0,0,0,0,0,0,0
2.526727,0,0,0,0,0,0,0,0,0,0,0,0
2.528282,0,0,0,0,0,0,0,0,0,0,0,0
2.529922,0,0,0,0,0,0,0,0,0,0,0,0
2.531596,0,0,0,0,0,0,0,0,0,0,0,0
2.533266,0,0,0,0,0,0,0,0,0,0,0,0
2.534939,0,0,0,0,0,0,0,0,0,0,0,0
2.536600,0,0,0,0,0,0,0,0,0,0,0,0
2.538259,0,0,0,0,0,0,0,0,0,0,0,0
2.539799,0,0,0,0,0,0,0,0,0,0,0,0
2.541440,0,0,0,0,0,0,0,0,0,0,0,0
2.543111,0,0,0,0,0,0,0,0,0,0,0,0
2.544779,0,0,0,0,0,0,0,0,0,0,0,0
2.546446,0,0,0,0,0,0,0,0,0,0,0,0
2.548113,0,0,0,0,0,0,0,0,0,0,0,0
2.549780,0,0,0,0,0,0,0,0,0,0,0,0
2.551464,0,0,0,0,0,0,0,0,0,0,0,0
2.553131,0,0,0,0,0,0,0,0,0,0,0,0
2.554798,0,0,0,0,0,0,0,0,0,0,0,0
2.556521,0,0,0,0,0,0,0,0,0,0,0,0
2.558188,0,0,0,0,0,0,0,0,0,0,0,0
2.559858,0,0,0,0,0,0,0,0,0,0,0,0
2.561539,0,0,0,0,0,0,0,0,0,0,0,0
2.563209,0,0,0,0,0,0,0,0,0,0,0,0
2.564878,0,0,0,0,0,0,0,0,0,0,0,0
2.566544,0,0,0,0,0,0,0,0,0,0,0,0
2.568184,0,0,0,0,0,0,0,0,0,0,0,0
2.569819,0,0,0,0,0,0,0,0,0,0,0,0
2.571490,0,0,0,0,0,0,0,0,0,0,0,0
2.573041,0,0,0,0,0,0,0,0,0,0,0,0
2.574677,0,0,0,0,0,0,0,0,0,0,0,0
2.576350,0,0,0,0,0,0,0,0,0,0,0,0
2.578017,0,0,0,0,0,0,0,0,0,0,0,0
2.579687,0,0,0,0,0,0,0,0,0,0,0,0
2.581356,0,0,0,0,0,0,0,0,0,0,0,0
2.583024,0,0,0,0,0,0,0,0,0,0,0,0
2.584574,0,0,0,0,0,0,0,0,0,0,0,0
2.586211,0,0,0,0,0,0,0,0,0,0,0,0
2.587879,0,0,0,0,0,0,0,0,0,0,0,0
2.589548,0,0,0,0,0,0,0,0,0,0,0,0
2.591219,0,0,0,0,0,0,0,0,0,0,0,0
2.592887,0,0,0,0,0,0,0,0,0,0,0,0
2.594553,0,0,0,0,0,0,0,0,0,0,0,0
2.596337,0,0,0,0,0,0,0,0,0,0,0,0
2.597895,0,0,0,0,0,0,0,0,0,0,0,0
2.599535,0,0,0,0,0,0,0,0,0,0,0,0
2.601205,0,0,0,0,0,0,0,0,0,0,0,0
2.602872,0,0,0,0,0,0,0,0,0,0,0,0
2.604668,0,0,0,0,0,0,0,0,0,0,0,0
2.606349,0,0,0,0,0,0,0,0,0,0,0,0
2.608018,0,0,0,0,0,0,0,0,0,0,0,0
2.609688,0,0,0,0,0,0,0,0,0,0,0,0
2.611359,0,0,0,0,0,0,0,0,0,0,0,0
2.613028,0,0,0,0,0,0,0,0,0,0,0,0
2.614696,0,0,0,0,0,0,0,0,0,0,0,0
2.616381,0,0,0,0,0,0,0,0,0,0,0,0
2.618049,0,0,0,0,0,0,0,0,0,0,0,0
2.619586,0,0,0,0,0,0,0,0,0,0,0,0
2.621280,0,0,0,0,0,0,0,0,0,0,0,0
2.622952,0,0,0,0,0,0,0,0,0,0,0,0
2.624622,0,0,0,0,0,0,0,0,0,0,0,0
2.626290,0,0,0,0,0,0,0,0,0,0,0,0
2.627976,0,0,0,0,0,0,0,0,0,0,0,0
2.629647,0,0,0,0,0,0,0,0,0,0,0,0
2.631318,0,0,0,0,0,0,0,0,0,0,0,0
2.632988,0,0,0,0,0,0,0,0,0,0,0,0
2.634656,0,0,0,0,0,0,0,0,0,0,0,0
2.636330,0,0,0,0,0,0,0,0,0,0,0,0
2.637963,0,0,0,0,0,0,0,0,0,0,0,0
2.639513,0,0,0,0,0,0,0,0,0,0,0,0
2.641196,0,0,0,0,0,0,0,0,0,0,0,0
2.642880,0,0,0,0,0,0,0,0,0,0,0,0
2.644367,0,0,0,0,0,0,0,0,0,0,0,0
2.645861,0,0,0,0,0,0,0,0,0,0,0,0
2.647356,0,0,0,0,0,0,0,0,0,0,0,0
2.648859,0,0,0,0,0,0,0,0,0,0,0,0
2.650352,0,0,0,0,0,0,0,0,0,0,0,0
2.653470,0,0,0,0,0,0,0,0,0,0,0,0
2.654976,0,0,0,0,0,0,0,0,0,0,0,0
2.656474,0,0,0,0,0,0,0,0,0,0,0,0
2.657971,0,0,0,0,0,0,0,0,0,0,0,0
2.659481,0,0,0,0,0,0,0,0,0,0,0,0
2.660979,0,0,0,0,0,0,0,0,0,0,0,0
2.662474,0,0,0,0,0,0,0,0,0,0,0,0
2.663989,0,0,0,0,0,0,0,0,0,0,0,0
2.665524,0,0,0,0,0,0,0,0,0,0,0,0
2.667033,0,0,0,0,0,0,0,0,0,0,0,0
2.668582,0,0,0,0,0,0,0,0,0,0,0,0
2.670096,0,0,0,0,0,0,0,0,0,0,0,0
2.671597,0,0,0,0,0,0,0,0,0,0,0,0
2.673094,0,0,0,0,0,0,0,0,0,0,0,0
2.674726,0,0,0,0,0,0,0,0,0,0,0,0
2.676394,0,0,0,0,0,0,0,0,0,0,0,0
2.678054,0,0,0,0,0,0,0,0,0,0,0,0
2.679582,0,0,0,0,0,0,0,0,0,0,0,0
2.681232,0,0,0,0,0,0,0,0,0,0,0,0
2.682900,0,0,0,0,0,0,0,0,0,0,0,0
2.684701,0,0,0,0,0,0,0,0,0,0,0,0
2.686369,0,0,0,0,0,0,0,0,0,0,0,0
2.688038,0,0,0,0,0,0,0,0,0,0,0,0
2.689709,0,0,0,0,0,0,0,0,0,0,0,0
2.691266,0,0,0,0,0,0,0,0,0,0,0,0
2.693038,0,0,0,0,0,0,0,0,0,0,0,0
2.694839,0,0,0,0,0,0,0,0,0,0,0,0
2.696647,0,0,0,0,0,0,0,0,0,0,0,0
2.698448,0,0,0,0,0,0,0,0,0,0,0,0
2.700376,0,0,0,0,0,0,0,0,0,0,0,0
2.702109,0,0,0,0,0,0,0,0,0,0,0,0
2.703880,0,0,0,0,0,0,0,0,0,0,0,0
2.705681,0,0,0,0,0,0,0,0,0,0,0,0
2.707486,0,0,0,0,0,0,0,0,0,0,0,0
2.709289,0,0,0,0,0,0,0,0,0,0,0,0
2.711093,0,0,0,0,0,0,0,0,0,0,0,0
2.712910,0,0,0,0,0,0,0,0,0,0,0,0
2.714709,0,0,0,0,0,0,0,0,0,0,0,0
2.716577,0,0,0,0,0,0,0,0,0,0,0,0
2.718378,0,0,0,0,0,0,0,0,0,0,0,0
2.720337,0,0,0,0,0,0,0,0,0,0,0,0
2.722138,0,0,0,0,0,0,0,0,0,0,0,0
2.723954,0,0,0,0,0,0,0,0,0,0,0,0
2.725757,0,0,0,0,0,0,0,0,0,0,0,0
2.727562,0,0,0,0,0,0,0,0,0,0,0,0
2.729364,0,0,0,0,0,0,0,0,0,0,0,0
2.731027,0,0,0,0,0,0,0,0,0,0,0,0
2.732866,0,0,0,0,0,0,0,0,0,0,0,0
2.734535,0,0,0,0,0,0,0,0,0,0,0,0
2.736439,0,0,0,0,0,0,0,0,0,0,0,0
2.738242,0,0,0,0,0,0,0,0,0,0,0,0
2.740047,0,0,0,0,0,0,0,0,0,0,0,0
2.741842,0,0,0,0,0,0,0,0,0,0,0,0
2.743488,0,0,0,0,0,0,0,0,0,0,0,0
2.745158,0,0,0,0,0,0,0,0,0,0,0,0
2.746769,0,0,0,0,0,0,0,0,0,0,0,0
2.748522,0,0,0,0,0,0,0,0,0,0,0,0
2.750135,0,0,0,0,0,0,0,0,0,0,0,0
2.751750,0,0,0,0,0,0,0,0,0,0,0,0
2.753518,0,0,0,0,0,0,0,0,0,0,0,0
2.755191,0,0,0,0,0,0,0,0,0,0,0,0
2.756811,0,0,0,0,0,0,0,0,0,0,0,0
2.758425,0,0,0,0,0,0,0,0,0,0,0,0
2.760150,0,0,0,0,0,0,0,0,0,0,0,0
2.761763,0,0,0,0,0,0,0,0,0,0,0,0
2.763376,0,0,0,0,0,0,0,0,0,0,0,0
2.765050,0,0,0,0,0,0,0,0,0,0,0,0
2.766674,0,0,0,0,0,0,0,0,0,0,0,0
2.768288,0,0,0,0,0,0,0,0,0,0,0,0
2.770051,0,0,0,0,0,0,0,0,0,0,0,0
2.771856,0,0,0,0,0,0,0,0,0,0,0,0
2.773658,0,0,0,0,0,0,0,0,0,0,0,0
2.775463,0,0,0,0,0,0,0,0,0,0,0,0
2.777280,0,0,0,0,0,0,0,0,0,0,0,0
2.779086,0,0,0,0,0,0,0,0,0,0,0,0
2.780950,0,0,0,0,0,0,0,0,0,0,0,0
2.782852,0,0,0,0,0,0,0,0,0,0,0,0
2.784502,0,0,0,0,0,0,0,0,0,0,0,0
2.786616,0,0,0,0,0,0,0,0,0,0,0,0
2.788438,0,0,0,0,0,0,0,0,0,0,0,0
2.790238,0,0,0,0,0,0,0,0,0,0,0,0
2.792041,0,0,0,0,0,0,0,0,0,0,0,0
2.793843,0,0,0,0,0,0,0,0,0,0,0,0
2.795647,0,0,0,0,0,0,0,0,0,0,0,0
2.797451,0,0,0,0,0,0,0,0,0,0,0,0
2.799122,0,0,0,0,0,0,0,0,0,0,0,0
2.800743,0,0,0,0,0,0,0,0,0,0,0,0
2.802356,0,0,0,0,0,0,0,0,0,0,0,0
2.803970,0,0,0,0,0,0,0,0,0,0,0,0
2.805584,0,0,0,0,0,0,0,0,0,0,0,0
2.807195,0,0,0,0,0,0,0,0,0,0,0,0
2.808960,0,0,0,0,0,0,0,0,0,0,0,0
2.810705,0,0,0,0,0,0,0,0,0,0,0,0
2.812333,0,0,0,0,0,0,0,0,0,0,0,0
2.814016,0,0,0,0,0,0,0,0,0,0,0,0
2.815631,0,0,0,0,0,0,0,0,0,0,0,0
2.817242,0,0,0,0,0,0,0,0,0,0,0,0
2.818854,0,0,0,0,0,0,0,0,0,0,0,0
2.820474,0,0,0,0,0,0,0,0,0,0,0,0
2.822250,0,0,0,0,0,0,0,0,0,0,0,0
2.824043,0,0,0,0,0,0,0,0,0,0,0,0
2.825846,0,0,0,0,0,0,0,0,0,0,0,0
2.827652,0,0,0,0,0,0,0,0,0,0,0,0
2.829458,0,0,0,0,0,0,0,0,0,0,0,0
2.831264,0,0,0,0,0,0,0,0,0,0,0,0
2.833119,0,0,0,0,0,0,0,0,0,0,0,0
2.834760,0,0,0,0,0,0,0,0,0,0,0,0
2.836435,0,0,0,0,0,0,0,0,0,0,0,0
2.838104,0,0,0,0,0,0,0,0,0,0,0,0
2.839777,0,0,0,0,0,0,0,0,0,0,0,0
2.841447,0,0,0,0,0,0,0,0,0,0,0,0
2.843131,0,0,0,0,0,0,0,0,0,0,0,0
2.844852,0,0,0,0,0,0,0,0,0,0,0,0
2.846521,0,0,0,0,0,0,0,0,0,0,0,0
2.848169,0,0,0,0,0,0,0,0,0,0,0,0
2.849667,0,0,0,0,0,0,0,0,0,0,0,0
2.851258,0,0,0,0,0,0,0,0,0,0,0,0
2.852757,0,0,0,0,0,0,0,0,0,0,0,0
2.854270,0,0,0,0,0,0,0,0,0,0,0,0
2.855968,0,0,0,0,0,0,0,0,0,0,0,0
2.857583,0,0,0,0,0,0,0,0,0,0,0,0
2.859196,0,0,0,0,0,0,0,0,0,0,0,0
2.860869,0,0,0,0,0,0,0,0,0,0,0,0
2.862481,0,0,0,0,0,0,0,0,0,0,0,0
2.864373,0,0,0,0,0,0,0,0,0,0,0,0
2.866083,0,0,0,0,0,0,0,0,0,0,0,0
2.867735,0,0,0,0,0,0,0,0,0,0,0,0
2.869401,0,0,0,0,0,0,0,0,0,0,0,0
2.871091,0,0,0,0,0,0,0,0,0,0,0,0
2.872795,0,0,0,0,0,0,0,0,0,0,0,0
2.874402,0,0,0,0,0,0,0,0,0,0,0,0
2.876169,0,0,0,0,0,0,0,0,0,0,0,0
2.877837,0,0,0,0,0,0,0,0,0,0,0,0
2.879458,0,0,0,0,0,0,0,0,0,0,0,0
2.881065,0,0,0,0,0,0,0,0,0,0,0,0
2.882671,0,0,0,0,0,0,0,0,0,0,0,0
2.884474,0,0,0,0,0,0,0,0,0,0,0,0
2.886265,0,0,0,0,0,0,0,0,0,0,0,0
2.888218,0,0,0,0,0,0,0,0,0,0,0,0
2.889847,0,0,0,0,0,0,0,0,0,0,0,0
2.891578,0,0,0,0,0,0,0,0,0,0,0,0
2.893251,0,0,0,0,0,0,0,0,0,0,0,0
2.894865,0,0,0,0,0,0,0,0,0,0,0,0
2.896481,0,0,0,0,0,0,0,0,0,0,0,0
2.898094,0,0,0,0,0,0,0,0,0,0,0,0
2.899720,0,0,0,0,0,0,0,0,0,0,0,0
2.901335,0,0,0,0,0,0,0,0,0,0,0,0
2.902950,0,0,0,0,0,0,0,0,0,0,0,0
2.904562,0,0,0,0,0,0,0,0,0,0,0,0
2.906175,0,0,0,0,0,0,0,0,0,0,0,0
2.907789,0,0,0,0,0,0,0,0,0,0,0,0
2.909555,0,0,0,0,0,0,0,0,0,0,0,0
2.911228,0,0,0,0,0,0,0,0,0,0,0,0
2.912992,0,0,0,0,0,0,0,0,0,0,0,0
2.914783,0,0,0,0,0,0,0,0,0,0,0,0
2.916588,0,0,0,0,0,0,0,0,0,0,0,0
2.918275,0,0,0,0,0,0,0,0,0,0,0,0
2.920081,0,0,0,0,0,0,0,0,0,0,0,0
2.921900,0,0,0,0,0,0,0,0,0,0,0,0
2.923706,0,0,0,0,0,0,0,0,0,0,0,0
2.925512,0,0,0,0,0,0,0,0,0,0,0,0
2.927318,0,0,0,0,0,0,0,0,0,0,0,0
2.929122,0,0,0,0,0,0,0,0,0,0,0,0
2.931045,0,0,0,0,0,0,0,0,0,0,0,0
2.932937,0,0,0,0,0,0,0,0,0,0,0,0
2.934560,0,0,0,0,0,0,0,0,0,0,0,0
2.936249,0,0,0,0,0,0,0,0,0,0,0,0
2.937756,0,0,0,0,0,0,0,0,0,0,0,0
2.939259,0,0,0,0,0,0,0,0,0,0,0,0
2.940933,0,0,0,0,0,0,0,0,0,0,0,0
2.942698,0,0,0,0,0,0,0,0,0,0,0,0
2.944368,0,0,0,0,0,0,0,0,0,0,0,0
2.945987,0,0,0,0,0,0,0,0,0,0,0,0
2.947603,0,0,0,0,0,0,0,0,0,0,0,0
2.949217,0,0,0,0,0,0,0,0,0,0,0,0
2.950830,0,0,0,0,0,0,0,0,0,0,0,0
2.952441,0,0,0,0,0,0,0,0,0,0,0,0
2.954177,0,0,0,0,0,0,0,0,0,0,0,0
2.955719,0,0,0,0,0,0,0,0,0,0,0,0
2.957272,0,0,0,0,0,0,0,0,0,0,0,0
2.958770,0,0,0,0,0,0,0,0,0,0,0,0
2.960317,0,0,0,0,0,0,0,0,0,0,0,0
2.961825,0,0,0,0,0,0,0,0,0,0,0,0
2.963436,0,0,0,0,0,0,0,0,0,0,0,0
2.965097,0,0,0,0,0,0,0,0,0,0,0,0
2.966971,0,0,0,0,0,0,0,0,0,0,0,0
2.968775,0,0,0,0,0,0,0,0,0,0,0,0
2.970574,0,0,0,0,0,0,0,0,0,0,0,0
2.972373,0,0,0,0,0,0,0,0,0,0,0,0
2.974203,0,0,0,0,0,0,0,0,0,0,0,0
2.976005,0,0,0,0,0,0,0,0,0,0,0,0
2.977674,0,0,0,0,0,0,0,0,0,0,0,0
2.979295,0,0,0,0,0,0,0,0,0,0,0,0
2.980909,0,0,0,0,0,0,0,0,0,0,0,0
2.982521,0,0,0,0,0,0,0,0,0,0,0,0
2.984203,0,0,0,0,0,0,0,0,0,0,0,0
2.985814,0,0,0,0,0,0,0,0,0,0,0,0
2.987580,0,0,0,0,0,0,0,0,0,0,0,0
2.989313,0,0,0,0,0,0,0,0,0,0,0,0
2.990934,0,0,0,0,0,0,0,0,0,0,0,0
2.992548,0,0,0,0,0,0,0,0,0,0,0,0
2.994161,0,0,0,0,0,0,0,0,0,0,0,0
2.995775,0,0,0,0,0,0,0,0,0,0,0,0
2.997387,0,0,0,0,0,0,0,0,0,0,0,0
2.999153,0,0,0,0,0,0,0,0,0,0,0,0
3.000976,0,0,0,0,0,0,0,0,0,0,0,0
3.002482,0,0,0,0,0,0,0,0,0,0,0,0
3.003982,0,0,0,0,0,0,0,0,0,0,0,0
3.005528,0,0,0,0,0,0,0,0,0,0,0,0
3.007027,0,0,0,0,0,0,0,0,0,0,0,0
3.008525,0,0,0,0,0,0,0,0,0,0,0,0
3.010020,0,0,0,0,0,0,0,0,0,0,0,0
3.011528,0,0,0,0,0,0,0,0,0,0,0,0
3.013024,0,0,0,0,0,0,0,0,0,0,0,0
3.014523,0,0,0,0,0,0,0,0,0,0,0,0
3.016088,0,0,0,0,0,0,0,0,0,0,0,0
3.017585,0,0,0,0,0,0,0,0,0,0,0,0
3.019083,0,0,0,0,0,0,0,0,0,0,0,0
3.020626,0,0,0,0,0,0,0,0,0,0,0,0
3.022145,0,0,0,0,0,0,0,0,0,0,0,0
3.023758,0,0,0,0,0,0,0,0,0,0,0,0
3.025521,0,0,0,0,0,0,0,0,0,0,0,0
3.027325,0,0,0,0,0,0,0,0,0,0,0,0
3.029127,0,0,0,0,0,0,0,0,0,0,0,0
3.031020,0,0,0,0,0,0,0,0,0,0,0,0
3.032705,0,0,0,0,0,0,0,0,0,0,0,0
3.034475,0,0,0,0,0,0,0,0,0,0,0,0
3.036344,0,0,0,0,0,0,0,0,0,0,0,0
3.038208,0,0,0,0,0,0,0,0,0,0,0,0
3.040010,0,0,0,0,0,0,0,0,0,0,0,0
3.041813,0,0,0,0,0,0,0,0,0,0,0,0
3.043485,0,0,0,0,0,0,0,0,0,0,0,0
3.045106,0,0,0,0,0,0,0,0,0,0,0,0
3.046719,0,0,0,0,0,0,0,0,0,0,0,0
3.048334,0,0,0,0,0,0,0,0,0,0,0,0
3.049947,0,0,0,0,0,0,0,0,0,0,0,0
3.051560,0,0,0,0,0,0,0,0,0,0,0,0
3.053236,0,0,0,0,0,0,0,0,0,0,0,0
3.055017,0,0,0,0,0,0,0,0,0,0,0,0
3.056812,0,0,0,0,0,0,0,0,0,0,0,0
3.058604,0,0,0,0,0,0,0,0,0,0,0,0
3.060431,0,0,0,0,0,0,0,0,0,0,0,0
3.062199,0,0,0,0,0,0,0,0,0,0,0,0
3.063847,0,0,0,0,0,0,0,0,0,0,0,0
3.065481,0,0,0,0,0,0,0,0,0,0,0,0
3.067252,0,0,0,0,0,0,0,0,0,0,0,0
3.069117,0,0,0,0,0,0,0,0,0,0,0,0
3.070986,0,0,0,0,0,0,0,0,0,0,0,0
3.072783,0,0,0,0,0,0,0,0,0,0,0,0
3.074585,0,0,0,0,0,0,0,0,0,0,0,0
3.076348,0,0,0,0,0,0,0,0,0,0,0,0
3.077967,0,0,0,0,0,0,0,0,0,0,0,0
3.079586,0,0,0,0,0,0,0,0,0,0,0,0
3.081200,0,0,0,0,0,0,0,0,0,0,0,0
3.082812,0,0,0,0,0,0,0,0,0,0,0,0
3.084492,0,0,0,0,0,0,0,0,0,0,0,0
3.086256,0,0,0,0,0,0,0,0,0,0,0,0
3.088072,0,0,0,0,0,0,0,0,0,0,0,0
3.089874,0,0,0,0,0,0,0,0,0,0,0,0
3.091678,0,0,0,0,0,0,0,0,0,0,0,0
3.093483,0,0,0,0,0,0,0,0,0,0,0,0
3.095288,0,0,0,0,0,0,0,0,0,0,0,0
3.097092,0,0,0,0,0,0,0,0,0,0,0,0
3.098758,0,0,0,0,0,0,0,0,0,0,0,0
3.100594,0,0,0,0,0,0,0,0,0,0,0,0
3.102246,0,0,0,0,0,0,0,0,0,0,0,0
3.104021,0,0,0,0,0,0,0,0,0,0,0,0
3.105827,0,0,0,0,0,0,0,0,0,0,0,0
3.107632,0,0,0,0,0,0,0,0,0,0,0,0
3.109454,0,0,0,0,0,0,0,0,0,0,0,0
3.111260,0,0,0,0,0,0,0,0,0,0,0,0
3.113065,0,0,0,0,0,0,0,0,0,0,0,0
3.114869,0,0,0,0,0,0,0,0,0,0,0,0
3.116802,0,0,0,0,0,0,0,0,0,0,0,0
3.118606,0,0,0,0,0,0,0,0,0,0,0,0
3.120431,0,0,0,0,0,0,0,0,0,0,0,0
3.122234,0,0,0,0,0,0,0,0,0,0,0,0
3.124039,0,0,0,0,0,0,0,0,0,0,0,0
3.125845,0,0,0,0,0,0,0,0,0,0,0,0
3.127650,0,0,0,0,0,0,0,0,0,0,0,0
3.129455,0,0,0,0,0,0,0,0,0,0,0,0
3.131128,0,0,0,0,0,0,0,0,0,0,0,0
3.132963,0,0,0,0,0,0,0,0,0,0,0,0
3.134766,0,0,0,0,0,0,0,0,0,0,0,0
3.136575,0,0,0,0,0,0,0,0,0,0,0,0
3.138378,0,0,0,0,0,0,0,0,0,0,0,0
3.140149,0,0,0,0,0,0,0,0,0,0,0,0
3.141778,0,0,0,0,0,0,0,0,0,0,0,0
3.143434,0,0,0,0,0,0,0,0,0,0,0,0
3.145050,0,0,0,0,0,0,0,0,0,0,0,0
3.146665,0,0,0,0,0,0,0,0,0,0,0,0
3.148281,0,0,0,0,0,0,0,0,0,0,0,0
3.150109,0,0,0,0,0,0,0,0,0,0,0,0
3.151914,0,0,0,0,0,0,0,0,0,0,0,0
3.153737,0,0,0,0,0,0,0,0,0,0,0,0
3.155543,0,0,0,0,0,0,0,0,0,0,0,0
3.157348,0,0,0,0,0,0,0,0,0,0,0,0
3.159155,0,0,0,0,0,0,0,0,0,0,0,0
3.160950,0,0,0,0,0,0,0,0,0,0,0,0
3.162742,0,0,0,0,0,0,0,0,0,0,0,0
3.164515,0,0,0,0,0,0,0,0,0,0,0,0
3.166289,0,0,0,0,0,0,0,0,0,0,0,0
3.168095,0,0,0,0,0,0,0,0,0,0,0,0
3.169900,0,0,0,0,0,0,0,0,0,0,0,0
3.171707,0,0,0,0,0,0,0,0,0,0,0,0
3.173511,0,0,0,0,0,0,0,0,0,0,0,0
3.175198,0,0,0,0,0,0,0,0,0,0,0,0
3.176820,0,0,0,0,0,0,0,0,0,0,0,0
3.178435,0,0,0,0,0,0,0,0,0,0,0,0
3.180161,0,0,0,0,0,0,0,0,0,0,0,0
3.181837,0,0,0,0,0,0,0,0,0,0,0,0
3.183452,0,0,0,0,0,0,0,0,0,0,0,0
3.185065,0,0,0,0,0,0,0,0,0,0,0,0
3.186691,0,0,0,0,0,0,0,0,0,0,0,0
3.188308,0,0,0,0,0,0,0,0,0,0,0,0
3.190064,0,0,0,0,0,0,0,0,0,0,0,0
3.191714,0,0,0,0,0,0,0,0,0,0,0,0
3.193486,0,0,0,0,0,0,0,0,0,0,0,0
3.195292,0,0,0,0,0,0,0,0,0,0,0,0
3.197028,0,0,0,0,0,0,0,0,0,0,0,0
3.198801,0,0,0,0,0,0,0,0,0,0,0,0
3.200610,0,0,0,0,0,0,0,0,0,0,0,0
3.202413,0,0,0,0,0,0,0,0,0,0,0,0
3.204334,0,0,0,0,0,0,0,0,0,0,0,0
3.206136,0,0,0,0,0,0,0,0,0,0,0,0
3.207955,0,0,0,0,0,0,0,0,0,0,0,0
3.209760,0,0,0,0,0,0,0,0,0,0,0,0
3.211566,0,0,0,0,0,0,0,0,0,0,0,0
3.213373,0,0,0,0,0,0,0,0,0,0,0,0
3.215180,0,0,0,0,0,0,0,0,0,0,0,0
3.216985,0,0,0,0,0,0,0,0,0,0,0,0
3.218802,0,0,0,0,0,0,0,0,0,0,0,0
3.220568,0,0,0,0,0,0,0,0,0,0,0,0
3.222200,0,0,0,0,0,0,0,0,0,0,0,0
3.223821,0,0,0,0,0,0,0,0,0,0,0,0
3.225440,0,0,0,0,0,0,0,0,0,0,0,0
3.227057,0,0,0,0,0,0,0,0,0,0,0,0
3.228843,0,0,0,0,0,0,0,0,0,0,0,0
3.230463,0,0,0,0,0,0,0,0,0,0,0,0
3.232262,0,0,0,0,0,0,0,0,0,0,0,0
3.233877,0,0,0,0,0,0,0,0,0,0,0,0
3.235592,0,0,0,0,0,0,0,0,0,0,0,0
3.237316,0,0,0,0,0,0,0,0,0,0,0,0
3.240242,0,0,0,0,0,0,0,0,0,0,0,0
3.241854,0,0,0,0,0,0,0,0,0,0,0,0
3.243466,0,0,0,0,0,0,0,0,0,0,0,0
3.245141,0,0,0,0,0,0,0,0,0,0,0,0
3.246755,0,0,0,0,0,0,0,0,0,0,0,0
3.248463,0,0,0,0,0,0,0,0,0,0,0,0
3.250068,0,0,0,0,0,0,0,0,0,0,0,0
3.251642,0,0,0,0,0,0,0,0,0,0,0,0
3.253209,0,0,0,0,0,0,0,0,0,0,0,0
3.254773,0,0,0,0,0,0,0,0,0,0,0,0
3.256339,0,0,0,0,0,0,0,0,0,0,0,0
3.257951,0,0,0,0,0,0,0,0,0,0,0,0
3.259516,0,0,0,0,0,0,0,0,0,0,0,0
3.261268,0,0,0,0,0,0,0,0,0,0,0,0
3.263112,0,0,0,0,0,0,0,0,0,0,0,0
3.264907,0,0,0,0,0,0,0,0,0,0,0,0
3.266702,0,0,0,0,0,0,0,0,0,0,0,0
3.268417,0,0,0,0,0,0,0,0,0,0,0,0
3.270039,0,0,0,0,0,0,0,0,0,0,0,0
3.271669,0,0,0,0,0,0,0,0,0,0,0,0
3.273287,0,0,0,0,0,0,0,0,0,0,0,0
3.274902,0,0,0,0,0,0,0,0,0,0,0,0
3.276724,0,0,0,0,0,0,0,0,0,0,0,0
3.278339,0,0,0,0,0,0,0,0,0,0,0,0
3.279956,0,0,0,0,0,0,0,0,0,0,0,0
3.281571,0,0,0,0,0,0,0,0,0,0,0,0
3.283198,0,0,0,0,0,0,0,0,0,0,0,0
3.284812,0,0,0,0,0,0,0,0,0,0,0,0
3.286427,0,0,0,0,0,0,0,0,0,0,0,0
3.288139,0,0,0,0,0,0,0,0,0,0,0,0
3.289754,0,0,0,0,0,0,0,0,0,0,0,0
3.291371,0,0,0,0,0,0,0,0,0,0,0,0
3.293042,0,0,0,0,0,0,0,0,0,0,0,0
3.294667,0,0,0,0,0,0,0,0,0,0,0,0
3.296285,0,0,0,0,0,0,0,0,0,0,0,0
3.297899,0,0,0,0,0,0,0,0,0,0,0,0
3.299515,0,0,0,0,0,0,0,0,0,0,0,0
3.301129,0,0,0,0,0,0,0,0,0,0,0,0
3.302743,0,0,0,0,0,0,0,0,0,0,0,0
3.304383,0,0,0,0,0,0,0,0,0,0,0,0
3.306008,0,0,0,0,0,0,0,0,0,0,0,0
3.307625,0,0,0,0,0,0,0,0,0,0,0,0
3.309294,0,0,0,0,0,0,0,0,0,0,0,0
3.310949,0,0,0,0,0,0,0,0,0,0,0,0
3.312560,0,0,0,0,0,0,0,0,0,0,0,0
3.314174,0,0,0,0,0,0,0,0,0,0,0,0
3.315941,0,0,0,0,0,0,0,0,0,0,0,0
3.317607,0,0,0,0,0,0,0,0,0,0,0,0
3.319669,0,0,0,0,0,0,0,0,0,0,0,0
3.321375,0,0,0,0,0,0,0,0,0,0,0,0
3.322892,0,0,0,0,0,0,0,0,0,0,0,0
3.324335,0,0,0,0,0,0,0,0,0,0,0,0
3.325819,0,0,0,0,0,0,0,0,0,0,0,0
3.327390,0,0,0,0,0,0,0,0,0,0,0,0
3.330027,0,0,0,0,0,0,0,0,0,0,0,0
3.331646,0,0,0,0,0,0,0,0,0,0,0,0
3.333263,0,0,0,0,0,0,0,0,0,0,0,0
3.334880,0,0,0,0,0,0,0,0,0,0,0,0
3.336497,0,0,0,0,0,0,0,0,0,0,0,0
3.338113,0,0,0,0,0,0,0,0,0,0,0,0
3.339752,0,0,0,0,0,0,0,0,0,0,0,0
3.341423,0,0,0,0,0,0,0,0,0,0,0,0
3.343041,0,0,0,0,0,0,0,0,0,0,0,0
3.344657,0,0,0,0,0,0,0,0,0,0,0,0
3.346272,0,0,0,0,0,0,0,0,0,0,0,0
3.347889,0,0,0,0,0,0,0,0,0,0,0,0
3.349505,0,0,0,0,0,0,0,0,0,0,0,0
3.351147,0,0,0,0,0,0,0,0,0,0,0,0
3.352762,0,0,0,0,0,0,0,0,0,0,0,0
3.354377,0,0,0,0,0,0,0,0,0,0,0,0
3.356142,0,0,0,0,0,0,0,0,0,0,0,0
3.357814,0,0,0,0,0,0,0,0,0,0,0,0
3.359431,0,0,0,0,0,0,0,0,0,0,0,0
3.361047,0,0,0,0,0,0,0,0,0,0,0,0
3.362683,0,0,0,0,0,0,0,0,0,0,0,0
3.364301,0,0,0,0,0,0,0,0,0,0,0,0
3.366069,0,0,0,0,0,0,0,0,0,0,0,0
3.367876,0,0,0,0,0,0,0,0,0,0,0,0
3.369674,0,0,0,0,0,0,0,0,0,0,0,0
3.371419,0,0,0,0,0,0,0,0,0,0,0,0
3.373282,0,0,0,0,0,0,0,0,0,0,0,0
3.375089,0,0,0,0,0,0,0,0,0,0,0,0
3.376895,0,0,0,0,0,0,0,0,0,0,0,0
3.378698,0,0,0,0,0,0,0,0,0,0,0,0
3.380507,0,0,0,0,0,0,0,0,0,0,0,0
3.382309,0,0,0,0,0,0,0,0,0,0,0,0
3.383981,0,0,0,0,0,0,0,0,0,0,0,0
3.385603,0,0,0,0,0,0,0,0,0,0,0,0
3.387223,0,0,0,0,0,0,0,0,0,0,0,0
3.388902,0,0,0,0,0,0,0,0,0,0,0,0
3.390516,0,0,0,0,0,0,0,0,0,0,0,0
3.392255,0,0,0,0,0,0,0,0,0,0,0,0
3.394022,0,0,0,0,0,0,0,0,0,0,0,0
3.395842,0,0,0,0,0,0,0,0,0,0,0,0
3.397647,0,0,0,0,0,0,0,0,0,0,0,0
3.399454,0,0,0,0,0,0,0,0,0,0,0,0
3.401260,0,0,0,0,0,0,0,0,0,0,0,0
3.403067,0,0,0,0,0,0,0,0,0,0,0,0
3.404935,0,0,0,0,0,0,0,0,0,0,0,0
3.406605,0,0,0,0,0,0,0,0,0,0,0,0
3.408519,0,0,0,0,0,0,0,0,0,0,0,0
3.410323,0,0,0,0,0,0,0,0,0,0,0,0
3.412127,0,0,0,0,0,0,0,0,0,0,0,0
3.413932,0,0,0,0,0,0,0,0,0,0,0,0
3.415739,0,0,0,0,0,0,0,0,0,0,0,0
3.417558,0,0,0,0,0,0,0,0,0,0,0,0
3.419366,0,0,0,0,0,0,0,0,0,0,0,0
3.421043,0,0,0,0,0,0,0,0,0,0,0,0
3.422820,0,0,0,0,0,0,0,0,0,0,0,0
3.424630,0,0,0,0,0,0,0,0,0,0,0,0
3.426412,0,0,0,0,0,0,0,0,0,0,0,0
3.427958,0,0,0,0,0,0,0,0,0,0,0,0
3.429570,0,0,0,0,0,0,0,0,0,0,0,0
3.431188,0,0,0,0,0,0,0,0,0,0,0,0
3.432802,0,0,0,0,0,0,0,0,0,0,0,0
3.434419,0,0,0,0,0,0,0,0,0,0,0,0
3.436089,0,0,0,0,0,0,0,0,0,0,0,0
3.437857,0,0,0,0,0,0,0,0,0,0,0,0
3.439533,0,0,0,0,0,0,0,0,0,0,0,0
3.441159,0,0,0,0,0,0,0,0,0,0,0,0
3.442777,0,0,0,0,0,0,0,0,0,0,0,0
3.444397,0,0,0,0,0,0,0,0,0,0,0,0
3.446014,0,0,0,0,0,0,0,0,0,0,0,0
3.447631,0,0,0,0,0,0,0,0,0,0,0,0
3.449400,0,0,0,0,0,0,0,0,0,0,0,0
3.451077,0,0,0,0,0,0,0,0,0,0,0,0
3.452767,0,0,0,0,0,0,0,0,0,0,0,0
3.454389,0,0,0,0,0,0,0,0,0,0,0,0
3.456088,0,0,0,0,0,0,0,0,0,0,0,0
3.457709,0,0,0,0,0,0,0,0,0,0,0,0
3.459330,0,0,0,0,0,0,0,0,0,0,0,0
3.461100,0,0,0,0,0,0,0,0,0,0,0,0
3.462985,0,0,0,0,0,0,0,0,0,0,0,0
3.464787,0,0,0,0,0,0,0,0,0,0,0,0
3.466594,0,0,0,0,0,0,0,0,0,0,0,0
3.468534,0,0,0,0,0,0,0,0,0,0,0,0
3.470342,0,0,0,0,0,0,0,0,0,0,0,0
3.472232,0,0,0,0,0,0,0,0,0,0,0,0
3.474045,0,0,0,0,0,0,0,0,0,0,0,0
3.475700,0,0,0,0,0,0,0,0,0,0,0,0
3.477477,0,0,0,0,0,0,0,0,0,0,0,0
3.479285,0,0,0,0,0,0,0,0,0,0,0,0
3.481093,0,0,0,0,0,0,0,0,0,0,0,0
3.482900,0,0,0,0,0,0,0,0,0,0,0,0
3.484842,0,0,0,0,0,0,0,0,0,0,0,0
3.486648,0,0,0,0,0,0,0,0,0,0,0,0
3.488460,0,0,0,0,0,0,0,0,0,0,0,0
3.490169,0,0,0,0,0,0,0,0,0,0,0,0
3.491862,0,0,0,0,0,0,0,0,0,0,0,0
3.493581,0,0,0,0,0,0,0,0,0,0,0,0
3.497433,0,0,0,0,0,0,0,0,0,0,0,0
3.499077,0,0,0,0,0,0,0,0,0,0,0,0
3.500768,0,0,0,0,0,0,0,0,0,0,0,0
3.502389,0,0,0,0,0,0,0,0,0,0,0,0
3.504096,0,0,0,0,0,0,0,0,0,0,0,0
3.505742,0,0,0,0,0,0,0,0,0,0,0,0
3.507363,0,0,0,0,0,0,0,0,0,0,0,0
3.508982,0,0,0,0,0,0,0,0,0,0,0,0
3.510600,0,0,0,0,0,0,0,0,0,0,0,0
3.512338,0,0,0,0,0,0,0,0,0,0,0,0
3.513956,0,0,0,0,0,0,0,0,0,0,0,0
3.515576,0,0,0,0,0,0,0,0,0,0,0,0
3.517333,0,0,0,0,0,0,0,0,0,0,0,0
3.518971,0,0,0,0,0,0,0,0,0,0,0,0
3.520607,0,0,0,0,0,0,0,0,0,0,0,0
3.522225,0,0,0,0,0,0,0,0,0,0,0,0
3.523844,0,0,0,0,0,0,0,0,0,0,0,0
3.525462,0,0,0,0,0,0,0,0,0,0,0,0
3.527084,0,0,0,0,0,0,0,0,0,0,0,0
3.528712,0,0,0,0,0,0,0,0,0,0,0,0
3.530331,0,0,0,0,0,0,0,0,0,0,0,0
3.531951,0,0,0,0,0,0,0,0,0,0,0,0
3.533570,0,0,0,0,0,0,0,0,0,0,0,0
3.535191,0,0,0,0,0,0,0,0,0,0,0,0
3.536809,0,0,0,0,0,0,0,0,0,0,0,0
3.538578,0,0,0,0,0,0,0,0,0,0,0,0
3.540394,0,0,0,0,0,0,0,0,0,0,0,0
3.542014,0,0,0,0,0,0,0,0,0,0,0,0
3.543638,0,0,0,0,0,0,0,0,0,0,0,0
3.545263,0,0,0,0,0,0,0,0,0,0,0,0
3.546882,0,0,0,0,0,0,0,0,0,0,0,0
3.548561,0,0,0,0,0,0,0,0,0,0,0,0
3.550331,0,0,0,0,0,0,0,0,0,0,0,0
3.552065,0,0,0,0,0,0,0,0,0,0,0,0
3.553691,0,0,0,0,0,0,0,0,0,0,0,0
3.555314,0,0,0,0,0,0,0,0,0,0,0,0
3.556934,0,0,0,0,0,0,0,0,0,0,0,0
3.558551,0,0,0,0,0,0,0,0,0,0,0,0
3.560293,0,0,0,0,0,0,0,0,0,0,0,0
3.561911,0,0,0,0,0,0,0,0,0,0,0,0
3.563542,0,0,0,0,0,0,0,0,0,0,0,0
3.565224,0,0,0,0,0,0,0,0,0,0,0,0
3.566842,0,0,0,0,0,0,0,0,0,0,0,0
3.568462,0,0,0,0,0,0,0,0,0,0,0,0
3.570117,0,0,0,0,0,0,0,0,0,0,0,0
3.571736,0,0,0,0,0,0,0,0,0,0,0,0
3.573505,0,0,0,0,0,0,0,0,0,0,0,0
3.575184,0,0,0,0,0,0,0,0,0,0,0,0
3.576804,0,0,0,0,0,0,0,0,0,0,0,0
3.578418,0,0,0,0,0,0,0,0,0,0,0,0
3.580205,0,0,0,0,0,0,0,0,0,0,0,0
3.581885,0,0,0,0,0,0,0,0,0,0,0,0
3.583504,0,0,0,0,0,0,0,0,0,0,0,0
3.585122,0,0,0,0,0,0,0,0,0,0,0,0
3.586751,0,0,0,0,0,0,0,0,0,0,0,0
3.588369,0,0,0,0,0,0,0,0,0,0,0,0
3.589982,0,0,0,0,0,0,0,0,0,0,0,0
3.591754,0,0,0,0,0,0,0,0,0,0,0,0
3.593563,0,0,0,0,0,0,0,0,0,0,0,0
3.595373,0,0,0,0,0,0,0,0,0,0,0,0
3.597258,0,0,0,0,0,0,0,0,0,0,0,0
3.599068,0,0,0,0,0,0,0,0,0,0,0,0
3.600876,0,0,0,0,0,0,0,0,0,0,0,0
3.602682,0,0,0,0,0,0,0,0,0,0,0,0
3.604492,0,0,0,0,0,0,0,0,0,0,0,0
3.606276,0,0,0,0,0,0,0,0,0,0,0,0
3.607963,0,0,0,0,0,0,0,0,0,0,0,0
3.609582,0,0,0,0,0,0,0,0,0,0,0,0
3.611198,0,0,0,0,0,0,0,0,0,0,0,0
3.613151,0,0,0,0,0,0,0,0,0,0,0,0
3.614975,0,0,0,0,0,0,0,0,0,0,0,0
3.616773,0,0,0,0,0,0,0,0,0,0,0,0
3.618445,0,0,0,0,0,0,0,0,0,0,0,0
3.620123,0,0,0,0,0,0,0,0,0,0,0,0
3.621747,0,0,0,0,0,0,0,0,0,0,0,0
3.623377,0,0,0,0,0,0,0,0,0,0,0,0
3.624997,0,0,0,0,0,0,0,0,0,0,0,0
3.626616,0,0,0,0,0,0,0,0,0,0,0,0
3.628363,0,0,0,0,0,0,0,0,0,0,0,0
3.630054,0,0,0,0,0,0,0,0,0,0,0,0
3.631676,0,0,0,0,0,0,0,0,0,0,0,0
3.633295,0,0,0,0,0,0,0,0,0,0,0,0
3.634954,0,0,0,0,0,0,0,0,0,0,0,0
3.636571,0,0,0,0,0,0,0,0,0,0,0,0
3.638339,0,0,0,0,0,0,0,0,0,0,0,0
3.640201,0,0,0,0,0,0,0,0,0,0,0,0
3.642023,0,0,0,0,0,0,0,0,0,0,0,0
3.643831,0,0,0,0,0,0,0,0,0,0,0,0
3.645640,0,0,0,0,0,0,0,0,0,0,0,0
3.647449,0,0,0,0,0,0,0,0,0,0,0,0
3.649258,0,0,0,0,0,0,0,0,0,0,0,0
3.651068,0,0,0,0,0,0,0,0,0,0,0,0
3.652745,0,0,0,0,0,0,0,0,0,0,0,0
3.654520,0,0,0,0,0,0,0,0,0,0,0,0
3.656312,0,0,0,0,0,0,0,0,0,0,0,0
3.658087,0,0,0,0,0,0,0,0,0,0,0,0
3.659896,0,0,0,0,0,0,0,0,0,0,0,0
3.661703,0,0,0,0,0,0,0,0,0,0,0,0
3.663528,0,0,0,0,0,0,0,0,0,0,0,0
3.665337,0,0,0,0,0,0,0,0,0,0,0,0
3.667147,0,0,0,0,0,0,0,0,0,0,0,0
3.668955,0,0,0,0,0,0,0,0,0,0,0,0
3.670762,0,0,0,0,0,0,0,0,0,0,0,0
3.672614,0,0,0,0,0,0,0,0,0,0,0,0
3.674299,0,0,0,0,0,0,0,0,0,0,0,0
3.676077,0,0,0,0,0,0,0,0,0,0,0,0
3.677737,0,0,0,0,0,0,0,0,0,0,0,0
3.679515,0,0,0,0,0,0,0,0,0,0,0,0
3.681316,0,0,0,0,0,0,0,0,0,0,0,0
3.683169,0,0,0,0,0,0,0,0,0,0,0,0
3.684991,0,0,0,0,0,0,0,0,0,0,0,0
3.686798,0,0,0,0,0,0,0,0,0,0,0,0
3.688750,0,0,0,0,0,0,0,0,0,0,0,0
3.690555,0,0,0,0,0,0,0,0,0,0,0,0
3.692569,0,0,0,0,0,0,0,0,0,0,0,0
3.694376,0,0,0,0,0,0,0,0,0,0,0,0
3.696117,0,0,0,0,0,0,0,0,0,0,0,0
3.697894,0,0,0,0,0,0,0,0,0,0,0,0
3.699704,0,0,0,0,0,0,0,0,0,0,0,0
3.701504,0,0,0,0,0,0,0,0,0,0,0,0
3.703156,0,0,0,0,0,0,0,0,0,0,0,0
3.704930,0,0,0,0,0,0,0,0,0,0,0,0
3.706599,0,0,0,0,0,0,0,0,0,0,0,0
3.708367,0,0,0,0,0,0,0,0,0,0,0,0
3.710050,0,0,0,0,0,0,0,0,0,0,0,0
3.711670,0,0,0,0,0,0,0,0,0,0,0,0
3.713288,0,0,0,0,0,0,0,0,0,0,0,0
3.714905,0,0,0,0,0,0,0,0,0,0,0,0
3.716560,0,0,0,0,0,0,0,0,0,0,0,0
3.718188,0,0,0,0,0,0,0,0,0,0,0,0
3.719808,0,0,0,0,0,0,0,0,0,0,0,0
3.721426,0,0,0,0,0,0,0,0,0,0,0,0
3.723044,0,0,0,0,0,0,0,0,0,0,0,0
3.724728,0,0,0,0,0,0,0,0,0,0,0,0
3.726346,0,0,0,0,0,0,0,0,0,0,0,0
3.728117,0,0,0,0,0,0,0,0,0,0,0,0
3.729941,0,0,0,0,0,0,0,0,0,0,0,0
3.731752,0,0,0,0,0,0,0,0,0,0,0,0
3.733561,0,0,0,0,0,0,0,0,0,0,0,0
3.735373,0,0,0,0,0,0,0,0,0,0,0,0
3.737182,0,0,0,0,0,0,0,0,0,0,0,0
3.738992,0,0,0,0,0,0,0,0,0,0,0,0
3.740732,0,0,0,0,0,0,0,0,0,0,0,0
3.742508,0,0,0,0,0,0,0,0,0,0,0,0
3.744304,0,0,0,0,0,0,0,0,0,0,0,0
3.746081,0,0,0,0,0,0,0,0,0,0,0,0
3.747891,0,0,0,0,0,0,0,0,0,0,0,0
3.749699,0,0,0,0,0,0,0,0,0,0,0,0
3.751525,0,0,0,0,0,0,0,0,0,0,0,0
3.753334,0,0,0,0,0,0,0,0,0,0,0,0
3.755146,0,0,0,0,0,0,0,0,0,0,0,0
3.757019,0,0,0,0,0,0,0,0,0,0,0,0
3.758826,0,0,0,0,0,0,0,0,0,0,0,0
3.760639,0,0,0,0,0,0,0,0,0,0,0,0
3.762313,0,0,0,0,0,0,0,0,0,0,0,0
3.764091,0,0,0,0,0,0,0,0,0,0,0,0
3.765891,0,0,0,0,0,0,0,0,0,0,0,0
3.767542,0,0,0,0,0,0,0,0,0,0,0,0
3.769203,0,0,0,0,0,0,0,0,0,0,0,0
3.770822,0,0,0,0,0,0,0,0,0,0,0,0
3.772516,0,0,0,0,0,0,0,0,0,0,0,0
3.774134,0,0,0,0,0,0,0,0,0,0,0,0
3.775753,0,0,0,0,0,0,0,0,0,0,0,0
3.777521,0,0,0,0,0,0,0,0,0,0,0,0
3.779329,0,0,0,0,0,0,0,0,0,0,0,0
3.781134,0,0,0,0,0,0,0,0,0,0,0,0
3.782803,0,0,0,0,0,0,0,0,0,0,0,0
3.784669,0,0,0,0,0,0,0,0,0,0,0,0
3.786505,0,0,0,0,0,0,0,0,0,0,0,0
3.788417,0,0,0,0,0,0,0,0,0,0,0,0
3.790244,0,0,0,0,0,0,0,0,0,0,0,0
3.792052,0,0,0,0,0,0,0,0,0,0,0,0
3.793729,0,0,0,0,0,0,0,0,0,0,0,0
3.795356,0,0,0,0,0,0,0,0,0,0,0,0
3.796976,0,0,0,0,0,0,0,0,0,0,0,0
3.798593,0,0,0,0,0,0,0,0,0,0,0,0
3.800352,0,0,0,0,0,0,0,0,0,0,0,0
3.801968,0,0,0,0,0,0,0,0,0,0,0,0
3.803589,0,0,0,0,0,0,0,0,0,0,0,0
3.805280,0,0,0,0,0,0,0,0,0,0,0,0
3.806898,0,0,0,0,0,0,0,0,0,0,0,0
3.808552,0,0,0,0,0,0,0,0,0,0,0,0
3.810169,0,0,0,0,0,0,0,0,0,0,0,0
3.811788,0,0,0,0,0,0,0,0,0,0,0,0
3.813404,0,0,0,0,0,0,0,0,0,0,0,0
3.815176,0,0,0,0,0,0,0,0,0,0,0,0
3.816850,0,0,0,0,0,0,0,0,0,0,0,0
3.818474,0,0,0,0,0,0,0,0,0,0,0,0
3.820215,0,0,0,0,0,0,0,0,0,0,0,0
3.821898,0,0,0,0,0,0,0,0,0,0,0,0
3.823526,0,0,0,0,0,0,0,0,0,0,0,0
3.825147,0,0,0,0,0,0,0,0,0,0,0,0
3.826763,0,0,0,0,0,0,0,0,0,0,0,0
3.828512,0,0,0,0,0,0,0,0,0,0,0,0
3.830275,0,0,0,0,0,0,0,0,0,0,0,0
3.831930,0,0,0,0,0,0,0,0,0,0,0,0
3.833823,0,0,0,0,0,0,0,0,0,0,0,0
3.835631,0,0,0,0,0,0,0,0,0,0,0,0
3.837440,0,0,0,0,0,0,0,0,0,0,0,0
3.839117,0,0,0,0,0,0,0,0,0,0,0,0
3.840742,0,0,0,0,0,0,0,0,0,0,0,0
3.842360,0,0,0,0,0,0,0,0,0,0,0,0
3.843977,0,0,0,0,0,0,0,0,0,0,0,0
3.845594,0,0,0,0,0,0,0,0,0,0,0,0
3.847212,0,0,0,0,0,0,0,0,0,0,0,0
3.848977,0,0,0,0,0,0,0,0,0,0,0,0
3.850635,0,0,0,0,0,0,0,0,0,0,0,0
3.852256,0,0,0,0,0,0,0,0,0,0,0,0
3.853848,0,0,0,0,0,0,0,0,0,0,0,0
3.855468,0,0,0,0,0,0,0,0,0,0,0,0
3.857084,0,0,0,0,0,0,0,0,0,0,0,0
3.858713,0,0,0,0,0,0,0,0,0,0,0,0
3.860334,0,0,0,0,0,0,0,0,0,0,0,0
3.862114,0,0,0,0,0,0,0,0,0,0,0,0
3.863922,0,0,0,0,0,0,0,0,0,0,0,0
3.865731,0,0,0,0,0,0,0,0,0,0,0,0
3.867542,0,0,0,0,0,0,0,0,0,0,0,0
3.869353,0,0,0,0,0,0,0,0,0,0,0,0
3.871165,0,0,0,0,0,0,0,0,0,0,0,0
3.872841,0,0,0,0,0,0,0,0,0,0,0,0
3.874615,0,0,0,0,0,0,0,0,0,0,0,0
3.876429,0,0,0,0,0,0,0,0,0,0,0,0
3.878237,0,0,0,0,0,0,0,0,0,0,0,0
3.880045,0,0,0,0,0,0,0,0,0,0,0,0
3.881854,0,0,0,0,0,0,0,0,0,0,0,0
3.883678,0,0,0,0,0,0,0,0,0,0,0,0
3.885491,0,0,0,0,0,0,0,0,0,0,0,0
3.887302,0,0,0,0,0,0,0,0,0,0,0,0
3.889103,0,0,0,0,0,0,0,0,0,0,0,0
3.890902,0,0,0,0,0,0,0,0,0,0,0,0
3.892883,0,0,0,0,0,0,0,0,0,0,0,0
3.894518,0,0,0,0,0,0,0,0,0,0,0,0
3.896197,0,0,0,0,0,0,0,0,0,0,0,0
3.897814,0,0,0,0,0,0,0,0,0,0,0,0
3.899326,0,0,0,0,0,0,0,0,0,0,0,0
3.901014,0,0,0,0,0,0,0,0,0,0,0,0
3.902687,0,0,0,0,0,0,0,0,0,0,0,0
3.904365,0,0,0,0,0,0,0,0,0,0,0,0
3.906042,0,0,0,0,0,0,0,0,0,0,0,0
3.907680,0,0,0,0,0,0,0,0,0,0,0,0
3.909487,0,0,0,0,0,0,0,0,0,0,0,0
3.911297,0,0,0,0,0,0,0,0,0,0,0,0
3.913102,0,0,0,0,0,0,0,0,0,0,0,0
3.915000,0,0,0,0,0,0,0,0,0,0,0,0
3.916751,0,0,0,0,0,0,0,0,0,0,0,0
3.918526,0,0,0,0,0,0,0,0,0,0,0,0
3.920421,0,0,0,0,0,0,0,0,0,0,0,0
3.922226,0,0,0,0,0,0,0,0,0,0,0,0
3.924033,0,0,0,0,0,0,0,0,0,0,0,0
3.925840,0,0,0,0,0,0,0,0,0,0,0,0
3.927666,0,0,0,0,0,0,0,0,0,0,0,0
3.929473,0,0,0,0,0,0,0,0,0,0,0,0
3.931283,0,0,0,0,0,0,0,0,0,0,0,0
3.933152,0,0,0,0,0,0,0,0,0,0,0,0
3.934962,0,0,0,0,0,0,0,0,0,0,0,0
3.936770,0,0,0,0,0,0,0,0,0,0,0,0
3.938442,0,0,0,0,0,0,0,0,0,0,0,0
3.940332,0,0,0,0,0,0,0,0,0,0,0,0
3.942137,0,0,0,0,0,0,0,0,0,0,0,0
3.943942,0,0,0,0,0,0,0,0,0,0,0,0
3.945749,0,0,0,0,0,0,0,0,0,0,0,0
3.947558,0,0,0,0,0,0,0,0,0,0,0,0
3.949247,0,0,0,0,0,0,0,0,0,0,0,0
3.951026,0,0,0,0,0,0,0,0,0,0,0,0
3.952835,0,0,0,0,0,0,0,0,0,0,0,0
3.954639,0,0,0,0,0,0,0,0,0,0,0,0
3.956450,0,0,0,0,0,0,0,0,0,0,0,0
3.958254,0,0,0,0,0,0,0,0,0,0,0,0
3.959925,0,0,0,0,0,0,0,0,0,0,0,0
3.961701,0,0,0,0,0,0,0,0,0,0,0,0
3.963509,0,0,0,0,0,0,0,0,0,0,0,0
3.965328,0,0,0,0,0,0,0,0,0,0,0,0
3.967018,0,0,0,0,0,0,0,0,0,0,0,0
3.968792,0,0,0,0,0,0,0,0,0,0,0,0
3.970475,0,0,0,0,0,0,0,0,0,0,0,0
3.972316,0,0,0,0,0,0,0,0,0,0,0,0
3.974123,0,0,0,0,0,0,0,0,0,0,0,0
3.975929,0,0,0,0,0,0,0,0,0,0,0,0
3.977737,0,0,0,0,0,0,0,0,0,0,0,0
3.979547,0,0,0,0,0,0,0,0,0,0,0,0
3.981298,0,0,0,0,0,0,0,0,0,0,0,0
3.983113,0,0,0,0,0,0,0,0,0,0,0,0
3.984733,0,0,0,0,0,0,0,0,0,0,0,0
3.986350,0,0,0,0,0,0,0,0,0,0,0,0
3.987968,0,0,0,0,0,0,0,0,0,0,0,0
3.989586,0,0,0,0,0,0,0,0,0,0,0,0
3.991879,0,0,0,0,0,0,0,0,0,0,0,0
3.993581,0,0,0,0,0,0,0,0,0,0,0,0
3.995252,0,0,0,0,0,0,0,0,0,0,0,0
3.996974,0,0,0,0,0,0,0,0,0,0,0,0
3.998588,0,0,0,0,0,0,0,0,0,0,0,0
4.000090,0,0,0,0,0,0,0,0,0,0,0,0
