elapsed_s,TP_RESERVED_120,TP_RESERVED_121,TP_RESERVED_122,TP_RESERVED_123,TP_RESERVED_124,TP_RESERVED_125,TP_RESERVED_126,TP_RESERVED_127,TP_FORMAT_DECOMP_BILINEAR,TP_PACKED_POINT_BOTH_VALID_FP16,TP_PACKED_POINT_SINGLE_VALID_FP16,TP_PACKED_POINT_BOTH_VALID_FP32
0.001427,0,0,0,0,0,0,0,0,0,0,0,0
0.003769,0,0,0,0,0,0,0,0,0,0,0,0
0.005649,0,0,0,0,0,0,0,0,0,0,0,0
0.007191,0,0,0,0,0,0,0,0,0,0,0,0
0.008682,0,0,0,0,0,0,0,0,0,0,0,0
0.010260,0,0,0,0,0,0,0,0,0,0,0,0
0.011781,0,0,0,0,0,0,0,0,0,0,0,0
0.013223,0,0,0,0,0,0,0,0,0,0,0,0
0.014712,0,0,0,0,0,0,0,0,0,0,0,0
0.016153,0,0,0,0,0,0,0,0,0,0,0,0
0.017592,0,0,0,0,0,0,0,0,0,0,0,0
0.019693,0,0,0,0,0,0,0,0,0,0,0,0
0.021183,0,0,0,0,0,0,0,0,0,0,0,0
0.022633,0,0,0,0,0,0,0,0,0,0,0,0
0.024074,0,0,0,0,0,0,0,0,0,0,0,0
0.025512,0,0,0,0,0,0,0,0,0,0,0,0
0.027009,0,0,0,0,0,0,0,0,0,0,0,0
0.028484,0,0,0,0,0,0,0,0,0,0,0,0
0.029947,0,0,0,0,0,0,0,0,0,0,0,0
0.031481,0,0,0,0,0,0,0,0,0,0,0,0
0.032943,0,0,0,0,0,0,0,0,0,0,0,0
0.034417,0,0,0,0,0,0,0,0,0,0,0,0
0.036098,0,0,0,0,0,0,0,0,0,0,0,0
0.037573,0,0,0,0,0,0,0,0,0,0,0,0
0.039036,0,0,0,0,0,0,0,0,0,0,0,0
0.040501,0,0,0,0,0,0,0,0,0,0,0,0
0.041974,0,0,0,0,0,0,0,0,0,0,0,0
0.043522,0,0,0,0,0,0,0,0,0,0,0,0
0.044964,0,0,0,0,0,0,0,0,0,0,0,0
0.046440,0,0,0,0,0,0,0,0,0,0,0,0
0.047882,0,0,0,0,0,0,0,0,0,0,0,0
0.049325,0,0,0,0,0,0,0,0,0,0,0,0
0.050770,0,0,0,0,0,0,0,0,0,0,0,0
0.052221,0,0,0,0,0,0,0,0,0,0,0,0
0.053665,0,0,0,0,0,0,0,0,0,0,0,0
0.055107,0,0,0,0,0,0,0,0,0,0,0,0
0.056549,0,0,0,0,0,0,0,0,0,0,0,0
0.057992,0,0,0,0,0,0,0,0,0,0,0,0
0.059513,0,0,0,0,0,0,0,0,0,0,0,0
0.060915,0,0,0,0,0,0,0,0,0,0,0,0
0.062350,0,0,0,0,0,0,0,0,0,0,0,0
0.063749,0,0,0,0,0,0,0,0,0,0,0,0
0.065163,0,0,0,0,0,0,0,0,0,0,0,0
0.066586,0,0,0,0,0,0,0,0,0,0,0,0
0.067925,0,0,0,0,0,0,0,0,0,0,0,0
0.069264,0,0,0,0,0,0,0,0,0,0,0,0
0.070603,0,0,0,0,0,0,0,0,0,0,0,0
0.071951,0,0,0,0,0,0,0,0,0,0,0,0
0.073294,0,0,0,0,0,0,0,0,0,0,0,0
0.074676,0,0,0,0,0,0,0,0,0,0,0,0
0.076101,0,0,0,0,0,0,0,0,0,0,0,0
0.077503,0,0,0,0,0,0,0,0,0,0,0,0
0.078897,0,0,0,0,0,0,0,0,0,0,0,0
0.080290,0,0,0,0,0,0,0,0,0,0,0,0
0.081683,0,0,0,0,0,0,0,0,0,0,0,0
0.083074,0,0,0,0,0,0,0,0,0,0,0,0
0.084638,0,0,0,0,0,0,0,0,0,0,0,0
0.085993,0,0,0,0,0,0,0,0,0,0,0,0
0.087538,0,0,0,0,0,0,0,0,0,0,0,0
0.088981,0,0,0,0,0,0,0,0,0,0,0,0
0.090755,0,0,0,0,0,0,0,0,0,0,0,0
0.092619,0,0,0,0,0,0,0,0,0,0,0,0
0.094115,0,0,0,0,0,0,0,0,0,0,0,0
0.095637,0,0,0,0,0,0,0,0,0,0,0,0
0.097146,0,0,0,0,0,0,0,0,0,0,0,0
0.098674,0,0,0,0,0,0,0,0,0,0,0,0
0.100159,0,0,0,0,0,0,0,0,0,0,0,0
0.101591,0,0,0,0,0,0,0,0,0,0,0,0
0.103020,0,0,0,0,0,0,0,0,0,0,0,0
0.104449,0,0,0,0,0,0,0,0,0,0,0,0
0.105895,0,0,0,0,0,0,0,0,0,0,0,0
0.107325,0,0,0,0,0,0,0,0,0,0,0,0
0.108753,0,0,0,0,0,0,0,0,0,0,0,0
0.110174,0,0,0,0,0,0,0,0,0,0,0,0
0.112683,0,0,0,0,0,0,0,0,0,0,0,0
0.114108,0,0,0,0,0,0,0,0,0,0,0,0
0.115607,0,0,0,0,0,0,0,0,0,0,0,0
0.117039,0,0,0,0,0,0,0,0,0,0,0,0
0.121614,0,0,0,0,0,0,0,0,0,0,0,0
0.123096,0,0,0,0,0,0,0,0,0,0,0,0
0.124524,0,0,0,0,0,0,0,0,0,0,0,0
0.125950,0,0,0,0,0,0,0,0,0,0,0,0
0.127460,0,0,0,0,0,0,0,0,0,0,0,0
0.128882,0,0,0,0,0,0,0,0,0,0,0,0
0.130304,0,0,0,0,0,0,0,0,0,0,0,0
0.131729,0,0,0,0,0,0,0,0,0,0,0,0
0.133131,0,0,0,0,0,0,0,0,0,0,0,0
0.134519,0,0,0,0,0,0,0,0,0,0,0,0
0.135903,0,0,0,0,0,0,0,0,0,0,0,0
0.137288,0,0,0,0,0,0,0,0,0,0,0,0
0.138741,0,0,0,0,0,0,0,0,0,0,0,0
0.140127,0,0,0,0,0,0,0,0,0,0,0,0
0.141509,0,0,0,0,0,0,0,0,0,0,0,0
0.142891,0,0,0,0,0,0,0,0,0,0,0,0
0.144274,0,0,0,0,0,0,0,0,0,0,0,0
0.145656,0,0,0,0,0,0,0,0,0,0,0,0
0.147039,0,0,0,0,0,0,0,0,0,0,0,0
0.148421,0,0,0,0,0,0,0,0,0,0,0,0
0.149815,0,0,0,0,0,0,0,0,0,0,0,0
0.151199,0,0,0,0,0,0,0,0,0,0,0,0
0.152582,0,0,0,0,0,0,0,0,0,0,0,0
0.153965,0,0,0,0,0,0,0,0,0,0,0,0
0.155939,0,0,0,0,0,0,0,0,0,0,0,0
0.157531,0,0,0,0,0,0,0,0,0,0,0,0
0.159125,0,0,0,0,0,0,0,0,0,0,0,0
0.160607,0,0,0,0,0,0,0,0,0,0,0,0
0.162171,0,0,0,0,0,0,0,0,0,0,0,0
0.163768,0,0,0,0,0,0,0,0,0,0,0,0
0.165360,0,0,0,0,0,0,0,0,0,0,0,0
0.166953,0,0,0,0,0,0,0,0,0,0,0,0
0.168546,0,0,0,0,0,0,0,0,0,0,0,0
0.170180,0,0,0,0,0,0,0,0,0,0,0,0
0.171792,0,0,0,0,0,0,0,0,0,0,0,0
0.173383,0,0,0,0,0,0,0,0,0,0,0,0
0.174981,0,0,0,0,0,0,0,0,0,0,0,0
0.176574,0,0,0,0,0,0,0,0,0,0,0,0
0.178166,0,0,0,0,0,0,0,0,0,0,0,0
0.179784,0,0,0,0,0,0,0,0,0,0,0,0
0.181376,0,0,0,0,0,0,0,0,0,0,0,0
0.182984,0,0,0,0,0,0,0,0,0,0,0,0
0.184578,0,0,0,0,0,0,0,0,0,0,0,0
0.186211,0,0,0,0,0,0,0,0,0,0,0,0
0.187809,0,0,0,0,0,0,0,0,0,0,0,0
0.189401,0,0,0,0,0,0,0,0,0,0,0,0
0.190994,0,0,0,0,0,0,0,0,0,0,0,0
0.192632,0,0,0,0,0,0,0,0,0,0,0,0
0.194238,0,0,0,0,0,0,0,0,0,0,0,0
0.195835,0,0,0,0,0,0,0,0,0,0,0,0
0.197426,0,0,0,0,0,0,0,0,0,0,0,0
0.199020,0,0,0,0,0,0,0,0,0,0,0,0
0.200571,0,0,0,0,0,0,0,0,0,0,0,0
0.202175,0,0,0,0,0,0,0,0,0,0,0,0
0.203620,0,0,0,0,0,0,0,0,0,0,0,0
0.205059,0,0,0,0,0,0,0,0,0,0,0,0
0.206487,0,0,0,0,0,0,0,0,0,0,0,0
0.208046,0,0,0,0,0,0,0,0,0,0,0,0
0.209637,0,0,0,0,0,0,0,0,0,0,0,0
0.211229,0,0,0,0,0,0,0,0,0,0,0,0
0.212823,0,0,0,0,0,0,0,0,0,0,0,0
0.214418,0,0,0,0,0,0,0,0,0,0,0,0
0.215895,0,0,0,0,0,0,0,0,0,0,0,0
0.217450,0,0,0,0,0,0,0,0,0,0,0,0
0.218912,0,0,0,0,0,0,0,0,0,0,0,0
0.220347,0,0,0,0,0,0,0,0,0,0,0,0
0.221776,0,0,0,0,0,0,0,0,0,0,0,0
0.223207,0,0,0,0,0,0,0,0,0,0,0,0
0.224635,0,0,0,0,0,0,0,0,0,0,0,0
0.226203,0,0,0,0,0,0,0,0,0,0,0,0
0.227632,0,0,0,0,0,0,0,0,0,0,0,0
0.229188,0,0,0,0,0,0,0,0,0,0,0,0
0.230779,0,0,0,0,0,0,0,0,0,0,0,0
0.232373,0,0,0,0,0,0,0,0,0,0,0,0
0.233963,0,0,0,0,0,0,0,0,0,0,0,0
0.235694,0,0,0,0,0,0,0,0,0,0,0,0
0.237297,0,0,0,0,0,0,0,0,0,0,0,0
0.238890,0,0,0,0,0,0,0,0,0,0,0,0
0.240482,0,0,0,0,0,0,0,0,0,0,0,0
0.242072,0,0,0,0,0,0,0,0,0,0,0,0
0.243668,0,0,0,0,0,0,0,0,0,0,0,0
0.245257,0,0,0,0,0,0,0,0,0,0,0,0
0.246849,0,0,0,0,0,0,0,0,0,0,0,0
0.248466,0,0,0,0,0,0,0,0,0,0,0,0
0.249951,0,0,0,0,0,0,0,0,0,0,0,0
0.251510,0,0,0,0,0,0,0,0,0,0,0,0
0.253069,0,0,0,0,0,0,0,0,0,0,0,0
0.254663,0,0,0,0,0,0,0,0,0,0,0,0
0.256248,0,0,0,0,0,0,0,0,0,0,0,0
0.257831,0,0,0,0,0,0,0,0,0,0,0,0
0.259306,0,0,0,0,0,0,0,0,0,0,0,0
0.260869,0,0,0,0,0,0,0,0,0,0,0,0
0.262464,0,0,0,0,0,0,0,0,0,0,0,0
0.264057,0,0,0,0,0,0,0,0,0,0,0,0
0.265648,0,0,0,0,0,0,0,0,0,0,0,0
0.267240,0,0,0,0,0,0,0,0,0,0,0,0
0.268833,0,0,0,0,0,0,0,0,0,0,0,0
0.270441,0,0,0,0,0,0,0,0,0,0,0,0
0.272034,0,0,0,0,0,0,0,0,0,0,0,0
0.273625,0,0,0,0,0,0,0,0,0,0,0,0
0.275218,0,0,0,0,0,0,0,0,0,0,0,0
0.276811,0,0,0,0,0,0,0,0,0,0,0,0
0.278406,0,0,0,0,0,0,0,0,0,0,0,0
0.279989,0,0,0,0,0,0,0,0,0,0,0,0
0.281584,0,0,0,0,0,0,0,0,0,0,0,0
0.283045,0,0,0,0,0,0,0,0,0,0,0,0
0.284608,0,0,0,0,0,0,0,0,0,0,0,0
0.286199,0,0,0,0,0,0,0,0,0,0,0,0
0.287795,0,0,0,0,0,0,0,0,0,0,0,0
0.289384,0,0,0,0,0,0,0,0,0,0,0,0
0.290978,0,0,0,0,0,0,0,0,0,0,0,0
0.292583,0,0,0,0,0,0,0,0,0,0,0,0
0.294172,0,0,0,0,0,0,0,0,0,0,0,0
0.295767,0,0,0,0,0,0,0,0,0,0,0,0
0.297357,0,0,0,0,0,0,0,0,0,0,0,0
0.298951,0,0,0,0,0,0,0,0,0,0,0,0
0.300544,0,0,0,0,0,0,0,0,0,0,0,0
0.302134,0,0,0,0,0,0,0,0,0,0,0,0
0.303743,0,0,0,0,0,0,0,0,0,0,0,0
0.305333,0,0,0,0,0,0,0,0,0,0,0,0
0.306926,0,0,0,0,0,0,0,0,0,0,0,0
0.308519,0,0,0,0,0,0,0,0,0,0,0,0
0.310108,0,0,0,0,0,0,0,0,0,0,0,0
0.311606,0,0,0,0,0,0,0,0,0,0,0,0
0.313075,0,0,0,0,0,0,0,0,0,0,0,0
0.314531,0,0,0,0,0,0,0,0,0,0,0,0
0.315925,0,0,0,0,0,0,0,0,0,0,0,0
0.317301,0,0,0,0,0,0,0,0,0,0,0,0
0.318724,0,0,0,0,0,0,0,0,0,0,0,0
0.320105,0,0,0,0,0,0,0,0,0,0,0,0
0.321483,0,0,0,0,0,0,0,0,0,0,0,0
0.322916,0,0,0,0,0,0,0,0,0,0,0,0
0.324302,0,0,0,0,0,0,0,0,0,0,0,0
0.325692,0,0,0,0,0,0,0,0,0,0,0,0
0.327118,0,0,0,0,0,0,0,0,0,0,0,0
0.328497,0,0,0,0,0,0,0,0,0,0,0,0
0.329876,0,0,0,0,0,0,0,0,0,0,0,0
0.331292,0,0,0,0,0,0,0,0,0,0,0,0
0.332647,0,0,0,0,0,0,0,0,0,0,0,0
0.333996,0,0,0,0,0,0,0,0,0,0,0,0
0.335429,0,0,0,0,0,0,0,0,0,0,0,0
0.336786,0,0,0,0,0,0,0,0,0,0,0,0
0.338138,0,0,0,0,0,0,0,0,0,0,0,0
0.339492,0,0,0,0,0,0,0,0,0,0,0,0
0.340840,0,0,0,0,0,0,0,0,0,0,0,0
0.342188,0,0,0,0,0,0,0,0,0,0,0,0
0.343571,0,0,0,0,0,0,0,0,0,0,0,0
0.344920,0,0,0,0,0,0,0,0,0,0,0,0
0.346306,0,0,0,0,0,0,0,0,0,0,0,0
0.347706,0,0,0,0,0,0,0,0,0,0,0,0
0.349098,0,0,0,0,0,0,0,0,0,0,0,0
0.350382,0,0,0,0,0,0,0,0,0,0,0,0
0.351774,0,0,0,0,0,0,0,0,0,0,0,0
0.353058,0,0,0,0,0,0,0,0,0,0,0,0
0.354498,0,0,0,0,0,0,0,0,0,0,0,0
0.355890,0,0,0,0,0,0,0,0,0,0,0,0
0.357282,0,0,0,0,0,0,0,0,0,0,0,0
0.358568,0,0,0,0,0,0,0,0,0,0,0,0
0.359959,0,0,0,0,0,0,0,0,0,0,0,0
0.361387,0,0,0,0,0,0,0,0,0,0,0,0
0.362857,0,0,0,0,0,0,0,0,0,0,0,0
0.364244,0,0,0,0,0,0,0,0,0,0,0,0
0.365633,0,0,0,0,0,0,0,0,0,0,0,0
0.367021,0,0,0,0,0,0,0,0,0,0,0,0
0.368406,0,0,0,0,0,0,0,0,0,0,0,0
0.369803,0,0,0,0,0,0,0,0,0,0,0,0
0.371184,0,0,0,0,0,0,0,0,0,0,0,0
0.372566,0,0,0,0,0,0,0,0,0,0,0,0
0.374012,0,0,0,0,0,0,0,0,0,0,0,0
0.375490,0,0,0,0,0,0,0,0,0,0,0,0
0.376881,0,0,0,0,0,0,0,0,0,0,0,0
0.378523,0,0,0,0,0,0,0,0,0,0,0,0
0.380029,0,0,0,0,0,0,0,0,0,0,0,0
0.381463,0,0,0,0,0,0,0,0,0,0,0,0
0.382892,0,0,0,0,0,0,0,0,0,0,0,0
0.384512,0,0,0,0,0,0,0,0,0,0,0,0
0.385966,0,0,0,0,0,0,0,0,0,0,0,0
0.387531,0,0,0,0,0,0,0,0,0,0,0,0
0.388963,0,0,0,0,0,0,0,0,0,0,0,0
0.390404,0,0,0,0,0,0,0,0,0,0,0,0
0.391835,0,0,0,0,0,0,0,0,0,0,0,0
0.393264,0,0,0,0,0,0,0,0,0,0,0,0
0.394693,0,0,0,0,0,0,0,0,0,0,0,0
0.396117,0,0,0,0,0,0,0,0,0,0,0,0
0.397618,0,0,0,0,0,0,0,0,0,0,0,0
0.399041,0,0,0,0,0,0,0,0,0,0,0,0
0.400471,0,0,0,0,0,0,0,0,0,0,0,0
0.401893,0,0,0,0,0,0,0,0,0,0,0,0
0.406383,0,0,0,0,0,0,0,0,0,0,0,0
0.407813,0,0,0,0,0,0,0,0,0,0,0,0
0.409619,0,0,0,0,0,0,0,0,0,0,0,0
0.411061,0,0,0,0,0,0,0,0,0,0,0,0
0.412504,0,0,0,0,0,0,0,0,0,0,0,0
0.413933,0,0,0,0,0,0,0,0,0,0,0,0
0.415365,0,0,0,0,0,0,0,0,0,0,0,0
0.416788,0,0,0,0,0,0,0,0,0,0,0,0
0.418210,0,0,0,0,0,0,0,0,0,0,0,0
0.419639,0,0,0,0,0,0,0,0,0,0,0,0
0.421055,0,0,0,0,0,0,0,0,0,0,0,0
0.422486,0,0,0,0,0,0,0,0,0,0,0,0
0.423865,0,0,0,0,0,0,0,0,0,0,0,0
0.425245,0,0,0,0,0,0,0,0,0,0,0,0
0.426646,0,0,0,0,0,0,0,0,0,0,0,0
0.428078,0,0,0,0,0,0,0,0,0,0,0,0
0.429507,0,0,0,0,0,0,0,0,0,0,0,0
0.430937,0,0,0,0,0,0,0,0,0,0,0,0
0.432375,0,0,0,0,0,0,0,0,0,0,0,0
0.433932,0,0,0,0,0,0,0,0,0,0,0,0
0.435586,0,0,0,0,0,0,0,0,0,0,0,0
0.437180,0,0,0,0,0,0,0,0,0,0,0,0
0.438774,0,0,0,0,0,0,0,0,0,0,0,0
0.440368,0,0,0,0,0,0,0,0,0,0,0,0
0.441960,0,0,0,0,0,0,0,0,0,0,0,0
0.443662,0,0,0,0,0,0,0,0,0,0,0,0
0.445254,0,0,0,0,0,0,0,0,0,0,0,0
0.446848,0,0,0,0,0,0,0,0,0,0,0,0
0.448447,0,0,0,0,0,0,0,0,0,0,0,0
0.450038,0,0,0,0,0,0,0,0,0,0,0,0
0.451635,0,0,0,0,0,0,0,0,0,0,0,0
0.453227,0,0,0,0,0,0,0,0,0,0,0,0
0.454712,0,0,0,0,0,0,0,0,0,0,0,0
0.456277,0,0,0,0,0,0,0,0,0,0,0,0
0.457869,0,0,0,0,0,0,0,0,0,0,0,0
0.459508,0,0,0,0,0,0,0,0,0,0,0,0
0.461102,0,0,0,0,0,0,0,0,0,0,0,0
0.462697,0,0,0,0,0,0,0,0,0,0,0,0
0.464283,0,0,0,0,0,0,0,0,0,0,0,0
0.465880,0,0,0,0,0,0,0,0,0,0,0,0
0.467343,0,0,0,0,0,0,0,0,0,0,0,0
0.468908,0,0,0,0,0,0,0,0,0,0,0,0
0.470504,0,0,0,0,0,0,0,0,0,0,0,0
0.472097,0,0,0,0,0,0,0,0,0,0,0,0
0.473689,0,0,0,0,0,0,0,0,0,0,0,0
0.475283,0,0,0,0,0,0,0,0,0,0,0,0
0.476892,0,0,0,0,0,0,0,0,0,0,0,0
0.478487,0,0,0,0,0,0,0,0,0,0,0,0
0.480080,0,0,0,0,0,0,0,0,0,0,0,0
0.481672,0,0,0,0,0,0,0,0,0,0,0,0
0.483265,0,0,0,0,0,0,0,0,0,0,0,0
0.484858,0,0,0,0,0,0,0,0,0,0,0,0
0.486453,0,0,0,0,0,0,0,0,0,0,0,0
0.487936,0,0,0,0,0,0,0,0,0,0,0,0
0.489499,0,0,0,0,0,0,0,0,0,0,0,0
0.491096,0,0,0,0,0,0,0,0,0,0,0,0
0.492690,0,0,0,0,0,0,0,0,0,0,0,0
0.494282,0,0,0,0,0,0,0,0,0,0,0,0
0.495918,0,0,0,0,0,0,0,0,0,0,0,0
0.497510,0,0,0,0,0,0,0,0,0,0,0,0
0.499118,0,0,0,0,0,0,0,0,0,0,0,0
0.500712,0,0,0,0,0,0,0,0,0,0,0,0
0.502304,0,0,0,0,0,0,0,0,0,0,0,0
0.503953,0,0,0,0,0,0,0,0,0,0,0,0
0.505536,0,0,0,0,0,0,0,0,0,0,0,0
0.506999,0,0,0,0,0,0,0,0,0,0,0,0
0.508626,0,0,0,0,0,0,0,0,0,0,0,0
0.510231,0,0,0,0,0,0,0,0,0,0,0,0
0.511828,0,0,0,0,0,0,0,0,0,0,0,0
0.513421,0,0,0,0,0,0,0,0,0,0,0,0
0.515016,0,0,0,0,0,0,0,0,0,0,0,0
0.516609,0,0,0,0,0,0,0,0,0,0,0,0
0.518201,0,0,0,0,0,0,0,0,0,0,0,0
0.519799,0,0,0,0,0,0,0,0,0,0,0,0
0.521403,0,0,0,0,0,0,0,0,0,0,0,0
0.523132,0,0,0,0,0,0,0,0,0,0,0,0
0.524786,0,0,0,0,0,0,0,0,0,0,0,0
0.526381,0,0,0,0,0,0,0,0,0,0,0,0
0.527975,0,0,0,0,0,0,0,0,0,0,0,0
0.529567,0,0,0,0,0,0,0,0,0,0,0,0
0.531162,0,0,0,0,0,0,0,0,0,0,0,0
0.532770,0,0,0,0,0,0,0,0,0,0,0,0
0.534367,0,0,0,0,0,0,0,0,0,0,0,0
0.535961,0,0,0,0,0,0,0,0,0,0,0,0
0.537553,0,0,0,0,0,0,0,0,0,0,0,0
0.539150,0,0,0,0,0,0,0,0,0,0,0,0
0.540745,0,0,0,0,0,0,0,0,0,0,0,0
0.542422,0,0,0,0,0,0,0,0,0,0,0,0
0.543905,0,0,0,0,0,0,0,0,0,0,0,0
0.545341,0,0,0,0,0,0,0,0,0,0,0,0
0.546776,0,0,0,0,0,0,0,0,0,0,0,0
0.548208,0,0,0,0,0,0,0,0,0,0,0,0
0.549637,0,0,0,0,0,0,0,0,0,0,0,0
0.551068,0,0,0,0,0,0,0,0,0,0,0,0
0.552626,0,0,0,0,0,0,0,0,0,0,0,0
0.554274,0,0,0,0,0,0,0,0,0,0,0,0
0.555697,0,0,0,0,0,0,0,0,0,0,0,0
0.557259,0,0,0,0,0,0,0,0,0,0,0,0
0.558856,0,0,0,0,0,0,0,0,0,0,0,0
0.560450,0,0,0,0,0,0,0,0,0,0,0,0
0.562043,0,0,0,0,0,0,0,0,0,0,0,0
0.563641,0,0,0,0,0,0,0,0,0,0,0,0
0.565246,0,0,0,0,0,0,0,0,0,0,0,0
0.566842,0,0,0,0,0,0,0,0,0,0,0,0
0.568428,0,0,0,0,0,0,0,0,0,0,0,0
0.570011,0,0,0,0,0,0,0,0,0,0,0,0
0.571753,0,0,0,0,0,0,0,0,0,0,0,0
0.573403,0,0,0,0,0,0,0,0,0,0,0,0
0.574861,0,0,0,0,0,0,0,0,0,0,0,0
0.576528,0,0,0,0,0,0,0,0,0,0,0,0
0.578053,0,0,0,0,0,0,0,0,0,0,0,0
0.580425,0,0,0,0,0,0,0,0,0,0,0,0
0.581858,0,0,0,0,0,0,0,0,0,0,0,0
0.583292,0,0,0,0,0,0,0,0,0,0,0,0
0.584723,0,0,0,0,0,0,0,0,0,0,0,0
0.586183,0,0,0,0,0,0,0,0,0,0,0,0
0.587665,0,0,0,0,0,0,0,0,0,0,0,0
0.589095,0,0,0,0,0,0,0,0,0,0,0,0
0.590528,0,0,0,0,0,0,0,0,0,0,0,0
0.591957,0,0,0,0,0,0,0,0,0,0,0,0
0.593393,0,0,0,0,0,0,0,0,0,0,0,0
0.594829,0,0,0,0,0,0,0,0,0,0,0,0
0.596467,0,0,0,0,0,0,0,0,0,0,0,0
0.598142,0,0,0,0,0,0,0,0,0,0,0,0
0.599637,0,0,0,0,0,0,0,0,0,0,0,0
0.601071,0,0,0,0,0,0,0,0,0,0,0,0
0.602606,0,0,0,0,0,0,0,0,0,0,0,0
0.604031,0,0,0,0,0,0,0,0,0,0,0,0
0.605451,0,0,0,0,0,0,0,0,0,0,0,0
0.606873,0,0,0,0,0,0,0,0,0,0,0,0
0.608304,0,0,0,0,0,0,0,0,0,0,0,0
0.609725,0,0,0,0,0,0,0,0,0,0,0,0
0.611146,0,0,0,0,0,0,0,0,0,0,0,0
0.612568,0,0,0,0,0,0,0,0,0,0,0,0
0.613989,0,0,0,0,0,0,0,0,0,0,0,0
0.615511,0,0,0,0,0,0,0,0,0,0,0,0
0.616931,0,0,0,0,0,0,0,0,0,0,0,0
0.618439,0,0,0,0,0,0,0,0,0,0,0,0
0.619834,0,0,0,0,0,0,0,0,0,0,0,0
0.621228,0,0,0,0,0,0,0,0,0,0,0,0
0.622625,0,0,0,0,0,0,0,0,0,0,0,0
0.624019,0,0,0,0,0,0,0,0,0,0,0,0
0.625413,0,0,0,0,0,0,0,0,0,0,0,0
0.626805,0,0,0,0,0,0,0,0,0,0,0,0
0.628198,0,0,0,0,0,0,0,0,0,0,0,0
0.629598,0,0,0,0,0,0,0,0,0,0,0,0
0.630991,0,0,0,0,0,0,0,0,0,0,0,0
0.632384,0,0,0,0,0,0,0,0,0,0,0,0
0.633777,0,0,0,0,0,0,0,0,0,0,0,0
0.635167,0,0,0,0,0,0,0,0,0,0,0,0
0.636544,0,0,0,0,0,0,0,0,0,0,0,0
0.637921,0,0,0,0,0,0,0,0,0,0,0,0
0.639297,0,0,0,0,0,0,0,0,0,0,0,0
0.640680,0,0,0,0,0,0,0,0,0,0,0,0
0.642058,0,0,0,0,0,0,0,0,0,0,0,0
0.643494,0,0,0,0,0,0,0,0,0,0,0,0
0.644869,0,0,0,0,0,0,0,0,0,0,0,0
0.646245,0,0,0,0,0,0,0,0,0,0,0,0
0.647725,0,0,0,0,0,0,0,0,0,0,0,0
0.649100,0,0,0,0,0,0,0,0,0,0,0,0
0.650470,0,0,0,0,0,0,0,0,0,0,0,0
0.651877,0,0,0,0,0,0,0,0,0,0,0,0
0.653273,0,0,0,0,0,0,0,0,0,0,0,0
0.654716,0,0,0,0,0,0,0,0,0,0,0,0
0.656000,0,0,0,0,0,0,0,0,0,0,0,0
0.657390,0,0,0,0,0,0,0,0,0,0,0,0
0.658830,0,0,0,0,0,0,0,0,0,0,0,0
0.660287,0,0,0,0,0,0,0,0,0,0,0,0
0.661753,0,0,0,0,0,0,0,0,0,0,0,0
0.663205,0,0,0,0,0,0,0,0,0,0,0,0
0.664646,0,0,0,0,0,0,0,0,0,0,0,0
0.666101,0,0,0,0,0,0,0,0,0,0,0,0
0.667522,0,0,0,0,0,0,0,0,0,0,0,0
0.669073,0,0,0,0,0,0,0,0,0,0,0,0
0.670503,0,0,0,0,0,0,0,0,0,0,0,0
0.671896,0,0,0,0,0,0,0,0,0,0,0,0
0.673353,0,0,0,0,0,0,0,0,0,0,0,0
0.674804,0,0,0,0,0,0,0,0,0,0,0,0
0.676238,0,0,0,0,0,0,0,0,0,0,0,0
0.677661,0,0,0,0,0,0,0,0,0,0,0,0
0.679085,0,0,0,0,0,0,0,0,0,0,0,0
0.680513,0,0,0,0,0,0,0,0,0,0,0,0
0.681940,0,0,0,0,0,0,0,0,0,0,0,0
0.683553,0,0,0,0,0,0,0,0,0,0,0,0
0.684862,0,0,0,0,0,0,0,0,0,0,0,0
0.686293,0,0,0,0,0,0,0,0,0,0,0,0
0.687824,0,0,0,0,0,0,0,0,0,0,0,0
0.689254,0,0,0,0,0,0,0,0,0,0,0,0
0.690681,0,0,0,0,0,0,0,0,0,0,0,0
0.692108,0,0,0,0,0,0,0,0,0,0,0,0
0.693547,0,0,0,0,0,0,0,0,0,0,0,0
0.694967,0,0,0,0,0,0,0,0,0,0,0,0
0.697126,0,0,0,0,0,0,0,0,0,0,0,0
0.700120,0,0,0,0,0,0,0,0,0,0,0,0
0.701545,0,0,0,0,0,0,0,0,0,0,0,0
0.706383,0,0,0,0,0,0,0,0,0,0,0,0
0.707822,0,0,0,0,0,0,0,0,0,0,0,0
0.709248,0,0,0,0,0,0,0,0,0,0,0,0
0.710901,0,0,0,0,0,0,0,0,0,0,0,0
0.712354,0,0,0,0,0,0,0,0,0,0,0,0
0.713777,0,0,0,0,0,0,0,0,0,0,0,0
0.715248,0,0,0,0,0,0,0,0,0,0,0,0
0.716679,0,0,0,0,0,0,0,0,0,0,0,0
0.718126,0,0,0,0,0,0,0,0,0,0,0,0
0.719555,0,0,0,0,0,0,0,0,0,0,0,0
0.720978,0,0,0,0,0,0,0,0,0,0,0,0
0.722536,0,0,0,0,0,0,0,0,0,0,0,0
0.723976,0,0,0,0,0,0,0,0,0,0,0,0
0.725366,0,0,0,0,0,0,0,0,0,0,0,0
0.726752,0,0,0,0,0,0,0,0,0,0,0,0
0.728161,0,0,0,0,0,0,0,0,0,0,0,0
0.729546,0,0,0,0,0,0,0,0,0,0,0,0
0.730944,0,0,0,0,0,0,0,0,0,0,0,0
0.732507,0,0,0,0,0,0,0,0,0,0,0,0
0.734096,0,0,0,0,0,0,0,0,0,0,0,0
0.735691,0,0,0,0,0,0,0,0,0,0,0,0
0.737282,0,0,0,0,0,0,0,0,0,0,0,0
0.739123,0,0,0,0,0,0,0,0,0,0,0,0
0.741064,0,0,0,0,0,0,0,0,0,0,0,0
0.742510,0,0,0,0,0,0,0,0,0,0,0,0
0.743944,0,0,0,0,0,0,0,0,0,0,0,0
0.745375,0,0,0,0,0,0,0,0,0,0,0,0
0.746805,0,0,0,0,0,0,0,0,0,0,0,0
0.748233,0,0,0,0,0,0,0,0,0,0,0,0
0.749851,0,0,0,0,0,0,0,0,0,0,0,0
0.751314,0,0,0,0,0,0,0,0,0,0,0,0
0.752879,0,0,0,0,0,0,0,0,0,0,0,0
0.754475,0,0,0,0,0,0,0,0,0,0,0,0
0.756070,0,0,0,0,0,0,0,0,0,0,0,0
0.757663,0,0,0,0,0,0,0,0,0,0,0,0
0.759259,0,0,0,0,0,0,0,0,0,0,0,0
0.760780,0,0,0,0,0,0,0,0,0,0,0,0
0.762392,0,0,0,0,0,0,0,0,0,0,0,0
0.763985,0,0,0,0,0,0,0,0,0,0,0,0
0.765578,0,0,0,0,0,0,0,0,0,0,0,0
0.767174,0,0,0,0,0,0,0,0,0,0,0,0
0.768768,0,0,0,0,0,0,0,0,0,0,0,0
0.770364,0,0,0,0,0,0,0,0,0,0,0,0
0.771972,0,0,0,0,0,0,0,0,0,0,0,0
0.773564,0,0,0,0,0,0,0,0,0,0,0,0
0.775159,0,0,0,0,0,0,0,0,0,0,0,0
0.776753,0,0,0,0,0,0,0,0,0,0,0,0
0.778391,0,0,0,0,0,0,0,0,0,0,0,0
0.779985,0,0,0,0,0,0,0,0,0,0,0,0
0.781577,0,0,0,0,0,0,0,0,0,0,0,0
0.783184,0,0,0,0,0,0,0,0,0,0,0,0
0.784777,0,0,0,0,0,0,0,0,0,0,0,0
0.786373,0,0,0,0,0,0,0,0,0,0,0,0
0.787968,0,0,0,0,0,0,0,0,0,0,0,0
0.789560,0,0,0,0,0,0,0,0,0,0,0,0
0.791157,0,0,0,0,0,0,0,0,0,0,0,0
0.792742,0,0,0,0,0,0,0,0,0,0,0,0
0.794471,0,0,0,0,0,0,0,0,0,0,0,0
0.796044,0,0,0,0,0,0,0,0,0,0,0,0
0.797479,0,0,0,0,0,0,0,0,0,0,0,0
0.799042,0,0,0,0,0,0,0,0,0,0,0,0
0.800635,0,0,0,0,0,0,0,0,0,0,0,0
0.802228,0,0,0,0,0,0,0,0,0,0,0,0
0.803826,0,0,0,0,0,0,0,0,0,0,0,0
0.805431,0,0,0,0,0,0,0,0,0,0,0,0
0.807026,0,0,0,0,0,0,0,0,0,0,0,0
0.808619,0,0,0,0,0,0,0,0,0,0,0,0
0.810255,0,0,0,0,0,0,0,0,0,0,0,0
0.811853,0,0,0,0,0,0,0,0,0,0,0,0
0.813446,0,0,0,0,0,0,0,0,0,0,0,0
0.815041,0,0,0,0,0,0,0,0,0,0,0,0
0.816650,0,0,0,0,0,0,0,0,0,0,0,0
0.818243,0,0,0,0,0,0,0,0,0,0,0,0
0.819842,0,0,0,0,0,0,0,0,0,0,0,0
0.821434,0,0,0,0,0,0,0,0,0,0,0,0
0.823030,0,0,0,0,0,0,0,0,0,0,0,0
0.824624,0,0,0,0,0,0,0,0,0,0,0,0
0.826260,0,0,0,0,0,0,0,0,0,0,0,0
0.827872,0,0,0,0,0,0,0,0,0,0,0,0
0.829462,0,0,0,0,0,0,0,0,0,0,0,0
0.831057,0,0,0,0,0,0,0,0,0,0,0,0
0.832649,0,0,0,0,0,0,0,0,0,0,0,0
0.834240,0,0,0,0,0,0,0,0,0,0,0,0
0.835836,0,0,0,0,0,0,0,0,0,0,0,0
0.837427,0,0,0,0,0,0,0,0,0,0,0,0
0.839034,0,0,0,0,0,0,0,0,0,0,0,0
0.840626,0,0,0,0,0,0,0,0,0,0,0,0
0.842260,0,0,0,0,0,0,0,0,0,0,0,0
0.843856,0,0,0,0,0,0,0,0,0,0,0,0
0.845447,0,0,0,0,0,0,0,0,0,0,0,0
0.847040,0,0,0,0,0,0,0,0,0,0,0,0
0.848633,0,0,0,0,0,0,0,0,0,0,0,0
0.850238,0,0,0,0,0,0,0,0,0,0,0,0
0.851836,0,0,0,0,0,0,0,0,0,0,0,0
0.853427,0,0,0,0,0,0,0,0,0,0,0,0
0.855021,0,0,0,0,0,0,0,0,0,0,0,0
0.856613,0,0,0,0,0,0,0,0,0,0,0,0
0.858248,0,0,0,0,0,0,0,0,0,0,0,0
0.859845,0,0,0,0,0,0,0,0,0,0,0,0
0.861450,0,0,0,0,0,0,0,0,0,0,0,0
0.863045,0,0,0,0,0,0,0,0,0,0,0,0
0.864637,0,0,0,0,0,0,0,0,0,0,0,0
0.866228,0,0,0,0,0,0,0,0,0,0,0,0
0.867826,0,0,0,0,0,0,0,0,0,0,0,0
0.869416,0,0,0,0,0,0,0,0,0,0,0,0
0.871011,0,0,0,0,0,0,0,0,0,0,0,0
0.872616,0,0,0,0,0,0,0,0,0,0,0,0
0.874249,0,0,0,0,0,0,0,0,0,0,0,0
0.875845,0,0,0,0,0,0,0,0,0,0,0,0
0.877434,0,0,0,0,0,0,0,0,0,0,0,0
0.879029,0,0,0,0,0,0,0,0,0,0,0,0
0.880622,0,0,0,0,0,0,0,0,0,0,0,0
0.882212,0,0,0,0,0,0,0,0,0,0,0,0
0.883824,0,0,0,0,0,0,0,0,0,0,0,0
0.885415,0,0,0,0,0,0,0,0,0,0,0,0
0.887010,0,0,0,0,0,0,0,0,0,0,0,0
0.888604,0,0,0,0,0,0,0,0,0,0,0,0
0.890237,0,0,0,0,0,0,0,0,0,0,0,0
0.891833,0,0,0,0,0,0,0,0,0,0,0,0
0.893424,0,0,0,0,0,0,0,0,0,0,0,0
0.895031,0,0,0,0,0,0,0,0,0,0,0,0
0.896625,0,0,0,0,0,0,0,0,0,0,0,0
0.898215,0,0,0,0,0,0,0,0,0,0,0,0
0.899812,0,0,0,0,0,0,0,0,0,0,0,0
0.901402,0,0,0,0,0,0,0,0,0,0,0,0
0.902997,0,0,0,0,0,0,0,0,0,0,0,0
0.904467,0,0,0,0,0,0,0,0,0,0,0,0
0.906045,0,0,0,0,0,0,0,0,0,0,0,0
0.907641,0,0,0,0,0,0,0,0,0,0,0,0
0.909230,0,0,0,0,0,0,0,0,0,0,0,0
0.910822,0,0,0,0,0,0,0,0,0,0,0,0
0.912414,0,0,0,0,0,0,0,0,0,0,0,0
0.914003,0,0,0,0,0,0,0,0,0,0,0,0
0.915571,0,0,0,0,0,0,0,0,0,0,0,0
0.917141,0,0,0,0,0,0,0,0,0,0,0,0
0.918735,0,0,0,0,0,0,0,0,0,0,0,0
0.920327,0,0,0,0,0,0,0,0,0,0,0,0
0.921918,0,0,0,0,0,0,0,0,0,0,0,0
0.923607,0,0,0,0,0,0,0,0,0,0,0,0
0.925125,0,0,0,0,0,0,0,0,0,0,0,0
0.926570,0,0,0,0,0,0,0,0,0,0,0,0
0.928143,0,0,0,0,0,0,0,0,0,0,0,0
0.929733,0,0,0,0,0,0,0,0,0,0,0,0
0.931324,0,0,0,0,0,0,0,0,0,0,0,0
0.932917,0,0,0,0,0,0,0,0,0,0,0,0
0.934511,0,0,0,0,0,0,0,0,0,0,0,0
0.936103,0,0,0,0,0,0,0,0,0,0,0,0
0.937692,0,0,0,0,0,0,0,0,0,0,0,0
0.939338,0,0,0,0,0,0,0,0,0,0,0,0
0.940929,0,0,0,0,0,0,0,0,0,0,0,0
0.942522,0,0,0,0,0,0,0,0,0,0,0,0
0.944114,0,0,0,0,0,0,0,0,0,0,0,0
0.945704,0,0,0,0,0,0,0,0,0,0,0,0
0.947295,0,0,0,0,0,0,0,0,0,0,0,0
0.948887,0,0,0,0,0,0,0,0,0,0,0,0
0.950493,0,0,0,0,0,0,0,0,0,0,0,0
0.952084,0,0,0,0,0,0,0,0,0,0,0,0
0.953674,0,0,0,0,0,0,0,0,0,0,0,0
0.955266,0,0,0,0,0,0,0,0,0,0,0,0
0.956858,0,0,0,0,0,0,0,0,0,0,0,0
0.958486,0,0,0,0,0,0,0,0,0,0,0,0
0.960078,0,0,0,0,0,0,0,0,0,0,0,0
0.961681,0,0,0,0,0,0,0,0,0,0,0,0
0.963274,0,0,0,0,0,0,0,0,0,0,0,0
0.964867,0,0,0,0,0,0,0,0,0,0,0,0
0.966460,0,0,0,0,0,0,0,0,0,0,0,0
0.969812,0,0,0,0,0,0,0,0,0,0,0,0
0.971324,0,0,0,0,0,0,0,0,0,0,0,0
0.972776,0,0,0,0,0,0,0,0,0,0,0,0
0.974210,0,0,0,0,0,0,0,0,0,0,0,0
0.975644,0,0,0,0,0,0,0,0,0,0,0,0
0.977075,0,0,0,0,0,0,0,0,0,0,0,0
0.978506,0,0,0,0,0,0,0,0,0,0,0,0
0.980063,0,0,0,0,0,0,0,0,0,0,0,0
0.981651,0,0,0,0,0,0,0,0,0,0,0,0
0.983258,0,0,0,0,0,0,0,0,0,0,0,0
0.984851,0,0,0,0,0,0,0,0,0,0,0,0
0.986507,0,0,0,0,0,0,0,0,0,0,0,0
0.988013,0,0,0,0,0,0,0,0,0,0,0,0
0.989585,0,0,0,0,0,0,0,0,0,0,0,0
0.991179,0,0,0,0,0,0,0,0,0,0,0,0
0.992773,0,0,0,0,0,0,0,0,0,0,0,0
0.994381,0,0,0,0,0,0,0,0,0,0,0,0
0.995976,0,0,0,0,0,0,0,0,0,0,0,0
0.997568,0,0,0,0,0,0,0,0,0,0,0,0
0.999166,0,0,0,0,0,0,0,0,0,0,0,0
1.000774,0,0,0,0,0,0,0,0,0,0,0,0
1.002415,0,0,0,0,0,0,0,0,0,0,0,0
1.004011,0,0,0,0,0,0,0,0,0,0,0,0
1.005617,0,0,0,0,0,0,0,0,0,0,0,0
1.007212,0,0,0,0,0,0,0,0,0,0,0,0
1.008804,0,0,0,0,0,0,0,0,0,0,0,0
1.010399,0,0,0,0,0,0,0,0,0,0,0,0
1.011994,0,0,0,0,0,0,0,0,0,0,0,0
1.013586,0,0,0,0,0,0,0,0,0,0,0,0
1.015179,0,0,0,0,0,0,0,0,0,0,0,0
1.016777,0,0,0,0,0,0,0,0,0,0,0,0
1.018524,0,0,0,0,0,0,0,0,0,0,0,0
1.019996,0,0,0,0,0,0,0,0,0,0,0,0
1.021478,0,0,0,0,0,0,0,0,0,0,0,0
1.022916,0,0,0,0,0,0,0,0,0,0,0,0
1.024348,0,0,0,0,0,0,0,0,0,0,0,0
1.025778,0,0,0,0,0,0,0,0,0,0,0,0
1.027227,0,0,0,0,0,0,0,0,0,0,0,0
1.028787,0,0,0,0,0,0,0,0,0,0,0,0
1.030382,0,0,0,0,0,0,0,0,0,0,0,0
1.031989,0,0,0,0,0,0,0,0,0,0,0,0
1.033582,0,0,0,0,0,0,0,0,0,0,0,0
1.035176,0,0,0,0,0,0,0,0,0,0,0,0
1.036770,0,0,0,0,0,0,0,0,0,0,0,0
1.038379,0,0,0,0,0,0,0,0,0,0,0,0
1.039974,0,0,0,0,0,0,0,0,0,0,0,0
1.041567,0,0,0,0,0,0,0,0,0,0,0,0
1.043163,0,0,0,0,0,0,0,0,0,0,0,0
1.044757,0,0,0,0,0,0,0,0,0,0,0,0
1.046353,0,0,0,0,0,0,0,0,0,0,0,0
1.047945,0,0,0,0,0,0,0,0,0,0,0,0
1.049550,0,0,0,0,0,0,0,0,0,0,0,0
1.051146,0,0,0,0,0,0,0,0,0,0,0,0
1.052738,0,0,0,0,0,0,0,0,0,0,0,0
1.054414,0,0,0,0,0,0,0,0,0,0,0,0
1.055924,0,0,0,0,0,0,0,0,0,0,0,0
1.057357,0,0,0,0,0,0,0,0,0,0,0,0
1.058788,0,0,0,0,0,0,0,0,0,0,0,0
1.060355,0,0,0,0,0,0,0,0,0,0,0,0
1.061946,0,0,0,0,0,0,0,0,0,0,0,0
1.063590,0,0,0,0,0,0,0,0,0,0,0,0
1.065182,0,0,0,0,0,0,0,0,0,0,0,0
1.066818,0,0,0,0,0,0,0,0,0,0,0,0
1.068411,0,0,0,0,0,0,0,0,0,0,0,0
1.070001,0,0,0,0,0,0,0,0,0,0,0,0
1.071681,0,0,0,0,0,0,0,0,0,0,0,0
1.073272,0,0,0,0,0,0,0,0,0,0,0,0
1.075043,0,0,0,0,0,0,0,0,0,0,0,0
1.076860,0,0,0,0,0,0,0,0,0,0,0,0
1.079177,0,0,0,0,0,0,0,0,0,0,0,0
1.080618,0,0,0,0,0,0,0,0,0,0,0,0
1.082587,0,0,0,0,0,0,0,0,0,0,0,0
1.084075,0,0,0,0,0,0,0,0,0,0,0,0
1.085511,0,0,0,0,0,0,0,0,0,0,0,0
1.086937,0,0,0,0,0,0,0,0,0,0,0,0
1.088363,0,0,0,0,0,0,0,0,0,0,0,0
1.089785,0,0,0,0,0,0,0,0,0,0,0,0
1.091219,0,0,0,0,0,0,0,0,0,0,0,0
1.092653,0,0,0,0,0,0,0,0,0,0,0,0
1.094077,0,0,0,0,0,0,0,0,0,0,0,0
1.095753,0,0,0,0,0,0,0,0,0,0,0,0
1.097189,0,0,0,0,0,0,0,0,0,0,0,0
1.098623,0,0,0,0,0,0,0,0,0,0,0,0
1.100053,0,0,0,0,0,0,0,0,0,0,0,0
1.101481,0,0,0,0,0,0,0,0,0,0,0,0
1.102923,0,0,0,0,0,0,0,0,0,0,0,0
1.104480,0,0,0,0,0,0,0,0,0,0,0,0
1.106071,0,0,0,0,0,0,0,0,0,0,0,0
1.107668,0,0,0,0,0,0,0,0,0,0,0,0
1.109261,0,0,0,0,0,0,0,0,0,0,0,0
1.110856,0,0,0,0,0,0,0,0,0,0,0,0
1.112447,0,0,0,0,0,0,0,0,0,0,0,0
1.114050,0,0,0,0,0,0,0,0,0,0,0,0
1.115649,0,0,0,0,0,0,0,0,0,0,0,0
1.117240,0,0,0,0,0,0,0,0,0,0,0,0
1.118834,0,0,0,0,0,0,0,0,0,0,0,0
1.120427,0,0,0,0,0,0,0,0,0,0,0,0
1.122019,0,0,0,0,0,0,0,0,0,0,0,0
1.123699,0,0,0,0,0,0,0,0,0,0,0,0
1.125175,0,0,0,0,0,0,0,0,0,0,0,0
1.126614,0,0,0,0,0,0,0,0,0,0,0,0
1.128176,0,0,0,0,0,0,0,0,0,0,0,0
1.129768,0,0,0,0,0,0,0,0,0,0,0,0
1.131407,0,0,0,0,0,0,0,0,0,0,0,0
1.133001,0,0,0,0,0,0,0,0,0,0,0,0
1.134596,0,0,0,0,0,0,0,0,0,0,0,0
1.136205,0,0,0,0,0,0,0,0,0,0,0,0
1.137798,0,0,0,0,0,0,0,0,0,0,0,0
1.139391,0,0,0,0,0,0,0,0,0,0,0,0
1.140985,0,0,0,0,0,0,0,0,0,0,0,0
1.142578,0,0,0,0,0,0,0,0,0,0,0,0
1.144170,0,0,0,0,0,0,0,0,0,0,0,0
1.145762,0,0,0,0,0,0,0,0,0,0,0,0
1.147414,0,0,0,0,0,0,0,0,0,0,0,0
1.149008,0,0,0,0,0,0,0,0,0,0,0,0
1.150603,0,0,0,0,0,0,0,0,0,0,0,0
1.152196,0,0,0,0,0,0,0,0,0,0,0,0
1.153788,0,0,0,0,0,0,0,0,0,0,0,0
1.155419,0,0,0,0,0,0,0,0,0,0,0,0
1.157013,0,0,0,0,0,0,0,0,0,0,0,0
1.158621,0,0,0,0,0,0,0,0,0,0,0,0
1.160215,0,0,0,0,0,0,0,0,0,0,0,0
1.161807,0,0,0,0,0,0,0,0,0,0,0,0
1.163446,0,0,0,0,0,0,0,0,0,0,0,0
1.165040,0,0,0,0,0,0,0,0,0,0,0,0
1.166635,0,0,0,0,0,0,0,0,0,0,0,0
1.168228,0,0,0,0,0,0,0,0,0,0,0,0
1.169835,0,0,0,0,0,0,0,0,0,0,0,0
1.171428,0,0,0,0,0,0,0,0,0,0,0,0
1.173021,0,0,0,0,0,0,0,0,0,0,0,0
1.174614,0,0,0,0,0,0,0,0,0,0,0,0
1.176208,0,0,0,0,0,0,0,0,0,0,0,0
1.177798,0,0,0,0,0,0,0,0,0,0,0,0
1.179433,0,0,0,0,0,0,0,0,0,0,0,0
1.181040,0,0,0,0,0,0,0,0,0,0,0,0
1.182634,0,0,0,0,0,0,0,0,0,0,0,0
1.184226,0,0,0,0,0,0,0,0,0,0,0,0
1.185816,0,0,0,0,0,0,0,0,0,0,0,0
1.187408,0,0,0,0,0,0,0,0,0,0,0,0
1.188999,0,0,0,0,0,0,0,0,0,0,0,0
1.190593,0,0,0,0,0,0,0,0,0,0,0,0
1.192199,0,0,0,0,0,0,0,0,0,0,0,0
1.193789,0,0,0,0,0,0,0,0,0,0,0,0
1.195426,0,0,0,0,0,0,0,0,0,0,0,0
1.197019,0,0,0,0,0,0,0,0,0,0,0,0
1.198613,0,0,0,0,0,0,0,0,0,0,0,0
1.200205,0,0,0,0,0,0,0,0,0,0,0,0
1.201796,0,0,0,0,0,0,0,0,0,0,0,0
1.203403,0,0,0,0,0,0,0,0,0,0,0,0
1.204995,0,0,0,0,0,0,0,0,0,0,0,0
1.206588,0,0,0,0,0,0,0,0,0,0,0,0
1.208180,0,0,0,0,0,0,0,0,0,0,0,0
1.209769,0,0,0,0,0,0,0,0,0,0,0,0
1.211407,0,0,0,0,0,0,0,0,0,0,0,0
1.212999,0,0,0,0,0,0,0,0,0,0,0,0
1.214607,0,0,0,0,0,0,0,0,0,0,0,0
1.216200,0,0,0,0,0,0,0,0,0,0,0,0
1.217791,0,0,0,0,0,0,0,0,0,0,0,0
1.219384,0,0,0,0,0,0,0,0,0,0,0,0
1.220977,0,0,0,0,0,0,0,0,0,0,0,0
1.222571,0,0,0,0,0,0,0,0,0,0,0,0
1.224165,0,0,0,0,0,0,0,0,0,0,0,0
1.225768,0,0,0,0,0,0,0,0,0,0,0,0
1.227405,0,0,0,0,0,0,0,0,0,0,0,0
1.228997,0,0,0,0,0,0,0,0,0,0,0,0
1.230592,0,0,0,0,0,0,0,0,0,0,0,0
1.232185,0,0,0,0,0,0,0,0,0,0,0,0
1.233776,0,0,0,0,0,0,0,0,0,0,0,0
1.235367,0,0,0,0,0,0,0,0,0,0,0,0
1.236974,0,0,0,0,0,0,0,0,0,0,0,0
1.238567,0,0,0,0,0,0,0,0,0,0,0,0
1.240160,0,0,0,0,0,0,0,0,0,0,0,0
1.241751,0,0,0,0,0,0,0,0,0,0,0,0
1.243216,0,0,0,0,0,0,0,0,0,0,0,0
1.244652,0,0,0,0,0,0,0,0,0,0,0,0
1.246082,0,0,0,0,0,0,0,0,0,0,0,0
1.247528,0,0,0,0,0,0,0,0,0,0,0,0
1.248956,0,0,0,0,0,0,0,0,0,0,0,0
1.250410,0,0,0,0,0,0,0,0,0,0,0,0
1.251841,0,0,0,0,0,0,0,0,0,0,0,0
1.253397,0,0,0,0,0,0,0,0,0,0,0,0
1.254991,0,0,0,0,0,0,0,0,0,0,0,0
1.256584,0,0,0,0,0,0,0,0,0,0,0,0
1.258114,0,0,0,0,0,0,0,0,0,0,0,0
1.259682,0,0,0,0,0,0,0,0,0,0,0,0
1.261272,0,0,0,0,0,0,0,0,0,0,0,0
1.262865,0,0,0,0,0,0,0,0,0,0,0,0
1.264456,0,0,0,0,0,0,0,0,0,0,0,0
1.266046,0,0,0,0,0,0,0,0,0,0,0,0
1.267643,0,0,0,0,0,0,0,0,0,0,0,0
1.269247,0,0,0,0,0,0,0,0,0,0,0,0
1.270842,0,0,0,0,0,0,0,0,0,0,0,0
1.272435,0,0,0,0,0,0,0,0,0,0,0,0
1.274025,0,0,0,0,0,0,0,0,0,0,0,0
1.275623,0,0,0,0,0,0,0,0,0,0,0,0
1.277060,0,0,0,0,0,0,0,0,0,0,0,0
1.278496,0,0,0,0,0,0,0,0,0,0,0,0
1.280027,0,0,0,0,0,0,0,0,0,0,0,0
1.281452,0,0,0,0,0,0,0,0,0,0,0,0
1.282877,0,0,0,0,0,0,0,0,0,0,0,0
1.284301,0,0,0,0,0,0,0,0,0,0,0,0
1.285725,0,0,0,0,0,0,0,0,0,0,0,0
1.287149,0,0,0,0,0,0,0,0,0,0,0,0
1.288627,0,0,0,0,0,0,0,0,0,0,0,0
1.290231,0,0,0,0,0,0,0,0,0,0,0,0
1.291674,0,0,0,0,0,0,0,0,0,0,0,0
1.293105,0,0,0,0,0,0,0,0,0,0,0,0
1.294530,0,0,0,0,0,0,0,0,0,0,0,0
1.296088,0,0,0,0,0,0,0,0,0,0,0,0
1.297671,0,0,0,0,0,0,0,0,0,0,0,0
1.299132,0,0,0,0,0,0,0,0,0,0,0,0
1.300701,0,0,0,0,0,0,0,0,0,0,0,0
1.302287,0,0,0,0,0,0,0,0,0,0,0,0
1.303766,0,0,0,0,0,0,0,0,0,0,0,0
1.305321,0,0,0,0,0,0,0,0,0,0,0,0
1.306786,0,0,0,0,0,0,0,0,0,0,0,0
1.308350,0,0,0,0,0,0,0,0,0,0,0,0
1.309940,0,0,0,0,0,0,0,0,0,0,0,0
1.311473,0,0,0,0,0,0,0,0,0,0,0,0
1.313041,0,0,0,0,0,0,0,0,0,0,0,0
1.314640,0,0,0,0,0,0,0,0,0,0,0,0
1.316238,0,0,0,0,0,0,0,0,0,0,0,0
1.317834,0,0,0,0,0,0,0,0,0,0,0,0
1.319432,0,0,0,0,0,0,0,0,0,0,0,0
1.321029,0,0,0,0,0,0,0,0,0,0,0,0
1.322682,0,0,0,0,0,0,0,0,0,0,0,0
1.324280,0,0,0,0,0,0,0,0,0,0,0,0
1.325774,0,0,0,0,0,0,0,0,0,0,0,0
1.327348,0,0,0,0,0,0,0,0,0,0,0,0
1.328947,0,0,0,0,0,0,0,0,0,0,0,0
1.330550,0,0,0,0,0,0,0,0,0,0,0,0
1.332150,0,0,0,0,0,0,0,0,0,0,0,0
1.333761,0,0,0,0,0,0,0,0,0,0,0,0
1.335362,0,0,0,0,0,0,0,0,0,0,0,0
1.336962,0,0,0,0,0,0,0,0,0,0,0,0
1.338607,0,0,0,0,0,0,0,0,0,0,0,0
1.340207,0,0,0,0,0,0,0,0,0,0,0,0
1.341806,0,0,0,0,0,0,0,0,0,0,0,0
1.343405,0,0,0,0,0,0,0,0,0,0,0,0
1.345020,0,0,0,0,0,0,0,0,0,0,0,0
1.346620,0,0,0,0,0,0,0,0,0,0,0,0
1.348220,0,0,0,0,0,0,0,0,0,0,0,0
1.349852,0,0,0,0,0,0,0,0,0,0,0,0
1.351450,0,0,0,0,0,0,0,0,0,0,0,0
1.353051,0,0,0,0,0,0,0,0,0,0,0,0
1.354695,0,0,0,0,0,0,0,0,0,0,0,0
1.356310,0,0,0,0,0,0,0,0,0,0,0,0
1.357908,0,0,0,0,0,0,0,0,0,0,0,0
1.359508,0,0,0,0,0,0,0,0,0,0,0,0
1.361107,0,0,0,0,0,0,0,0,0,0,0,0
1.362709,0,0,0,0,0,0,0,0,0,0,0,0
1.364308,0,0,0,0,0,0,0,0,0,0,0,0
1.365907,0,0,0,0,0,0,0,0,0,0,0,0
1.367393,0,0,0,0,0,0,0,0,0,0,0,0
1.368963,0,0,0,0,0,0,0,0,0,0,0,0
1.370607,0,0,0,0,0,0,0,0,0,0,0,0
1.372208,0,0,0,0,0,0,0,0,0,0,0,0
1.373806,0,0,0,0,0,0,0,0,0,0,0,0
1.375406,0,0,0,0,0,0,0,0,0,0,0,0
1.377006,0,0,0,0,0,0,0,0,0,0,0,0
1.378621,0,0,0,0,0,0,0,0,0,0,0,0
1.380221,0,0,0,0,0,0,0,0,0,0,0,0
1.381820,0,0,0,0,0,0,0,0,0,0,0,0
1.383418,0,0,0,0,0,0,0,0,0,0,0,0
1.385017,0,0,0,0,0,0,0,0,0,0,0,0
1.386661,0,0,0,0,0,0,0,0,0,0,0,0
1.388261,0,0,0,0,0,0,0,0,0,0,0,0
1.389874,0,0,0,0,0,0,0,0,0,0,0,0
1.391473,0,0,0,0,0,0,0,0,0,0,0,0
1.393073,0,0,0,0,0,0,0,0,0,0,0,0
1.394674,0,0,0,0,0,0,0,0,0,0,0,0
1.396275,0,0,0,0,0,0,0,0,0,0,0,0
1.397872,0,0,0,0,0,0,0,0,0,0,0,0
1.399472,0,0,0,0,0,0,0,0,0,0,0,0
1.401076,0,0,0,0,0,0,0,0,0,0,0,0
1.402571,0,0,0,0,0,0,0,0,0,0,0,0
1.404145,0,0,0,0,0,0,0,0,0,0,0,0
1.405743,0,0,0,0,0,0,0,0,0,0,0,0
1.407343,0,0,0,0,0,0,0,0,0,0,0,0
1.408942,0,0,0,0,0,0,0,0,0,0,0,0
1.410543,0,0,0,0,0,0,0,0,0,0,0,0
1.412156,0,0,0,0,0,0,0,0,0,0,0,0
1.413754,0,0,0,0,0,0,0,0,0,0,0,0
1.415354,0,0,0,0,0,0,0,0,0,0,0,0
1.416953,0,0,0,0,0,0,0,0,0,0,0,0
1.418598,0,0,0,0,0,0,0,0,0,0,0,0
1.420198,0,0,0,0,0,0,0,0,0,0,0,0
1.421796,0,0,0,0,0,0,0,0,0,0,0,0
1.423410,0,0,0,0,0,0,0,0,0,0,0,0
1.425010,0,0,0,0,0,0,0,0,0,0,0,0
1.426608,0,0,0,0,0,0,0,0,0,0,0,0
1.428208,0,0,0,0,0,0,0,0,0,0,0,0
1.429806,0,0,0,0,0,0,0,0,0,0,0,0
1.431406,0,0,0,0,0,0,0,0,0,0,0,0
1.433006,0,0,0,0,0,0,0,0,0,0,0,0
1.434663,0,0,0,0,0,0,0,0,0,0,0,0
1.436264,0,0,0,0,0,0,0,0,0,0,0,0
1.437862,0,0,0,0,0,0,0,0,0,0,0,0
1.439462,0,0,0,0,0,0,0,0,0,0,0,0
1.441061,0,0,0,0,0,0,0,0,0,0,0,0
1.442661,0,0,0,0,0,0,0,0,0,0,0,0
1.444262,0,0,0,0,0,0,0,0,0,0,0,0
1.445873,0,0,0,0,0,0,0,0,0,0,0,0
1.447473,0,0,0,0,0,0,0,0,0,0,0,0
1.449073,0,0,0,0,0,0,0,0,0,0,0,0
1.450715,0,0,0,0,0,0,0,0,0,0,0,0
1.452314,0,0,0,0,0,0,0,0,0,0,0,0
1.453910,0,0,0,0,0,0,0,0,0,0,0,0
1.455508,0,0,0,0,0,0,0,0,0,0,0,0
1.457120,0,0,0,0,0,0,0,0,0,0,0,0
1.458719,0,0,0,0,0,0,0,0,0,0,0,0
1.460317,0,0,0,0,0,0,0,0,0,0,0,0
1.461913,0,0,0,0,0,0,0,0,0,0,0,0
1.463511,0,0,0,0,0,0,0,0,0,0,0,0
1.465109,0,0,0,0,0,0,0,0,0,0,0,0
1.466751,0,0,0,0,0,0,0,0,0,0,0,0
1.468363,0,0,0,0,0,0,0,0,0,0,0,0
1.469957,0,0,0,0,0,0,0,0,0,0,0,0
1.471636,0,0,0,0,0,0,0,0,0,0,0,0
1.473233,0,0,0,0,0,0,0,0,0,0,0,0
1.474832,0,0,0,0,0,0,0,0,0,0,0,0
1.476431,0,0,0,0,0,0,0,0,0,0,0,0
1.478026,0,0,0,0,0,0,0,0,0,0,0,0
1.479693,0,0,0,0,0,0,0,0,0,0,0,0
1.481289,0,0,0,0,0,0,0,0,0,0,0,0
1.482931,0,0,0,0,0,0,0,0,0,0,0,0
1.484529,0,0,0,0,0,0,0,0,0,0,0,0
1.486125,0,0,0,0,0,0,0,0,0,0,0,0
1.487726,0,0,0,0,0,0,0,0,0,0,0,0
1.489323,0,0,0,0,0,0,0,0,0,0,0,0
1.490937,0,0,0,0,0,0,0,0,0,0,0,0
1.492535,0,0,0,0,0,0,0,0,0,0,0,0
1.494132,0,0,0,0,0,0,0,0,0,0,0,0
1.495733,0,0,0,0,0,0,0,0,0,0,0,0
1.497330,0,0,0,0,0,0,0,0,0,0,0,0
1.498930,0,0,0,0,0,0,0,0,0,0,0,0
1.500528,0,0,0,0,0,0,0,0,0,0,0,0
1.502138,0,0,0,0,0,0,0,0,0,0,0,0
1.503739,0,0,0,0,0,0,0,0,0,0,0,0
1.505336,0,0,0,0,0,0,0,0,0,0,0,0
1.506935,0,0,0,0,0,0,0,0,0,0,0,0
1.508533,0,0,0,0,0,0,0,0,0,0,0,0
1.510128,0,0,0,0,0,0,0,0,0,0,0,0
1.511729,0,0,0,0,0,0,0,0,0,0,0,0
1.513338,0,0,0,0,0,0,0,0,0,0,0,0
1.514937,0,0,0,0,0,0,0,0,0,0,0,0
1.516535,0,0,0,0,0,0,0,0,0,0,0,0
1.518132,0,0,0,0,0,0,0,0,0,0,0,0
1.519734,0,0,0,0,0,0,0,0,0,0,0,0
1.521331,0,0,0,0,0,0,0,0,0,0,0,0
1.522931,0,0,0,0,0,0,0,0,0,0,0,0
1.524416,0,0,0,0,0,0,0,0,0,0,0,0
1.525855,0,0,0,0,0,0,0,0,0,0,0,0
1.527423,0,0,0,0,0,0,0,0,0,0,0,0
1.529009,0,0,0,0,0,0,0,0,0,0,0,0
1.530676,0,0,0,0,0,0,0,0,0,0,0,0
1.532268,0,0,0,0,0,0,0,0,0,0,0,0
1.533899,0,0,0,0,0,0,0,0,0,0,0,0
1.535379,0,0,0,0,0,0,0,0,0,0,0,0
1.536944,0,0,0,0,0,0,0,0,0,0,0,0
1.538539,0,0,0,0,0,0,0,0,0,0,0,0
1.540311,0,0,0,0,0,0,0,0,0,0,0,0
1.541905,0,0,0,0,0,0,0,0,0,0,0,0
1.543500,0,0,0,0,0,0,0,0,0,0,0,0
1.545094,0,0,0,0,0,0,0,0,0,0,0,0
1.546742,0,0,0,0,0,0,0,0,0,0,0,0
1.548372,0,0,0,0,0,0,0,0,0,0,0,0
1.549963,0,0,0,0,0,0,0,0,0,0,0,0
1.551615,0,0,0,0,0,0,0,0,0,0,0,0
1.553206,0,0,0,0,0,0,0,0,0,0,0,0
1.554802,0,0,0,0,0,0,0,0,0,0,0,0
1.556396,0,0,0,0,0,0,0,0,0,0,0,0
1.558001,0,0,0,0,0,0,0,0,0,0,0,0
1.559648,0,0,0,0,0,0,0,0,0,0,0,0
1.561240,0,0,0,0,0,0,0,0,0,0,0,0
1.562878,0,0,0,0,0,0,0,0,0,0,0,0
1.564472,0,0,0,0,0,0,0,0,0,0,0,0
1.566064,0,0,0,0,0,0,0,0,0,0,0,0
1.567660,0,0,0,0,0,0,0,0,0,0,0,0
1.569266,0,0,0,0,0,0,0,0,0,0,0,0
1.570862,0,0,0,0,0,0,0,0,0,0,0,0
1.572456,0,0,0,0,0,0,0,0,0,0,0,0
1.574047,0,0,0,0,0,0,0,0,0,0,0,0
1.575644,0,0,0,0,0,0,0,0,0,0,0,0
1.577235,0,0,0,0,0,0,0,0,0,0,0,0
1.578872,0,0,0,0,0,0,0,0,0,0,0,0
1.580481,0,0,0,0,0,0,0,0,0,0,0,0
1.582074,0,0,0,0,0,0,0,0,0,0,0,0
1.583671,0,0,0,0,0,0,0,0,0,0,0,0
1.585264,0,0,0,0,0,0,0,0,0,0,0,0
1.586859,0,0,0,0,0,0,0,0,0,0,0,0
1.588453,0,0,0,0,0,0,0,0,0,0,0,0
1.590046,0,0,0,0,0,0,0,0,0,0,0,0
1.592100,0,0,0,0,0,0,0,0,0,0,0,0
1.593682,0,0,0,0,0,0,0,0,0,0,0,0
1.595494,0,0,0,0,0,0,0,0,0,0,0,0
1.597077,0,0,0,0,0,0,0,0,0,0,0,0
1.598545,0,0,0,0,0,0,0,0,0,0,0,0
1.600116,0,0,0,0,0,0,0,0,0,0,0,0
1.601726,0,0,0,0,0,0,0,0,0,0,0,0
1.603326,0,0,0,0,0,0,0,0,0,0,0,0
1.604926,0,0,0,0,0,0,0,0,0,0,0,0
1.606529,0,0,0,0,0,0,0,0,0,0,0,0
1.608129,0,0,0,0,0,0,0,0,0,0,0,0
1.609727,0,0,0,0,0,0,0,0,0,0,0,0
1.611327,0,0,0,0,0,0,0,0,0,0,0,0
1.612942,0,0,0,0,0,0,0,0,0,0,0,0
1.614544,0,0,0,0,0,0,0,0,0,0,0,0
1.616145,0,0,0,0,0,0,0,0,0,0,0,0
1.617743,0,0,0,0,0,0,0,0,0,0,0,0
1.619344,0,0,0,0,0,0,0,0,0,0,0,0
1.620944,0,0,0,0,0,0,0,0,0,0,0,0
1.622545,0,0,0,0,0,0,0,0,0,0,0,0
1.624158,0,0,0,0,0,0,0,0,0,0,0,0
1.625755,0,0,0,0,0,0,0,0,0,0,0,0
1.627401,0,0,0,0,0,0,0,0,0,0,0,0
1.629001,0,0,0,0,0,0,0,0,0,0,0,0
1.630601,0,0,0,0,0,0,0,0,0,0,0,0
1.632198,0,0,0,0,0,0,0,0,0,0,0,0
1.633795,0,0,0,0,0,0,0,0,0,0,0,0
1.635408,0,0,0,0,0,0,0,0,0,0,0,0
1.637008,0,0,0,0,0,0,0,0,0,0,0,0
1.638604,0,0,0,0,0,0,0,0,0,0,0,0
1.640199,0,0,0,0,0,0,0,0,0,0,0,0
1.641792,0,0,0,0,0,0,0,0,0,0,0,0
1.643435,0,0,0,0,0,0,0,0,0,0,0,0
1.645034,0,0,0,0,0,0,0,0,0,0,0,0
1.646629,0,0,0,0,0,0,0,0,0,0,0,0
1.648200,0,0,0,0,0,0,0,0,0,0,0,0
1.649796,0,0,0,0,0,0,0,0,0,0,0,0
1.651394,0,0,0,0,0,0,0,0,0,0,0,0
1.652990,0,0,0,0,0,0,0,0,0,0,0,0
1.654590,0,0,0,0,0,0,0,0,0,0,0,0
1.656187,0,0,0,0,0,0,0,0,0,0,0,0
1.657797,0,0,0,0,0,0,0,0,0,0,0,0
1.659442,0,0,0,0,0,0,0,0,0,0,0,0
1.661040,0,0,0,0,0,0,0,0,0,0,0,0
1.662640,0,0,0,0,0,0,0,0,0,0,0,0
1.664238,0,0,0,0,0,0,0,0,0,0,0,0
1.665835,0,0,0,0,0,0,0,0,0,0,0,0
1.667432,0,0,0,0,0,0,0,0,0,0,0,0
1.669044,0,0,0,0,0,0,0,0,0,0,0,0
1.670643,0,0,0,0,0,0,0,0,0,0,0,0
1.672242,0,0,0,0,0,0,0,0,0,0,0,0
1.673839,0,0,0,0,0,0,0,0,0,0,0,0
1.675481,0,0,0,0,0,0,0,0,0,0,0,0
1.677079,0,0,0,0,0,0,0,0,0,0,0,0
1.678678,0,0,0,0,0,0,0,0,0,0,0,0
1.680291,0,0,0,0,0,0,0,0,0,0,0,0
1.681886,0,0,0,0,0,0,0,0,0,0,0,0
1.683485,0,0,0,0,0,0,0,0,0,0,0,0
1.685082,0,0,0,0,0,0,0,0,0,0,0,0
1.686680,0,0,0,0,0,0,0,0,0,0,0,0
1.688278,0,0,0,0,0,0,0,0,0,0,0,0
1.689874,0,0,0,0,0,0,0,0,0,0,0,0
1.691359,0,0,0,0,0,0,0,0,0,0,0,0
1.692929,0,0,0,0,0,0,0,0,0,0,0,0
1.694528,0,0,0,0,0,0,0,0,0,0,0,0
1.696126,0,0,0,0,0,0,0,0,0,0,0,0
1.697723,0,0,0,0,0,0,0,0,0,0,0,0
1.699320,0,0,0,0,0,0,0,0,0,0,0,0
1.700918,0,0,0,0,0,0,0,0,0,0,0,0
1.702446,0,0,0,0,0,0,0,0,0,0,0,0
1.703840,0,0,0,0,0,0,0,0,0,0,0,0
1.705426,0,0,0,0,0,0,0,0,0,0,0,0
1.706945,0,0,0,0,0,0,0,0,0,0,0,0
1.708380,0,0,0,0,0,0,0,0,0,0,0,0
1.709813,0,0,0,0,0,0,0,0,0,0,0,0
1.711329,0,0,0,0,0,0,0,0,0,0,0,0
1.714594,0,0,0,0,0,0,0,0,0,0,0,0
1.717094,0,0,0,0,0,0,0,0,0,0,0,0
1.718538,0,0,0,0,0,0,0,0,0,0,0,0
1.719974,0,0,0,0,0,0,0,0,0,0,0,0
1.721409,0,0,0,0,0,0,0,0,0,0,0,0
1.722897,0,0,0,0,0,0,0,0,0,0,0,0
1.724331,0,0,0,0,0,0,0,0,0,0,0,0
1.725767,0,0,0,0,0,0,0,0,0,0,0,0
1.727207,0,0,0,0,0,0,0,0,0,0,0,0
1.728793,0,0,0,0,0,0,0,0,0,0,0,0
1.730200,0,0,0,0,0,0,0,0,0,0,0,0
1.731597,0,0,0,0,0,0,0,0,0,0,0,0
1.733004,0,0,0,0,0,0,0,0,0,0,0,0
1.734393,0,0,0,0,0,0,0,0,0,0,0,0
1.735784,0,0,0,0,0,0,0,0,0,0,0,0
1.737171,0,0,0,0,0,0,0,0,0,0,0,0
1.738575,0,0,0,0,0,0,0,0,0,0,0,0
1.740016,0,0,0,0,0,0,0,0,0,0,0,0
1.741448,0,0,0,0,0,0,0,0,0,0,0,0
1.742885,0,0,0,0,0,0,0,0,0,0,0,0
1.744459,0,0,0,0,0,0,0,0,0,0,0,0
1.746056,0,0,0,0,0,0,0,0,0,0,0,0
1.747695,0,0,0,0,0,0,0,0,0,0,0,0
1.749291,0,0,0,0,0,0,0,0,0,0,0,0
1.750891,0,0,0,0,0,0,0,0,0,0,0,0
1.752490,0,0,0,0,0,0,0,0,0,0,0,0
1.754128,0,0,0,0,0,0,0,0,0,0,0,0
1.755635,0,0,0,0,0,0,0,0,0,0,0,0
1.757194,0,0,0,0,0,0,0,0,0,0,0,0
1.758791,0,0,0,0,0,0,0,0,0,0,0,0
1.760227,0,0,0,0,0,0,0,0,0,0,0,0
1.761660,0,0,0,0,0,0,0,0,0,0,0,0
1.763205,0,0,0,0,0,0,0,0,0,0,0,0
1.766173,0,0,0,0,0,0,0,0,0,0,0,0
1.767800,0,0,0,0,0,0,0,0,0,0,0,0
1.769397,0,0,0,0,0,0,0,0,0,0,0,0
1.770999,0,0,0,0,0,0,0,0,0,0,0,0
1.772598,0,0,0,0,0,0,0,0,0,0,0,0
1.774196,0,0,0,0,0,0,0,0,0,0,0,0
1.775799,0,0,0,0,0,0,0,0,0,0,0,0
1.777285,0,0,0,0,0,0,0,0,0,0,0,0
1.778728,0,0,0,0,0,0,0,0,0,0,0,0
1.780164,0,0,0,0,0,0,0,0,0,0,0,0
1.781598,0,0,0,0,0,0,0,0,0,0,0,0
1.783033,0,0,0,0,0,0,0,0,0,0,0,0
1.784467,0,0,0,0,0,0,0,0,0,0,0,0
1.786030,0,0,0,0,0,0,0,0,0,0,0,0
1.787614,0,0,0,0,0,0,0,0,0,0,0,0
1.789203,0,0,0,0,0,0,0,0,0,0,0,0
1.790809,0,0,0,0,0,0,0,0,0,0,0,0
1.792410,0,0,0,0,0,0,0,0,0,0,0,0
1.794010,0,0,0,0,0,0,0,0,0,0,0,0
1.795664,0,0,0,0,0,0,0,0,0,0,0,0
1.797263,0,0,0,0,0,0,0,0,0,0,0,0
1.798753,0,0,0,0,0,0,0,0,0,0,0,0
1.800325,0,0,0,0,0,0,0,0,0,0,0,0
1.801924,0,0,0,0,0,0,0,0,0,0,0,0
1.803671,0,0,0,0,0,0,0,0,0,0,0,0
1.805270,0,0,0,0,0,0,0,0,0,0,0,0
1.806872,0,0,0,0,0,0,0,0,0,0,0,0
1.808472,0,0,0,0,0,0,0,0,0,0,0,0
1.809958,0,0,0,0,0,0,0,0,0,0,0,0
1.811582,0,0,0,0,0,0,0,0,0,0,0,0
1.813182,0,0,0,0,0,0,0,0,0,0,0,0
1.814785,0,0,0,0,0,0,0,0,0,0,0,0
1.816376,0,0,0,0,0,0,0,0,0,0,0,0
1.817966,0,0,0,0,0,0,0,0,0,0,0,0
1.819706,0,0,0,0,0,0,0,0,0,0,0,0
1.821318,0,0,0,0,0,0,0,0,0,0,0,0
1.822921,0,0,0,0,0,0,0,0,0,0,0,0
1.824522,0,0,0,0,0,0,0,0,0,0,0,0
1.826120,0,0,0,0,0,0,0,0,0,0,0,0
1.827724,0,0,0,0,0,0,0,0,0,0,0,0
1.829322,0,0,0,0,0,0,0,0,0,0,0,0
1.830922,0,0,0,0,0,0,0,0,0,0,0,0
1.832535,0,0,0,0,0,0,0,0,0,0,0,0
1.834175,0,0,0,0,0,0,0,0,0,0,0,0
1.835777,0,0,0,0,0,0,0,0,0,0,0,0
1.837374,0,0,0,0,0,0,0,0,0,0,0,0
1.838975,0,0,0,0,0,0,0,0,0,0,0,0
1.840573,0,0,0,0,0,0,0,0,0,0,0,0
1.842170,0,0,0,0,0,0,0,0,0,0,0,0
1.843788,0,0,0,0,0,0,0,0,0,0,0,0
1.845386,0,0,0,0,0,0,0,0,0,0,0,0
1.846988,0,0,0,0,0,0,0,0,0,0,0,0
1.848589,0,0,0,0,0,0,0,0,0,0,0,0
1.850230,0,0,0,0,0,0,0,0,0,0,0,0
1.851835,0,0,0,0,0,0,0,0,0,0,0,0
1.853432,0,0,0,0,0,0,0,0,0,0,0,0
1.855045,0,0,0,0,0,0,0,0,0,0,0,0
1.856645,0,0,0,0,0,0,0,0,0,0,0,0
1.858244,0,0,0,0,0,0,0,0,0,0,0,0
1.859847,0,0,0,0,0,0,0,0,0,0,0,0
1.861446,0,0,0,0,0,0,0,0,0,0,0,0
1.863046,0,0,0,0,0,0,0,0,0,0,0,0
1.864645,0,0,0,0,0,0,0,0,0,0,0,0
1.866180,0,0,0,0,0,0,0,0,0,0,0,0
1.868116,0,0,0,0,0,0,0,0,0,0,0,0
1.869645,0,0,0,0,0,0,0,0,0,0,0,0
1.871283,0,0,0,0,0,0,0,0,0,0,0,0
1.872950,0,0,0,0,0,0,0,0,0,0,0,0
1.874618,0,0,0,0,0,0,0,0,0,0,0,0
1.876297,0,0,0,0,0,0,0,0,0,0,0,0
1.877962,0,0,0,0,0,0,0,0,0,0,0,0
1.879684,0,0,0,0,0,0,0,0,0,0,0,0
1.881349,0,0,0,0,0,0,0,0,0,0,0,0
1.883017,0,0,0,0,0,0,0,0,0,0,0,0
1.884683,0,0,0,0,0,0,0,0,0,0,0,0
1.886364,0,0,0,0,0,0,0,0,0,0,0,0
1.888030,0,0,0,0,0,0,0,0,0,0,0,0
1.889693,0,0,0,0,0,0,0,0,0,0,0,0
1.891359,0,0,0,0,0,0,0,0,0,0,0,0
1.893025,0,0,0,0,0,0,0,0,0,0,0,0
1.894693,0,0,0,0,0,0,0,0,0,0,0,0
1.896373,0,0,0,0,0,0,0,0,0,0,0,0
1.898037,0,0,0,0,0,0,0,0,0,0,0,0
1.899706,0,0,0,0,0,0,0,0,0,0,0,0
1.901369,0,0,0,0,0,0,0,0,0,0,0,0
1.903038,0,0,0,0,0,0,0,0,0,0,0,0
1.904573,0,0,0,0,0,0,0,0,0,0,0,0
1.906210,0,0,0,0,0,0,0,0,0,0,0,0
1.907896,0,0,0,0,0,0,0,0,0,0,0,0
1.909560,0,0,0,0,0,0,0,0,0,0,0,0
1.911225,0,0,0,0,0,0,0,0,0,0,0,0
1.912892,0,0,0,0,0,0,0,0,0,0,0,0
1.914607,0,0,0,0,0,0,0,0,0,0,0,0
1.916274,0,0,0,0,0,0,0,0,0,0,0,0
1.917953,0,0,0,0,0,0,0,0,0,0,0,0
1.919715,0,0,0,0,0,0,0,0,0,0,0,0
1.921374,0,0,0,0,0,0,0,0,0,0,0,0
1.923042,0,0,0,0,0,0,0,0,0,0,0,0
1.924707,0,0,0,0,0,0,0,0,0,0,0,0
1.926242,0,0,0,0,0,0,0,0,0,0,0,0
1.927892,0,0,0,0,0,0,0,0,0,0,0,0
1.929572,0,0,0,0,0,0,0,0,0,0,0,0
1.931241,0,0,0,0,0,0,0,0,0,0,0,0
1.932909,0,0,0,0,0,0,0,0,0,0,0,0
1.934578,0,0,0,0,0,0,0,0,0,0,0,0
1.938663,0,0,0,0,0,0,0,0,0,0,0,0
1.943678,0,0,0,0,0,0,0,0,0,0,0,0
1.945190,0,0,0,0,0,0,0,0,0,0,0,0
1.946687,0,0,0,0,0,0,0,0,0,0,0,0
1.948179,0,0,0,0,0,0,0,0,0,0,0,0
1.949668,0,0,0,0,0,0,0,0,0,0,0,0
1.951158,0,0,0,0,0,0,0,0,0,0,0,0
1.952647,0,0,0,0,0,0,0,0,0,0,0,0
1.954196,0,0,0,0,0,0,0,0,0,0,0,0
1.955746,0,0,0,0,0,0,0,0,0,0,0,0
1.957211,0,0,0,0,0,0,0,0,0,0,0,0
1.958664,0,0,0,0,0,0,0,0,0,0,0,0
1.960111,0,0,0,0,0,0,0,0,0,0,0,0
1.961557,0,0,0,0,0,0,0,0,0,0,0,0
1.963070,0,0,0,0,0,0,0,0,0,0,0,0
1.964715,0,0,0,0,0,0,0,0,0,0,0,0
1.966384,0,0,0,0,0,0,0,0,0,0,0,0
1.968053,0,0,0,0,0,0,0,0,0,0,0,0
1.969719,0,0,0,0,0,0,0,0,0,0,0,0
1.971387,0,0,0,0,0,0,0,0,0,0,0,0
1.973055,0,0,0,0,0,0,0,0,0,0,0,0
1.974739,0,0,0,0,0,0,0,0,0,0,0,0
1.976407,0,0,0,0,0,0,0,0,0,0,0,0
1.978123,0,0,0,0,0,0,0,0,0,0,0,0
1.979796,0,0,0,0,0,0,0,0,0,0,0,0
1.981462,0,0,0,0,0,0,0,0,0,0,0,0
1.983131,0,0,0,0,0,0,0,0,0,0,0,0
1.984814,0,0,0,0,0,0,0,0,0,0,0,0
1.986484,0,0,0,0,0,0,0,0,0,0,0,0
1.988152,0,0,0,0,0,0,0,0,0,0,0,0
1.989817,0,0,0,0,0,0,0,0,0,0,0,0
1.991484,0,0,0,0,0,0,0,0,0,0,0,0
1.993153,0,0,0,0,0,0,0,0,0,0,0,0
1.994884,0,0,0,0,0,0,0,0,0,0,0,0
1.996552,0,0,0,0,0,0,0,0,0,0,0,0
1.998218,0,0,0,0,0,0,0,0,0,0,0,0
1.999892,0,0,0,0,0,0,0,0,0,0,0,0
