elapsed_s,RB_VRS_4X2_QUADS,RB_VRS_4X4_QUADS,RB_STALL_CYCLES_HLSQ_INFO,RB_HLSQ_ACTIVE_INFO,RB_STALL_CYCLES_HLSQ_ATTR,RB_HLSQ_ACTIVE_ATTR,RB_STALL_CYCLES_ZMODE_SWITCH,RB_TOTAL_PASS_PIXELS
0.001106,0,0,0,0,0,0,0,0
0.002935,0,0,0,0,0,0,0,0
0.004466,0,0,0,0,0,0,0,0
0.005978,0,0,0,0,0,0,0,0
0.007495,0,0,0,0,0,0,0,0
0.008999,0,0,0,0,0,0,0,0
0.010538,0,0,0,0,0,0,0,0
0.012144,0,0,0,0,0,0,0,0
0.013623,0,0,0,0,0,0,0,0
0.015218,0,0,0,0,0,0,0,0
0.016706,0,0,0,0,0,0,0,0
0.018182,0,0,0,0,0,0,0,0
0.019658,0,0,0,0,0,0,0,0
0.021147,0,0,0,0,0,0,0,0
0.022673,0,0,0,0,0,0,0,0
0.024151,0,0,0,0,0,0,0,0
0.025629,0,0,0,0,0,0,0,0
0.027152,0,0,0,0,0,0,0,0
0.028695,0,0,0,0,0,0,0,0
0.030166,0,0,0,0,0,0,0,0
0.031635,0,0,0,0,0,0,0,0
0.033221,0,0,0,0,0,0,0,0
0.034729,0,0,0,0,0,0,0,0
0.036352,0,0,0,0,0,0,0,0
0.037811,0,0,0,0,0,0,0,0
0.039440,0,0,0,0,0,0,0,0
0.040913,0,0,0,0,0,0,0,0
0.042426,0,0,0,0,0,0,0,0
0.043974,0,0,0,0,0,0,0,0
0.045412,0,0,0,0,0,0,0,0
0.046854,0,0,0,0,0,0,0,0
0.048450,0,0,0,0,0,0,0,0
0.050038,0,0,0,0,0,0,0,0
0.051542,0,0,0,0,0,0,0,0
0.053038,0,0,0,0,0,0,0,0
0.054524,0,0,0,0,0,0,0,0
0.056011,0,0,0,0,0,0,0,0
0.057496,0,0,0,0,0,0,0,0
0.058982,0,0,0,0,0,0,0,0
0.060477,0,0,0,0,0,0,0,0
0.062009,0,0,0,0,0,0,0,0
0.063549,0,0,0,0,0,0,0,0
0.064953,0,0,0,0,0,0,0,0
0.066344,0,0,0,0,0,0,0,0
0.067805,0,0,0,0,0,0,0,0
0.069159,0,0,0,0,0,0,0,0
0.070506,0,0,0,0,0,0,0,0
0.071973,0,0,0,0,0,0,0,0
0.073439,0,0,0,0,0,0,0,0
0.074922,0,0,0,0,0,0,0,0
0.076412,0,0,0,0,0,0,0,0
0.077782,0,0,0,0,0,0,0,0
0.079163,0,0,0,0,0,0,0,0
0.080535,0,0,0,0,0,0,0,0
0.081904,0,0,0,0,0,0,0,0
0.083276,0,0,0,0,0,0,0,0
0.084643,0,0,0,0,0,0,0,0
0.086020,0,0,0,0,0,0,0,0
0.087391,0,0,0,0,0,0,0,0
0.088681,0,0,0,0,0,0,0,0
0.090050,0,0,0,0,0,0,0,0
0.091417,0,0,0,0,0,0,0,0
0.092841,0,0,0,0,0,0,0,0
0.094208,0,0,0,0,0,0,0,0
0.095573,0,0,0,0,0,0,0,0
0.096952,0,0,0,0,0,0,0,0
0.098317,0,0,0,0,0,0,0,0
0.099680,0,0,0,0,0,0,0,0
0.101040,0,0,0,0,0,0,0,0
0.102400,0,0,0,0,0,0,0,0
0.103758,0,0,0,0,0,0,0,0
0.105118,0,0,0,0,0,0,0,0
0.106524,0,0,0,0,0,0,0,0
0.110010,0,0,0,0,0,0,0,0
0.113588,0,0,0,0,0,0,0,0
0.115033,0,0,0,0,0,0,0,0
0.116436,0,0,0,0,0,0,0,0
0.117838,0,0,0,0,0,0,0,0
0.119332,0,0,0,0,0,0,0,0
0.120733,0,0,0,0,0,0,0,0
0.122135,0,0,0,0,0,0,0,0
0.123635,0,0,0,0,0,0,0,0
0.125038,0,0,0,0,0,0,0,0
0.126574,0,0,0,0,0,0,0,0
0.127987,0,0,0,0,0,0,0,0
0.129372,0,0,0,0,0,0,0,0
0.130734,0,0,0,0,0,0,0,0
0.132095,0,0,0,0,0,0,0,0
0.133453,0,0,0,0,0,0,0,0
0.134811,0,0,0,0,0,0,0,0
0.136169,0,0,0,0,0,0,0,0
0.137525,0,0,0,0,0,0,0,0
0.138883,0,0,0,0,0,0,0,0
0.140384,0,0,0,0,0,0,0,0
0.141843,0,0,0,0,0,0,0,0
0.143388,0,0,0,0,0,0,0,0
0.144957,0,0,0,0,0,0,0,0
0.146530,0,0,0,0,0,0,0,0
0.148102,0,0,0,0,0,0,0,0
0.149672,0,0,0,0,0,0,0,0
0.151260,0,0,0,0,0,0,0,0
0.152829,0,0,0,0,0,0,0,0
0.154402,0,0,0,0,0,0,0,0
0.156018,0,0,0,0,0,0,0,0
0.157588,0,0,0,0,0,0,0,0
0.159221,0,0,0,0,0,0,0,0
0.160793,0,0,0,0,0,0,0,0
0.162378,0,0,0,0,0,0,0,0
0.163950,0,0,0,0,0,0,0,0
0.165519,0,0,0,0,0,0,0,0
0.167090,0,0,0,0,0,0,0,0
0.168661,0,0,0,0,0,0,0,0
0.170234,0,0,0,0,0,0,0,0
0.171849,0,0,0,0,0,0,0,0
0.173432,0,0,0,0,0,0,0,0
0.175005,0,0,0,0,0,0,0,0
0.176576,0,0,0,0,0,0,0,0
0.178175,0,0,0,0,0,0,0,0
0.179749,0,0,0,0,0,0,0,0
0.181320,0,0,0,0,0,0,0,0
0.182894,0,0,0,0,0,0,0,0
0.184479,0,0,0,0,0,0,0,0
0.186055,0,0,0,0,0,0,0,0
0.187566,0,0,0,0,0,0,0,0
0.188982,0,0,0,0,0,0,0,0
0.190524,0,0,0,0,0,0,0,0
0.192098,0,0,0,0,0,0,0,0
0.193669,0,0,0,0,0,0,0,0
0.195260,0,0,0,0,0,0,0,0
0.196833,0,0,0,0,0,0,0,0
0.198408,0,0,0,0,0,0,0,0
0.199987,0,0,0,0,0,0,0,0
0.201461,0,0,0,0,0,0,0,0
0.202903,0,0,0,0,0,0,0,0
0.204315,0,0,0,0,0,0,0,0
0.205699,0,0,0,0,0,0,0,0
0.207084,0,0,0,0,0,0,0,0
0.208508,0,0,0,0,0,0,0,0
0.209915,0,0,0,0,0,0,0,0
0.211417,0,0,0,0,0,0,0,0
0.212819,0,0,0,0,0,0,0,0
0.214282,0,0,0,0,0,0,0,0
0.215716,0,0,0,0,0,0,0,0
0.217136,0,0,0,0,0,0,0,0
0.218537,0,0,0,0,0,0,0,0
0.219992,0,0,0,0,0,0,0,0
0.221367,0,0,0,0,0,0,0,0
0.222741,0,0,0,0,0,0,0,0
0.224116,0,0,0,0,0,0,0,0
0.225490,0,0,0,0,0,0,0,0
0.226865,0,0,0,0,0,0,0,0
0.228399,0,0,0,0,0,0,0,0
0.229794,0,0,0,0,0,0,0,0
0.231170,0,0,0,0,0,0,0,0
0.232543,0,0,0,0,0,0,0,0
0.233918,0,0,0,0,0,0,0,0
0.235435,0,0,0,0,0,0,0,0
0.236836,0,0,0,0,0,0,0,0
0.238194,0,0,0,0,0,0,0,0
0.239559,0,0,0,0,0,0,0,0
0.240919,0,0,0,0,0,0,0,0
0.242277,0,0,0,0,0,0,0,0
0.243638,0,0,0,0,0,0,0,0
0.244997,0,0,0,0,0,0,0,0
0.246380,0,0,0,0,0,0,0,0
0.247739,0,0,0,0,0,0,0,0
0.249097,0,0,0,0,0,0,0,0
0.250459,0,0,0,0,0,0,0,0
0.251846,0,0,0,0,0,0,0,0
0.253273,0,0,0,0,0,0,0,0
0.254699,0,0,0,0,0,0,0,0
0.256133,0,0,0,0,0,0,0,0
0.257559,0,0,0,0,0,0,0,0
0.258984,0,0,0,0,0,0,0,0
0.260408,0,0,0,0,0,0,0,0
0.261860,0,0,0,0,0,0,0,0
0.263287,0,0,0,0,0,0,0,0
0.264668,0,0,0,0,0,0,0,0
0.266048,0,0,0,0,0,0,0,0
0.267423,0,0,0,0,0,0,0,0
0.268705,0,0,0,0,0,0,0,0
0.270151,0,0,0,0,0,0,0,0
0.271507,0,0,0,0,0,0,0,0
0.272925,0,0,0,0,0,0,0,0
0.274289,0,0,0,0,0,0,0,0
0.275655,0,0,0,0,0,0,0,0
0.277044,0,0,0,0,0,0,0,0
0.278410,0,0,0,0,0,0,0,0
0.279774,0,0,0,0,0,0,0,0
0.281136,0,0,0,0,0,0,0,0
0.282499,0,0,0,0,0,0,0,0
0.283889,0,0,0,0,0,0,0,0
0.285308,0,0,0,0,0,0,0,0
0.287483,0,0,0,0,0,0,0,0
0.289854,0,0,0,0,0,0,0,0
0.291309,0,0,0,0,0,0,0,0
0.292719,0,0,0,0,0,0,0,0
0.294247,0,0,0,0,0,0,0,0
0.296505,0,0,0,0,0,0,0,0
0.297905,0,0,0,0,0,0,0,0
0.299380,0,0,0,0,0,0,0,0
0.300824,0,0,0,0,0,0,0,0
0.302319,0,0,0,0,0,0,0,0
0.303719,0,0,0,0,0,0,0,0
0.305098,0,0,0,0,0,0,0,0
0.306458,0,0,0,0,0,0,0,0
0.307813,0,0,0,0,0,0,0,0
0.309167,0,0,0,0,0,0,0,0
0.310522,0,0,0,0,0,0,0,0
0.311887,0,0,0,0,0,0,0,0
0.313242,0,0,0,0,0,0,0,0
0.314605,0,0,0,0,0,0,0,0
0.315991,0,0,0,0,0,0,0,0
0.317395,0,0,0,0,0,0,0,0
0.318797,0,0,0,0,0,0,0,0
0.320200,0,0,0,0,0,0,0,0
0.321727,0,0,0,0,0,0,0,0
0.323344,0,0,0,0,0,0,0,0
0.324913,0,0,0,0,0,0,0,0
0.326498,0,0,0,0,0,0,0,0
0.328070,0,0,0,0,0,0,0,0
0.329639,0,0,0,0,0,0,0,0
0.331302,0,0,0,0,0,0,0,0
0.332875,0,0,0,0,0,0,0,0
0.334449,0,0,0,0,0,0,0,0
0.336021,0,0,0,0,0,0,0,0
0.337604,0,0,0,0,0,0,0,0
0.339230,0,0,0,0,0,0,0,0
0.340800,0,0,0,0,0,0,0,0
0.342373,0,0,0,0,0,0,0,0
0.343946,0,0,0,0,0,0,0,0
0.345517,0,0,0,0,0,0,0,0
0.347090,0,0,0,0,0,0,0,0
0.348674,0,0,0,0,0,0,0,0
0.350248,0,0,0,0,0,0,0,0
0.351821,0,0,0,0,0,0,0,0
0.353392,0,0,0,0,0,0,0,0
0.354964,0,0,0,0,0,0,0,0
0.356535,0,0,0,0,0,0,0,0
0.358109,0,0,0,0,0,0,0,0
0.359692,0,0,0,0,0,0,0,0
0.361263,0,0,0,0,0,0,0,0
0.362835,0,0,0,0,0,0,0,0
0.364407,0,0,0,0,0,0,0,0
0.365981,0,0,0,0,0,0,0,0
0.367554,0,0,0,0,0,0,0,0
0.369125,0,0,0,0,0,0,0,0
0.370712,0,0,0,0,0,0,0,0
0.372284,0,0,0,0,0,0,0,0
0.373855,0,0,0,0,0,0,0,0
0.375432,0,0,0,0,0,0,0,0
0.377000,0,0,0,0,0,0,0,0
0.378574,0,0,0,0,0,0,0,0
0.380190,0,0,0,0,0,0,0,0
0.381774,0,0,0,0,0,0,0,0
0.383322,0,0,0,0,0,0,0,0
0.384734,0,0,0,0,0,0,0,0
0.386274,0,0,0,0,0,0,0,0
0.387845,0,0,0,0,0,0,0,0
0.389416,0,0,0,0,0,0,0,0
0.390988,0,0,0,0,0,0,0,0
0.392446,0,0,0,0,0,0,0,0
0.393858,0,0,0,0,0,0,0,0
0.395553,0,0,0,0,0,0,0,0
0.396963,0,0,0,0,0,0,0,0
0.398373,0,0,0,0,0,0,0,0
0.399807,0,0,0,0,0,0,0,0
0.401416,0,0,0,0,0,0,0,0
0.403007,0,0,0,0,0,0,0,0
0.404427,0,0,0,0,0,0,0,0
0.405783,0,0,0,0,0,0,0,0
0.407181,0,0,0,0,0,0,0,0
0.408541,0,0,0,0,0,0,0,0
0.409898,0,0,0,0,0,0,0,0
0.411256,0,0,0,0,0,0,0,0
0.412652,0,0,0,0,0,0,0,0
0.414155,0,0,0,0,0,0,0,0
0.415569,0,0,0,0,0,0,0,0
0.416933,0,0,0,0,0,0,0,0
0.418340,0,0,0,0,0,0,0,0
0.419689,0,0,0,0,0,0,0,0
0.421038,0,0,0,0,0,0,0,0
0.422436,0,0,0,0,0,0,0,0
0.423787,0,0,0,0,0,0,0,0
0.425148,0,0,0,0,0,0,0,0
0.426546,0,0,0,0,0,0,0,0
0.427949,0,0,0,0,0,0,0,0
0.429327,0,0,0,0,0,0,0,0
0.430702,0,0,0,0,0,0,0,0
0.432027,0,0,0,0,0,0,0,0
0.433350,0,0,0,0,0,0,0,0
0.434722,0,0,0,0,0,0,0,0
0.436055,0,0,0,0,0,0,0,0
0.437379,0,0,0,0,0,0,0,0
0.438751,0,0,0,0,0,0,0,0
0.440075,0,0,0,0,0,0,0,0
0.441399,0,0,0,0,0,0,0,0
0.442772,0,0,0,0,0,0,0,0
0.444132,0,0,0,0,0,0,0,0
0.445441,0,0,0,0,0,0,0,0
0.446806,0,0,0,0,0,0,0,0
0.448124,0,0,0,0,0,0,0,0
0.449433,0,0,0,0,0,0,0,0
0.450790,0,0,0,0,0,0,0,0
0.452098,0,0,0,0,0,0,0,0
0.453406,0,0,0,0,0,0,0,0
0.454762,0,0,0,0,0,0,0,0
0.456069,0,0,0,0,0,0,0,0
0.457384,0,0,0,0,0,0,0,0
0.458741,0,0,0,0,0,0,0,0
0.460079,0,0,0,0,0,0,0,0
0.461455,0,0,0,0,0,0,0,0
0.462831,0,0,0,0,0,0,0,0
0.464205,0,0,0,0,0,0,0,0
0.465473,0,0,0,0,0,0,0,0
0.466789,0,0,0,0,0,0,0,0
0.468067,0,0,0,0,0,0,0,0
0.469446,0,0,0,0,0,0,0,0
0.470780,0,0,0,0,0,0,0,0
0.472155,0,0,0,0,0,0,0,0
0.473530,0,0,0,0,0,0,0,0
0.474956,0,0,0,0,0,0,0,0
0.476332,0,0,0,0,0,0,0,0
0.477708,0,0,0,0,0,0,0,0
0.479004,0,0,0,0,0,0,0,0
0.480380,0,0,0,0,0,0,0,0
0.481809,0,0,0,0,0,0,0,0
0.483208,0,0,0,0,0,0,0,0
0.484609,0,0,0,0,0,0,0,0
0.485985,0,0,0,0,0,0,0,0
0.487363,0,0,0,0,0,0,0,0
0.488740,0,0,0,0,0,0,0,0
0.490174,0,0,0,0,0,0,0,0
0.491567,0,0,0,0,0,0,0,0
0.492944,0,0,0,0,0,0,0,0
0.494375,0,0,0,0,0,0,0,0
0.495740,0,0,0,0,0,0,0,0
0.496960,0,0,0,0,0,0,0,0
0.498374,0,0,0,0,0,0,0,0
0.499736,0,0,0,0,0,0,0,0
0.501115,0,0,0,0,0,0,0,0
0.502478,0,0,0,0,0,0,0,0
0.503846,0,0,0,0,0,0,0,0
0.505211,0,0,0,0,0,0,0,0
0.506575,0,0,0,0,0,0,0,0
0.507951,0,0,0,0,0,0,0,0
0.509383,0,0,0,0,0,0,0,0
0.511628,0,0,0,0,0,0,0,0
0.513047,0,0,0,0,0,0,0,0
0.514450,0,0,0,0,0,0,0,0
0.515850,0,0,0,0,0,0,0,0
0.517249,0,0,0,0,0,0,0,0
0.518658,0,0,0,0,0,0,0,0
0.520159,0,0,0,0,0,0,0,0
0.521797,0,0,0,0,0,0,0,0
0.523291,0,0,0,0,0,0,0,0
0.524759,0,0,0,0,0,0,0,0
0.526278,0,0,0,0,0,0,0,0
0.527758,0,0,0,0,0,0,0,0
0.529160,0,0,0,0,0,0,0,0
0.530572,0,0,0,0,0,0,0,0
0.531972,0,0,0,0,0,0,0,0
0.533382,0,0,0,0,0,0,0,0
0.534784,0,0,0,0,0,0,0,0
0.536228,0,0,0,0,0,0,0,0
0.537630,0,0,0,0,0,0,0,0
0.539137,0,0,0,0,0,0,0,0
0.540675,0,0,0,0,0,0,0,0
0.542250,0,0,0,0,0,0,0,0
0.543712,0,0,0,0,0,0,0,0
0.545256,0,0,0,0,0,0,0,0
0.546829,0,0,0,0,0,0,0,0
0.548394,0,0,0,0,0,0,0,0
0.550125,0,0,0,0,0,0,0,0
0.551566,0,0,0,0,0,0,0,0
0.553106,0,0,0,0,0,0,0,0
0.554692,0,0,0,0,0,0,0,0
0.556307,0,0,0,0,0,0,0,0
0.557877,0,0,0,0,0,0,0,0
0.559454,0,0,0,0,0,0,0,0
0.561024,0,0,0,0,0,0,0,0
0.562597,0,0,0,0,0,0,0,0
0.564170,0,0,0,0,0,0,0,0
0.565754,0,0,0,0,0,0,0,0
0.567329,0,0,0,0,0,0,0,0
0.568899,0,0,0,0,0,0,0,0
0.570471,0,0,0,0,0,0,0,0
0.572084,0,0,0,0,0,0,0,0
0.573652,0,0,0,0,0,0,0,0
0.575196,0,0,0,0,0,0,0,0
0.576746,0,0,0,0,0,0,0,0
0.578321,0,0,0,0,0,0,0,0
0.579894,0,0,0,0,0,0,0,0
0.581466,0,0,0,0,0,0,0,0
0.583038,0,0,0,0,0,0,0,0
0.584610,0,0,0,0,0,0,0,0
0.586184,0,0,0,0,0,0,0,0
0.587813,0,0,0,0,0,0,0,0
0.589385,0,0,0,0,0,0,0,0
0.590954,0,0,0,0,0,0,0,0
0.592525,0,0,0,0,0,0,0,0
0.594097,0,0,0,0,0,0,0,0
0.595669,0,0,0,0,0,0,0,0
0.597240,0,0,0,0,0,0,0,0
0.598696,0,0,0,0,0,0,0,0
0.600115,0,0,0,0,0,0,0,0
0.601655,0,0,0,0,0,0,0,0
0.603279,0,0,0,0,0,0,0,0
0.604894,0,0,0,0,0,0,0,0
0.606467,0,0,0,0,0,0,0,0
0.608045,0,0,0,0,0,0,0,0
0.610162,0,0,0,0,0,0,0,0
0.611602,0,0,0,0,0,0,0,0
0.613006,0,0,0,0,0,0,0,0
0.614407,0,0,0,0,0,0,0,0
0.615809,0,0,0,0,0,0,0,0
0.617206,0,0,0,0,0,0,0,0
0.618605,0,0,0,0,0,0,0,0
0.620048,0,0,0,0,0,0,0,0
0.621457,0,0,0,0,0,0,0,0
0.622855,0,0,0,0,0,0,0,0
0.624256,0,0,0,0,0,0,0,0
0.625654,0,0,0,0,0,0,0,0
0.627127,0,0,0,0,0,0,0,0
0.628525,0,0,0,0,0,0,0,0
0.629928,0,0,0,0,0,0,0,0
0.631345,0,0,0,0,0,0,0,0
0.632753,0,0,0,0,0,0,0,0
0.634152,0,0,0,0,0,0,0,0
0.635602,0,0,0,0,0,0,0,0
0.636977,0,0,0,0,0,0,0,0
0.638350,0,0,0,0,0,0,0,0
0.639724,0,0,0,0,0,0,0,0
0.641097,0,0,0,0,0,0,0,0
0.642469,0,0,0,0,0,0,0,0
0.643852,0,0,0,0,0,0,0,0
0.645230,0,0,0,0,0,0,0,0
0.646608,0,0,0,0,0,0,0,0
0.647984,0,0,0,0,0,0,0,0
0.649357,0,0,0,0,0,0,0,0
0.650735,0,0,0,0,0,0,0,0
0.652147,0,0,0,0,0,0,0,0
0.653473,0,0,0,0,0,0,0,0
0.654904,0,0,0,0,0,0,0,0
0.656329,0,0,0,0,0,0,0,0
0.657754,0,0,0,0,0,0,0,0
0.659173,0,0,0,0,0,0,0,0
0.660491,0,0,0,0,0,0,0,0
0.661917,0,0,0,0,0,0,0,0
0.663308,0,0,0,0,0,0,0,0
0.664698,0,0,0,0,0,0,0,0
0.666128,0,0,0,0,0,0,0,0
0.667573,0,0,0,0,0,0,0,0
0.669000,0,0,0,0,0,0,0,0
0.670433,0,0,0,0,0,0,0,0
0.671859,0,0,0,0,0,0,0,0
0.673285,0,0,0,0,0,0,0,0
0.674709,0,0,0,0,0,0,0,0
0.676137,0,0,0,0,0,0,0,0
0.677561,0,0,0,0,0,0,0,0
0.678990,0,0,0,0,0,0,0,0
0.680414,0,0,0,0,0,0,0,0
0.681839,0,0,0,0,0,0,0,0
0.683171,0,0,0,0,0,0,0,0
0.684612,0,0,0,0,0,0,0,0
0.686162,0,0,0,0,0,0,0,0
0.687634,0,0,0,0,0,0,0,0
0.688981,0,0,0,0,0,0,0,0
0.690320,0,0,0,0,0,0,0,0
0.691658,0,0,0,0,0,0,0,0
0.692859,0,0,0,0,0,0,0,0
0.694197,0,0,0,0,0,0,0,0
0.695535,0,0,0,0,0,0,0,0
0.696878,0,0,0,0,0,0,0,0
0.698225,0,0,0,0,0,0,0,0
0.699575,0,0,0,0,0,0,0,0
0.700987,0,0,0,0,0,0,0,0
0.702388,0,0,0,0,0,0,0,0
0.703799,0,0,0,0,0,0,0,0
0.705205,0,0,0,0,0,0,0,0
0.706978,0,0,0,0,0,0,0,0
0.708388,0,0,0,0,0,0,0,0
0.709789,0,0,0,0,0,0,0,0
0.711245,0,0,0,0,0,0,0,0
0.716167,0,0,0,0,0,0,0,0
0.717570,0,0,0,0,0,0,0,0
0.719008,0,0,0,0,0,0,0,0
0.720409,0,0,0,0,0,0,0,0
0.721810,0,0,0,0,0,0,0,0
0.723286,0,0,0,0,0,0,0,0
0.724687,0,0,0,0,0,0,0,0
0.726224,0,0,0,0,0,0,0,0
0.727686,0,0,0,0,0,0,0,0
0.729068,0,0,0,0,0,0,0,0
0.730434,0,0,0,0,0,0,0,0
0.731816,0,0,0,0,0,0,0,0
0.733224,0,0,0,0,0,0,0,0
0.734632,0,0,0,0,0,0,0,0
0.736275,0,0,0,0,0,0,0,0
0.737846,0,0,0,0,0,0,0,0
0.739314,0,0,0,0,0,0,0,0
0.740728,0,0,0,0,0,0,0,0
0.742139,0,0,0,0,0,0,0,0
0.743547,0,0,0,0,0,0,0,0
0.744954,0,0,0,0,0,0,0,0
0.746363,0,0,0,0,0,0,0,0
0.747943,0,0,0,0,0,0,0,0
0.749529,0,0,0,0,0,0,0,0
0.751103,0,0,0,0,0,0,0,0
0.752676,0,0,0,0,0,0,0,0
0.754251,0,0,0,0,0,0,0,0
0.755824,0,0,0,0,0,0,0,0
0.757397,0,0,0,0,0,0,0,0
0.758969,0,0,0,0,0,0,0,0
0.760429,0,0,0,0,0,0,0,0
0.761975,0,0,0,0,0,0,0,0
0.763593,0,0,0,0,0,0,0,0
0.765165,0,0,0,0,0,0,0,0
0.766741,0,0,0,0,0,0,0,0
0.768315,0,0,0,0,0,0,0,0
0.769885,0,0,0,0,0,0,0,0
0.771476,0,0,0,0,0,0,0,0
0.773048,0,0,0,0,0,0,0,0
0.774622,0,0,0,0,0,0,0,0
0.776196,0,0,0,0,0,0,0,0
0.777768,0,0,0,0,0,0,0,0
0.779346,0,0,0,0,0,0,0,0
0.780963,0,0,0,0,0,0,0,0
0.782551,0,0,0,0,0,0,0,0
0.784128,0,0,0,0,0,0,0,0
0.785701,0,0,0,0,0,0,0,0
0.787279,0,0,0,0,0,0,0,0
0.788850,0,0,0,0,0,0,0,0
0.790425,0,0,0,0,0,0,0,0
0.792000,0,0,0,0,0,0,0,0
0.793584,0,0,0,0,0,0,0,0
0.795108,0,0,0,0,0,0,0,0
0.796651,0,0,0,0,0,0,0,0
0.798098,0,0,0,0,0,0,0,0
0.799639,0,0,0,0,0,0,0,0
0.801210,0,0,0,0,0,0,0,0
0.802783,0,0,0,0,0,0,0,0
0.804244,0,0,0,0,0,0,0,0
0.805659,0,0,0,0,0,0,0,0
0.807149,0,0,0,0,0,0,0,0
0.808608,0,0,0,0,0,0,0,0
0.810025,0,0,0,0,0,0,0,0
0.811440,0,0,0,0,0,0,0,0
0.812945,0,0,0,0,0,0,0,0
0.814360,0,0,0,0,0,0,0,0
0.815763,0,0,0,0,0,0,0,0
0.817165,0,0,0,0,0,0,0,0
0.818566,0,0,0,0,0,0,0,0
0.819965,0,0,0,0,0,0,0,0
0.821367,0,0,0,0,0,0,0,0
0.822767,0,0,0,0,0,0,0,0
0.824166,0,0,0,0,0,0,0,0
0.825583,0,0,0,0,0,0,0,0
0.826985,0,0,0,0,0,0,0,0
0.828436,0,0,0,0,0,0,0,0
0.829879,0,0,0,0,0,0,0,0
0.831249,0,0,0,0,0,0,0,0
0.832622,0,0,0,0,0,0,0,0
0.834124,0,0,0,0,0,0,0,0
0.835509,0,0,0,0,0,0,0,0
0.836893,0,0,0,0,0,0,0,0
0.838270,0,0,0,0,0,0,0,0
0.839645,0,0,0,0,0,0,0,0
0.841018,0,0,0,0,0,0,0,0
0.842393,0,0,0,0,0,0,0,0
0.843805,0,0,0,0,0,0,0,0
0.845165,0,0,0,0,0,0,0,0
0.846523,0,0,0,0,0,0,0,0
0.847887,0,0,0,0,0,0,0,0
0.849248,0,0,0,0,0,0,0,0
0.850607,0,0,0,0,0,0,0,0
0.851966,0,0,0,0,0,0,0,0
0.853323,0,0,0,0,0,0,0,0
0.854679,0,0,0,0,0,0,0,0
0.856036,0,0,0,0,0,0,0,0
0.857394,0,0,0,0,0,0,0,0
0.858756,0,0,0,0,0,0,0,0
0.860144,0,0,0,0,0,0,0,0
0.861571,0,0,0,0,0,0,0,0
0.862996,0,0,0,0,0,0,0,0
0.864421,0,0,0,0,0,0,0,0
0.865847,0,0,0,0,0,0,0,0
0.867130,0,0,0,0,0,0,0,0
0.868510,0,0,0,0,0,0,0,0
0.869947,0,0,0,0,0,0,0,0
0.871379,0,0,0,0,0,0,0,0
0.872812,0,0,0,0,0,0,0,0
0.874243,0,0,0,0,0,0,0,0
0.875642,0,0,0,0,0,0,0,0
0.877020,0,0,0,0,0,0,0,0
0.878448,0,0,0,0,0,0,0,0
0.879826,0,0,0,0,0,0,0,0
0.881209,0,0,0,0,0,0,0,0
0.882639,0,0,0,0,0,0,0,0
0.884017,0,0,0,0,0,0,0,0
0.885393,0,0,0,0,0,0,0,0
0.886770,0,0,0,0,0,0,0,0
0.888146,0,0,0,0,0,0,0,0
0.889521,0,0,0,0,0,0,0,0
0.890947,0,0,0,0,0,0,0,0
0.892233,0,0,0,0,0,0,0,0
0.893608,0,0,0,0,0,0,0,0
0.895032,0,0,0,0,0,0,0,0
0.896395,0,0,0,0,0,0,0,0
0.897614,0,0,0,0,0,0,0,0
0.899046,0,0,0,0,0,0,0,0
0.900419,0,0,0,0,0,0,0,0
0.901785,0,0,0,0,0,0,0,0
0.903165,0,0,0,0,0,0,0,0
0.904533,0,0,0,0,0,0,0,0
0.905900,0,0,0,0,0,0,0,0
0.907457,0,0,0,0,0,0,0,0
0.909209,0,0,0,0,0,0,0,0
0.914010,0,0,0,0,0,0,0,0
0.915429,0,0,0,0,0,0,0,0
0.916830,0,0,0,0,0,0,0,0
0.918232,0,0,0,0,0,0,0,0
0.919633,0,0,0,0,0,0,0,0
0.921034,0,0,0,0,0,0,0,0
0.922436,0,0,0,0,0,0,0,0
0.923885,0,0,0,0,0,0,0,0
0.925287,0,0,0,0,0,0,0,0
0.926707,0,0,0,0,0,0,0,0
0.928112,0,0,0,0,0,0,0,0
0.929517,0,0,0,0,0,0,0,0
0.930925,0,0,0,0,0,0,0,0
0.932326,0,0,0,0,0,0,0,0
0.933728,0,0,0,0,0,0,0,0
0.935274,0,0,0,0,0,0,0,0
0.936707,0,0,0,0,0,0,0,0
0.938075,0,0,0,0,0,0,0,0
0.939440,0,0,0,0,0,0,0,0
0.940870,0,0,0,0,0,0,0,0
0.942277,0,0,0,0,0,0,0,0
0.943684,0,0,0,0,0,0,0,0
0.945221,0,0,0,0,0,0,0,0
0.946796,0,0,0,0,0,0,0,0
0.948385,0,0,0,0,0,0,0,0
0.950013,0,0,0,0,0,0,0,0
0.951584,0,0,0,0,0,0,0,0
0.953157,0,0,0,0,0,0,0,0
0.954733,0,0,0,0,0,0,0,0
0.956308,0,0,0,0,0,0,0,0
0.957880,0,0,0,0,0,0,0,0
0.959472,0,0,0,0,0,0,0,0
0.961043,0,0,0,0,0,0,0,0
0.962618,0,0,0,0,0,0,0,0
0.964191,0,0,0,0,0,0,0,0
0.965763,0,0,0,0,0,0,0,0
0.967340,0,0,0,0,0,0,0,0
0.968913,0,0,0,0,0,0,0,0
0.970420,0,0,0,0,0,0,0,0
0.972008,0,0,0,0,0,0,0,0
0.973580,0,0,0,0,0,0,0,0
0.975106,0,0,0,0,0,0,0,0
0.976648,0,0,0,0,0,0,0,0
0.978223,0,0,0,0,0,0,0,0
0.979843,0,0,0,0,0,0,0,0
0.981372,0,0,0,0,0,0,0,0
0.982804,0,0,0,0,0,0,0,0
0.984360,0,0,0,0,0,0,0,0
0.985841,0,0,0,0,0,0,0,0
0.987251,0,0,0,0,0,0,0,0
0.988698,0,0,0,0,0,0,0,0
0.990105,0,0,0,0,0,0,0,0
0.991523,0,0,0,0,0,0,0,0
0.992929,0,0,0,0,0,0,0,0
0.994337,0,0,0,0,0,0,0,0
0.995872,0,0,0,0,0,0,0,0
0.997444,0,0,0,0,0,0,0,0
0.999018,0,0,0,0,0,0,0,0
1.000468,0,0,0,0,0,0,0,0
1.002024,0,0,0,0,0,0,0,0
1.003644,0,0,0,0,0,0,0,0
1.005216,0,0,0,0,0,0,0,0
1.006791,0,0,0,0,0,0,0,0
1.008365,0,0,0,0,0,0,0,0
1.009829,0,0,0,0,0,0,0,0
1.011260,0,0,0,0,0,0,0,0
1.012681,0,0,0,0,0,0,0,0
1.014092,0,0,0,0,0,0,0,0
1.015499,0,0,0,0,0,0,0,0
1.016906,0,0,0,0,0,0,0,0
1.018369,0,0,0,0,0,0,0,0
1.019844,0,0,0,0,0,0,0,0
1.021422,0,0,0,0,0,0,0,0
1.022827,0,0,0,0,0,0,0,0
1.024250,0,0,0,0,0,0,0,0
1.025660,0,0,0,0,0,0,0,0
1.027114,0,0,0,0,0,0,0,0
1.028517,0,0,0,0,0,0,0,0
1.030143,0,0,0,0,0,0,0,0
1.031671,0,0,0,0,0,0,0,0
1.033174,0,0,0,0,0,0,0,0
1.034586,0,0,0,0,0,0,0,0
1.036040,0,0,0,0,0,0,0,0
1.037449,0,0,0,0,0,0,0,0
1.038860,0,0,0,0,0,0,0,0
1.040397,0,0,0,0,0,0,0,0
1.041973,0,0,0,0,0,0,0,0
1.043562,0,0,0,0,0,0,0,0
1.045134,0,0,0,0,0,0,0,0
1.046710,0,0,0,0,0,0,0,0
1.048285,0,0,0,0,0,0,0,0
1.049857,0,0,0,0,0,0,0,0
1.051434,0,0,0,0,0,0,0,0
1.053007,0,0,0,0,0,0,0,0
1.054596,0,0,0,0,0,0,0,0
1.056172,0,0,0,0,0,0,0,0
1.057745,0,0,0,0,0,0,0,0
1.059318,0,0,0,0,0,0,0,0
1.060882,0,0,0,0,0,0,0,0
1.062363,0,0,0,0,0,0,0,0
1.063911,0,0,0,0,0,0,0,0
1.065492,0,0,0,0,0,0,0,0
1.066944,0,0,0,0,0,0,0,0
1.068488,0,0,0,0,0,0,0,0
1.070063,0,0,0,0,0,0,0,0
1.071638,0,0,0,0,0,0,0,0
1.073209,0,0,0,0,0,0,0,0
1.074786,0,0,0,0,0,0,0,0
1.076377,0,0,0,0,0,0,0,0
1.078016,0,0,0,0,0,0,0,0
1.079655,0,0,0,0,0,0,0,0
1.081225,0,0,0,0,0,0,0,0
1.082799,0,0,0,0,0,0,0,0
1.084373,0,0,0,0,0,0,0,0
1.086001,0,0,0,0,0,0,0,0
1.087586,0,0,0,0,0,0,0,0
1.089158,0,0,0,0,0,0,0,0
1.090734,0,0,0,0,0,0,0,0
1.092308,0,0,0,0,0,0,0,0
1.093878,0,0,0,0,0,0,0,0
1.095453,0,0,0,0,0,0,0,0
1.097023,0,0,0,0,0,0,0,0
1.099376,0,0,0,0,0,0,0,0
1.100972,0,0,0,0,0,0,0,0
1.102548,0,0,0,0,0,0,0,0
1.104123,0,0,0,0,0,0,0,0
1.105696,0,0,0,0,0,0,0,0
1.107274,0,0,0,0,0,0,0,0
1.108736,0,0,0,0,0,0,0,0
1.110154,0,0,0,0,0,0,0,0
1.111565,0,0,0,0,0,0,0,0
1.112974,0,0,0,0,0,0,0,0
1.114383,0,0,0,0,0,0,0,0
1.115834,0,0,0,0,0,0,0,0
1.117372,0,0,0,0,0,0,0,0
1.118960,0,0,0,0,0,0,0,0
1.120533,0,0,0,0,0,0,0,0
1.122109,0,0,0,0,0,0,0,0
1.123683,0,0,0,0,0,0,0,0
1.125254,0,0,0,0,0,0,0,0
1.126827,0,0,0,0,0,0,0,0
1.128400,0,0,0,0,0,0,0,0
1.129985,0,0,0,0,0,0,0,0
1.131602,0,0,0,0,0,0,0,0
1.133173,0,0,0,0,0,0,0,0
1.134747,0,0,0,0,0,0,0,0
1.136319,0,0,0,0,0,0,0,0
1.137890,0,0,0,0,0,0,0,0
1.139466,0,0,0,0,0,0,0,0
1.141052,0,0,0,0,0,0,0,0
1.142627,0,0,0,0,0,0,0,0
1.144200,0,0,0,0,0,0,0,0
1.145770,0,0,0,0,0,0,0,0
1.147344,0,0,0,0,0,0,0,0
1.148959,0,0,0,0,0,0,0,0
1.150534,0,0,0,0,0,0,0,0
1.152120,0,0,0,0,0,0,0,0
1.153690,0,0,0,0,0,0,0,0
1.155266,0,0,0,0,0,0,0,0
1.156838,0,0,0,0,0,0,0,0
1.158413,0,0,0,0,0,0,0,0
1.159986,0,0,0,0,0,0,0,0
1.161557,0,0,0,0,0,0,0,0
1.163015,0,0,0,0,0,0,0,0
1.164559,0,0,0,0,0,0,0,0
1.166133,0,0,0,0,0,0,0,0
1.167706,0,0,0,0,0,0,0,0
1.169277,0,0,0,0,0,0,0,0
1.170850,0,0,0,0,0,0,0,0
1.172423,0,0,0,0,0,0,0,0
1.174010,0,0,0,0,0,0,0,0
1.175583,0,0,0,0,0,0,0,0
1.177152,0,0,0,0,0,0,0,0
1.178727,0,0,0,0,0,0,0,0
1.180345,0,0,0,0,0,0,0,0
1.181917,0,0,0,0,0,0,0,0
1.183443,0,0,0,0,0,0,0,0
1.184873,0,0,0,0,0,0,0,0
1.186281,0,0,0,0,0,0,0,0
1.187689,0,0,0,0,0,0,0,0
1.189097,0,0,0,0,0,0,0,0
1.190505,0,0,0,0,0,0,0,0
1.192042,0,0,0,0,0,0,0,0
1.193613,0,0,0,0,0,0,0,0
1.195266,0,0,0,0,0,0,0,0
1.196882,0,0,0,0,0,0,0,0
1.198457,0,0,0,0,0,0,0,0
1.200028,0,0,0,0,0,0,0,0
1.201470,0,0,0,0,0,0,0,0
1.203012,0,0,0,0,0,0,0,0
1.204585,0,0,0,0,0,0,0,0
1.206174,0,0,0,0,0,0,0,0
1.207747,0,0,0,0,0,0,0,0
1.209318,0,0,0,0,0,0,0,0
1.210891,0,0,0,0,0,0,0,0
1.212464,0,0,0,0,0,0,0,0
1.214039,0,0,0,0,0,0,0,0
1.215613,0,0,0,0,0,0,0,0
1.217197,0,0,0,0,0,0,0,0
1.218772,0,0,0,0,0,0,0,0
1.220345,0,0,0,0,0,0,0,0
1.221917,0,0,0,0,0,0,0,0
1.223392,0,0,0,0,0,0,0,0
1.224935,0,0,0,0,0,0,0,0
1.226509,0,0,0,0,0,0,0,0
1.228139,0,0,0,0,0,0,0,0
1.229710,0,0,0,0,0,0,0,0
1.231164,0,0,0,0,0,0,0,0
1.232710,0,0,0,0,0,0,0,0
1.234284,0,0,0,0,0,0,0,0
1.235859,0,0,0,0,0,0,0,0
1.237430,0,0,0,0,0,0,0,0
1.239015,0,0,0,0,0,0,0,0
1.240589,0,0,0,0,0,0,0,0
1.242162,0,0,0,0,0,0,0,0
1.243778,0,0,0,0,0,0,0,0
1.245348,0,0,0,0,0,0,0,0
1.246921,0,0,0,0,0,0,0,0
1.248493,0,0,0,0,0,0,0,0
1.250081,0,0,0,0,0,0,0,0
1.251655,0,0,0,0,0,0,0,0
1.253225,0,0,0,0,0,0,0,0
1.254800,0,0,0,0,0,0,0,0
1.256373,0,0,0,0,0,0,0,0
1.258018,0,0,0,0,0,0,0,0
1.259700,0,0,0,0,0,0,0,0
1.261284,0,0,0,0,0,0,0,0
1.262856,0,0,0,0,0,0,0,0
1.264429,0,0,0,0,0,0,0,0
1.266002,0,0,0,0,0,0,0,0
1.267575,0,0,0,0,0,0,0,0
1.269145,0,0,0,0,0,0,0,0
1.270718,0,0,0,0,0,0,0,0
1.272302,0,0,0,0,0,0,0,0
1.273874,0,0,0,0,0,0,0,0
1.275452,0,0,0,0,0,0,0,0
1.277023,0,0,0,0,0,0,0,0
1.278596,0,0,0,0,0,0,0,0
1.280170,0,0,0,0,0,0,0,0
1.281742,0,0,0,0,0,0,0,0
1.283331,0,0,0,0,0,0,0,0
1.284902,0,0,0,0,0,0,0,0
1.286517,0,0,0,0,0,0,0,0
1.288085,0,0,0,0,0,0,0,0
1.289655,0,0,0,0,0,0,0,0
1.291288,0,0,0,0,0,0,0,0
1.292905,0,0,0,0,0,0,0,0
1.294370,0,0,0,0,0,0,0,0
1.295913,0,0,0,0,0,0,0,0
1.299569,0,0,0,0,0,0,0,0
1.300954,0,0,0,0,0,0,0,0
1.302384,0,0,0,0,0,0,0,0
1.303796,0,0,0,0,0,0,0,0
1.305213,0,0,0,0,0,0,0,0
1.306668,0,0,0,0,0,0,0,0
1.308105,0,0,0,0,0,0,0,0
1.309748,0,0,0,0,0,0,0,0
1.311417,0,0,0,0,0,0,0,0
1.312829,0,0,0,0,0,0,0,0
1.314233,0,0,0,0,0,0,0,0
1.315645,0,0,0,0,0,0,0,0
1.318092,0,0,0,0,0,0,0,0
1.320022,0,0,0,0,0,0,0,0
1.321539,0,0,0,0,0,0,0,0
1.322965,0,0,0,0,0,0,0,0
1.324417,0,0,0,0,0,0,0,0
1.325847,0,0,0,0,0,0,0,0
1.327371,0,0,0,0,0,0,0,0
1.328775,0,0,0,0,0,0,0,0
1.330177,0,0,0,0,0,0,0,0
1.331579,0,0,0,0,0,0,0,0
1.333000,0,0,0,0,0,0,0,0
1.334401,0,0,0,0,0,0,0,0
1.335932,0,0,0,0,0,0,0,0
1.337384,0,0,0,0,0,0,0,0
1.338794,0,0,0,0,0,0,0,0
1.340243,0,0,0,0,0,0,0,0
1.341646,0,0,0,0,0,0,0,0
1.343165,0,0,0,0,0,0,0,0
1.344574,0,0,0,0,0,0,0,0
1.346110,0,0,0,0,0,0,0,0
1.347697,0,0,0,0,0,0,0,0
1.349270,0,0,0,0,0,0,0,0
1.350844,0,0,0,0,0,0,0,0
1.352418,0,0,0,0,0,0,0,0
1.353995,0,0,0,0,0,0,0,0
1.355612,0,0,0,0,0,0,0,0
1.357184,0,0,0,0,0,0,0,0
1.358771,0,0,0,0,0,0,0,0
1.360343,0,0,0,0,0,0,0,0
1.361914,0,0,0,0,0,0,0,0
1.363529,0,0,0,0,0,0,0,0
1.365101,0,0,0,0,0,0,0,0
1.366675,0,0,0,0,0,0,0,0
1.368248,0,0,0,0,0,0,0,0
1.369831,0,0,0,0,0,0,0,0
1.371408,0,0,0,0,0,0,0,0
1.373026,0,0,0,0,0,0,0,0
1.374599,0,0,0,0,0,0,0,0
1.376172,0,0,0,0,0,0,0,0
1.377743,0,0,0,0,0,0,0,0
1.379319,0,0,0,0,0,0,0,0
1.380903,0,0,0,0,0,0,0,0
1.382478,0,0,0,0,0,0,0,0
1.384051,0,0,0,0,0,0,0,0
1.385621,0,0,0,0,0,0,0,0
1.387156,0,0,0,0,0,0,0,0
1.388697,0,0,0,0,0,0,0,0
1.390271,0,0,0,0,0,0,0,0
1.391857,0,0,0,0,0,0,0,0
1.393429,0,0,0,0,0,0,0,0
1.395002,0,0,0,0,0,0,0,0
1.396574,0,0,0,0,0,0,0,0
1.398148,0,0,0,0,0,0,0,0
1.399722,0,0,0,0,0,0,0,0
1.401292,0,0,0,0,0,0,0,0
1.402772,0,0,0,0,0,0,0,0
1.404342,0,0,0,0,0,0,0,0
1.405912,0,0,0,0,0,0,0,0
1.407316,0,0,0,0,0,0,0,0
1.408727,0,0,0,0,0,0,0,0
1.410267,0,0,0,0,0,0,0,0
1.411840,0,0,0,0,0,0,0,0
1.413425,0,0,0,0,0,0,0,0
1.414996,0,0,0,0,0,0,0,0
1.416569,0,0,0,0,0,0,0,0
1.418141,0,0,0,0,0,0,0,0
1.419757,0,0,0,0,0,0,0,0
1.421329,0,0,0,0,0,0,0,0
1.422902,0,0,0,0,0,0,0,0
1.424489,0,0,0,0,0,0,0,0
1.426063,0,0,0,0,0,0,0,0
1.427637,0,0,0,0,0,0,0,0
1.429208,0,0,0,0,0,0,0,0
1.430782,0,0,0,0,0,0,0,0
1.432246,0,0,0,0,0,0,0,0
1.433794,0,0,0,0,0,0,0,0
1.435209,0,0,0,0,0,0,0,0
1.436796,0,0,0,0,0,0,0,0
1.438372,0,0,0,0,0,0,0,0
1.439947,0,0,0,0,0,0,0,0
1.441519,0,0,0,0,0,0,0,0
1.443094,0,0,0,0,0,0,0,0
1.444659,0,0,0,0,0,0,0,0
1.446113,0,0,0,0,0,0,0,0
1.447656,0,0,0,0,0,0,0,0
1.449226,0,0,0,0,0,0,0,0
1.450800,0,0,0,0,0,0,0,0
1.452374,0,0,0,0,0,0,0,0
1.454013,0,0,0,0,0,0,0,0
1.455649,0,0,0,0,0,0,0,0
1.457231,0,0,0,0,0,0,0,0
1.458806,0,0,0,0,0,0,0,0
1.460378,0,0,0,0,0,0,0,0
1.462004,0,0,0,0,0,0,0,0
1.463573,0,0,0,0,0,0,0,0
1.465145,0,0,0,0,0,0,0,0
1.466718,0,0,0,0,0,0,0,0
1.468302,0,0,0,0,0,0,0,0
1.469744,0,0,0,0,0,0,0,0
1.471290,0,0,0,0,0,0,0,0
1.472864,0,0,0,0,0,0,0,0
1.474441,0,0,0,0,0,0,0,0
1.476018,0,0,0,0,0,0,0,0
1.477590,0,0,0,0,0,0,0,0
1.479117,0,0,0,0,0,0,0,0
1.480574,0,0,0,0,0,0,0,0
1.481989,0,0,0,0,0,0,0,0
1.483399,0,0,0,0,0,0,0,0
1.484849,0,0,0,0,0,0,0,0
1.486260,0,0,0,0,0,0,0,0
1.487669,0,0,0,0,0,0,0,0
1.489088,0,0,0,0,0,0,0,0
1.490497,0,0,0,0,0,0,0,0
1.491906,0,0,0,0,0,0,0,0
1.493313,0,0,0,0,0,0,0,0
1.494723,0,0,0,0,0,0,0,0
1.496132,0,0,0,0,0,0,0,0
1.497668,0,0,0,0,0,0,0,0
1.499136,0,0,0,0,0,0,0,0
1.500550,0,0,0,0,0,0,0,0
1.501963,0,0,0,0,0,0,0,0
1.503374,0,0,0,0,0,0,0,0
1.504783,0,0,0,0,0,0,0,0
1.506193,0,0,0,0,0,0,0,0
1.507730,0,0,0,0,0,0,0,0
1.509191,0,0,0,0,0,0,0,0
1.510608,0,0,0,0,0,0,0,0
1.512020,0,0,0,0,0,0,0,0
1.513428,0,0,0,0,0,0,0,0
1.514839,0,0,0,0,0,0,0,0
1.516290,0,0,0,0,0,0,0,0
1.517721,0,0,0,0,0,0,0,0
1.519168,0,0,0,0,0,0,0,0
1.520601,0,0,0,0,0,0,0,0
1.522015,0,0,0,0,0,0,0,0
1.523425,0,0,0,0,0,0,0,0
1.524832,0,0,0,0,0,0,0,0
1.526824,0,0,0,0,0,0,0,0
1.529939,0,0,0,0,0,0,0,0
1.531532,0,0,0,0,0,0,0,0
1.532936,0,0,0,0,0,0,0,0
1.534339,0,0,0,0,0,0,0,0
1.535744,0,0,0,0,0,0,0,0
1.537147,0,0,0,0,0,0,0,0
1.538549,0,0,0,0,0,0,0,0
1.540043,0,0,0,0,0,0,0,0
1.541500,0,0,0,0,0,0,0,0
1.542922,0,0,0,0,0,0,0,0
1.544364,0,0,0,0,0,0,0,0
1.545768,0,0,0,0,0,0,0,0
1.547168,0,0,0,0,0,0,0,0
1.548571,0,0,0,0,0,0,0,0
1.550046,0,0,0,0,0,0,0,0
1.551477,0,0,0,0,0,0,0,0
1.552884,0,0,0,0,0,0,0,0
1.554303,0,0,0,0,0,0,0,0
1.555841,0,0,0,0,0,0,0,0
1.557414,0,0,0,0,0,0,0,0
1.558987,0,0,0,0,0,0,0,0
1.560562,0,0,0,0,0,0,0,0
1.562140,0,0,0,0,0,0,0,0
1.563757,0,0,0,0,0,0,0,0
1.565343,0,0,0,0,0,0,0,0
1.566918,0,0,0,0,0,0,0,0
1.568492,0,0,0,0,0,0,0,0
1.570033,0,0,0,0,0,0,0,0
1.571427,0,0,0,0,0,0,0,0
1.572837,0,0,0,0,0,0,0,0
1.574378,0,0,0,0,0,0,0,0
1.575957,0,0,0,0,0,0,0,0
1.577520,0,0,0,0,0,0,0,0
1.579086,0,0,0,0,0,0,0,0
1.580658,0,0,0,0,0,0,0,0
1.582232,0,0,0,0,0,0,0,0
1.583806,0,0,0,0,0,0,0,0
1.585378,0,0,0,0,0,0,0,0
1.586965,0,0,0,0,0,0,0,0
1.588537,0,0,0,0,0,0,0,0
1.590112,0,0,0,0,0,0,0,0
1.591685,0,0,0,0,0,0,0,0
1.593257,0,0,0,0,0,0,0,0
1.594830,0,0,0,0,0,0,0,0
1.596406,0,0,0,0,0,0,0,0
1.597864,0,0,0,0,0,0,0,0
1.599410,0,0,0,0,0,0,0,0
1.600859,0,0,0,0,0,0,0,0
1.602407,0,0,0,0,0,0,0,0
1.603851,0,0,0,0,0,0,0,0
1.605392,0,0,0,0,0,0,0,0
1.606965,0,0,0,0,0,0,0,0
1.608556,0,0,0,0,0,0,0,0
1.610132,0,0,0,0,0,0,0,0
1.611748,0,0,0,0,0,0,0,0
1.613320,0,0,0,0,0,0,0,0
1.614893,0,0,0,0,0,0,0,0
1.616467,0,0,0,0,0,0,0,0
1.618045,0,0,0,0,0,0,0,0
1.619632,0,0,0,0,0,0,0,0
1.621204,0,0,0,0,0,0,0,0
1.622778,0,0,0,0,0,0,0,0
1.624351,0,0,0,0,0,0,0,0
1.625923,0,0,0,0,0,0,0,0
1.627358,0,0,0,0,0,0,0,0
1.628811,0,0,0,0,0,0,0,0
1.630228,0,0,0,0,0,0,0,0
1.631822,0,0,0,0,0,0,0,0
1.633443,0,0,0,0,0,0,0,0
1.635019,0,0,0,0,0,0,0,0
1.636593,0,0,0,0,0,0,0,0
1.638170,0,0,0,0,0,0,0,0
1.639745,0,0,0,0,0,0,0,0
1.641328,0,0,0,0,0,0,0,0
1.642903,0,0,0,0,0,0,0,0
1.644478,0,0,0,0,0,0,0,0
1.646051,0,0,0,0,0,0,0,0
1.647877,0,0,0,0,0,0,0,0
1.649452,0,0,0,0,0,0,0,0
1.651028,0,0,0,0,0,0,0,0
1.652619,0,0,0,0,0,0,0,0
1.654196,0,0,0,0,0,0,0,0
1.655773,0,0,0,0,0,0,0,0
1.657346,0,0,0,0,0,0,0,0
1.658922,0,0,0,0,0,0,0,0
1.660499,0,0,0,0,0,0,0,0
1.662074,0,0,0,0,0,0,0,0
1.663664,0,0,0,0,0,0,0,0
1.665236,0,0,0,0,0,0,0,0
1.666810,0,0,0,0,0,0,0,0
1.668383,0,0,0,0,0,0,0,0
1.670048,0,0,0,0,0,0,0,0
1.671484,0,0,0,0,0,0,0,0
1.672898,0,0,0,0,0,0,0,0
1.674449,0,0,0,0,0,0,0,0
1.676068,0,0,0,0,0,0,0,0
1.677641,0,0,0,0,0,0,0,0
1.679271,0,0,0,0,0,0,0,0
1.680845,0,0,0,0,0,0,0,0
1.682421,0,0,0,0,0,0,0,0
1.683995,0,0,0,0,0,0,0,0
1.685456,0,0,0,0,0,0,0,0
1.687005,0,0,0,0,0,0,0,0
1.688584,0,0,0,0,0,0,0,0
1.690163,0,0,0,0,0,0,0,0
1.691785,0,0,0,0,0,0,0,0
1.693361,0,0,0,0,0,0,0,0
1.694939,0,0,0,0,0,0,0,0
1.696530,0,0,0,0,0,0,0,0
1.698109,0,0,0,0,0,0,0,0
1.699687,0,0,0,0,0,0,0,0
1.701264,0,0,0,0,0,0,0,0
1.702842,0,0,0,0,0,0,0,0
1.704420,0,0,0,0,0,0,0,0
1.706001,0,0,0,0,0,0,0,0
1.707635,0,0,0,0,0,0,0,0
1.709213,0,0,0,0,0,0,0,0
1.710794,0,0,0,0,0,0,0,0
1.712372,0,0,0,0,0,0,0,0
1.714035,0,0,0,0,0,0,0,0
1.715588,0,0,0,0,0,0,0,0
1.717003,0,0,0,0,0,0,0,0
1.718558,0,0,0,0,0,0,0,0
1.720137,0,0,0,0,0,0,0,0
1.721715,0,0,0,0,0,0,0,0
1.723297,0,0,0,0,0,0,0,0
1.724875,0,0,0,0,0,0,0,0
1.726454,0,0,0,0,0,0,0,0
1.728033,0,0,0,0,0,0,0,0
1.729622,0,0,0,0,0,0,0,0
1.731330,0,0,0,0,0,0,0,0
1.732907,0,0,0,0,0,0,0,0
1.734486,0,0,0,0,0,0,0,0
1.736063,0,0,0,0,0,0,0,0
1.737577,0,0,0,0,0,0,0,0
1.739208,0,0,0,0,0,0,0,0
1.740717,0,0,0,0,0,0,0,0
1.742266,0,0,0,0,0,0,0,0
1.743844,0,0,0,0,0,0,0,0
1.745420,0,0,0,0,0,0,0,0
1.746998,0,0,0,0,0,0,0,0
1.748576,0,0,0,0,0,0,0,0
1.750155,0,0,0,0,0,0,0,0
1.751746,0,0,0,0,0,0,0,0
1.753323,0,0,0,0,0,0,0,0
1.754902,0,0,0,0,0,0,0,0
1.756481,0,0,0,0,0,0,0,0
1.758061,0,0,0,0,0,0,0,0
1.759640,0,0,0,0,0,0,0,0
1.761215,0,0,0,0,0,0,0,0
1.762808,0,0,0,0,0,0,0,0
1.764386,0,0,0,0,0,0,0,0
1.766048,0,0,0,0,0,0,0,0
1.767501,0,0,0,0,0,0,0,0
1.768916,0,0,0,0,0,0,0,0
1.770462,0,0,0,0,0,0,0,0
1.772085,0,0,0,0,0,0,0,0
1.773675,0,0,0,0,0,0,0,0
1.775257,0,0,0,0,0,0,0,0
1.776835,0,0,0,0,0,0,0,0
1.778415,0,0,0,0,0,0,0,0
1.780018,0,0,0,0,0,0,0,0
1.781594,0,0,0,0,0,0,0,0
1.783233,0,0,0,0,0,0,0,0
1.784823,0,0,0,0,0,0,0,0
1.786405,0,0,0,0,0,0,0,0
1.788029,0,0,0,0,0,0,0,0
1.789605,0,0,0,0,0,0,0,0
1.791233,0,0,0,0,0,0,0,0
1.792811,0,0,0,0,0,0,0,0
1.794391,0,0,0,0,0,0,0,0
1.795983,0,0,0,0,0,0,0,0
1.797558,0,0,0,0,0,0,0,0
1.799136,0,0,0,0,0,0,0,0
1.800714,0,0,0,0,0,0,0,0
1.802293,0,0,0,0,0,0,0,0
1.803916,0,0,0,0,0,0,0,0
1.805493,0,0,0,0,0,0,0,0
1.807084,0,0,0,0,0,0,0,0
1.808662,0,0,0,0,0,0,0,0
1.810242,0,0,0,0,0,0,0,0
1.811822,0,0,0,0,0,0,0,0
1.813398,0,0,0,0,0,0,0,0
1.814977,0,0,0,0,0,0,0,0
1.816555,0,0,0,0,0,0,0,0
1.818146,0,0,0,0,0,0,0,0
1.819768,0,0,0,0,0,0,0,0
1.821345,0,0,0,0,0,0,0,0
1.822802,0,0,0,0,0,0,0,0
1.824232,0,0,0,0,0,0,0,0
1.825892,0,0,0,0,0,0,0,0
1.827476,0,0,0,0,0,0,0,0
1.829067,0,0,0,0,0,0,0,0
1.830645,0,0,0,0,0,0,0,0
1.832230,0,0,0,0,0,0,0,0
1.833743,0,0,0,0,0,0,0,0
1.835173,0,0,0,0,0,0,0,0
1.836716,0,0,0,0,0,0,0,0
1.838296,0,0,0,0,0,0,0,0
1.839887,0,0,0,0,0,0,0,0
1.841462,0,0,0,0,0,0,0,0
1.843039,0,0,0,0,0,0,0,0
1.844615,0,0,0,0,0,0,0,0
1.846194,0,0,0,0,0,0,0,0
1.847771,0,0,0,0,0,0,0,0
1.849347,0,0,0,0,0,0,0,0
1.850937,0,0,0,0,0,0,0,0
1.852514,0,0,0,0,0,0,0,0
1.854093,0,0,0,0,0,0,0,0
1.855670,0,0,0,0,0,0,0,0
1.857245,0,0,0,0,0,0,0,0
1.858823,0,0,0,0,0,0,0,0
1.860402,0,0,0,0,0,0,0,0
1.861993,0,0,0,0,0,0,0,0
1.863572,0,0,0,0,0,0,0,0
1.865147,0,0,0,0,0,0,0,0
1.866727,0,0,0,0,0,0,0,0
1.868349,0,0,0,0,0,0,0,0
1.869924,0,0,0,0,0,0,0,0
1.871394,0,0,0,0,0,0,0,0
1.872824,0,0,0,0,0,0,0,0
1.874367,0,0,0,0,0,0,0,0
1.875940,0,0,0,0,0,0,0,0
1.877512,0,0,0,0,0,0,0,0
1.879084,0,0,0,0,0,0,0,0
1.880657,0,0,0,0,0,0,0,0
1.882232,0,0,0,0,0,0,0,0
1.883869,0,0,0,0,0,0,0,0
1.885441,0,0,0,0,0,0,0,0
1.887013,0,0,0,0,0,0,0,0
1.888586,0,0,0,0,0,0,0,0
1.890162,0,0,0,0,0,0,0,0
1.891734,0,0,0,0,0,0,0,0
1.893306,0,0,0,0,0,0,0,0
1.894893,0,0,0,0,0,0,0,0
1.896466,0,0,0,0,0,0,0,0
1.898039,0,0,0,0,0,0,0,0
1.899656,0,0,0,0,0,0,0,0
1.901228,0,0,0,0,0,0,0,0
1.902802,0,0,0,0,0,0,0,0
1.904375,0,0,0,0,0,0,0,0
1.905834,0,0,0,0,0,0,0,0
1.907382,0,0,0,0,0,0,0,0
1.908953,0,0,0,0,0,0,0,0
1.910527,0,0,0,0,0,0,0,0
1.912101,0,0,0,0,0,0,0,0
1.913674,0,0,0,0,0,0,0,0
1.915251,0,0,0,0,0,0,0,0
1.916883,0,0,0,0,0,0,0,0
1.918459,0,0,0,0,0,0,0,0
1.920033,0,0,0,0,0,0,0,0
1.921605,0,0,0,0,0,0,0,0
1.923147,0,0,0,0,0,0,0,0
1.924559,0,0,0,0,0,0,0,0
1.926103,0,0,0,0,0,0,0,0
1.927691,0,0,0,0,0,0,0,0
1.929267,0,0,0,0,0,0,0,0
1.930843,0,0,0,0,0,0,0,0
1.932420,0,0,0,0,0,0,0,0
1.933998,0,0,0,0,0,0,0,0
1.935574,0,0,0,0,0,0,0,0
1.937148,0,0,0,0,0,0,0,0
1.938739,0,0,0,0,0,0,0,0
1.940314,0,0,0,0,0,0,0,0
1.941888,0,0,0,0,0,0,0,0
1.943468,0,0,0,0,0,0,0,0
1.945042,0,0,0,0,0,0,0,0
1.946620,0,0,0,0,0,0,0,0
1.948239,0,0,0,0,0,0,0,0
1.949827,0,0,0,0,0,0,0,0
1.951408,0,0,0,0,0,0,0,0
1.952983,0,0,0,0,0,0,0,0
1.954562,0,0,0,0,0,0,0,0
1.956128,0,0,0,0,0,0,0,0
1.957693,0,0,0,0,0,0,0,0
1.959327,0,0,0,0,0,0,0,0
1.960786,0,0,0,0,0,0,0,0
1.962337,0,0,0,0,0,0,0,0
1.963960,0,0,0,0,0,0,0,0
1.965537,0,0,0,0,0,0,0,0
1.967117,0,0,0,0,0,0,0,0
1.968695,0,0,0,0,0,0,0,0
1.970275,0,0,0,0,0,0,0,0
1.971866,0,0,0,0,0,0,0,0
1.973443,0,0,0,0,0,0,0,0
1.975021,0,0,0,0,0,0,0,0
1.976598,0,0,0,0,0,0,0,0
1.978179,0,0,0,0,0,0,0,0
1.979802,0,0,0,0,0,0,0,0
1.981378,0,0,0,0,0,0,0,0
1.982971,0,0,0,0,0,0,0,0
1.984549,0,0,0,0,0,0,0,0
1.986128,0,0,0,0,0,0,0,0
1.987707,0,0,0,0,0,0,0,0
1.989318,0,0,0,0,0,0,0,0
1.990896,0,0,0,0,0,0,0,0
1.992475,0,0,0,0,0,0,0,0
1.994067,0,0,0,0,0,0,0,0
1.995691,0,0,0,0,0,0,0,0
1.997268,0,0,0,0,0,0,0,0
1.998847,0,0,0,0,0,0,0,0
2.000425,0,0,0,0,0,0,0,0
2.002004,0,0,0,0,0,0,0,0
2.003580,0,0,0,0,0,0,0,0
2.005167,0,0,0,0,0,0,0,0
2.006618,0,0,0,0,0,0,0,0
2.008164,0,0,0,0,0,0,0,0
2.009740,0,0,0,0,0,0,0,0
2.011322,0,0,0,0,0,0,0,0
2.012946,0,0,0,0,0,0,0,0
2.014524,0,0,0,0,0,0,0,0
2.015990,0,0,0,0,0,0,0,0
2.017537,0,0,0,0,0,0,0,0
2.019115,0,0,0,0,0,0,0,0
2.020693,0,0,0,0,0,0,0,0
2.022269,0,0,0,0,0,0,0,0
2.023846,0,0,0,0,0,0,0,0
2.025421,0,0,0,0,0,0,0,0
2.027007,0,0,0,0,0,0,0,0
2.028581,0,0,0,0,0,0,0,0
2.030156,0,0,0,0,0,0,0,0
2.031726,0,0,0,0,0,0,0,0
2.033176,0,0,0,0,0,0,0,0
2.034730,0,0,0,0,0,0,0,0
2.036310,0,0,0,0,0,0,0,0
2.037901,0,0,0,0,0,0,0,0
2.039424,0,0,0,0,0,0,0,0
2.040970,0,0,0,0,0,0,0,0
2.042551,0,0,0,0,0,0,0,0
2.044175,0,0,0,0,0,0,0,0
2.045753,0,0,0,0,0,0,0,0
2.047336,0,0,0,0,0,0,0,0
2.048928,0,0,0,0,0,0,0,0
2.050510,0,0,0,0,0,0,0,0
2.052082,0,0,0,0,0,0,0,0
2.053649,0,0,0,0,0,0,0,0
2.055330,0,0,0,0,0,0,0,0
2.056942,0,0,0,0,0,0,0,0
2.058520,0,0,0,0,0,0,0,0
2.060154,0,0,0,0,0,0,0,0
2.061733,0,0,0,0,0,0,0,0
2.063315,0,0,0,0,0,0,0,0
2.064891,0,0,0,0,0,0,0,0
2.066470,0,0,0,0,0,0,0,0
2.068049,0,0,0,0,0,0,0,0
2.069624,0,0,0,0,0,0,0,0
2.071293,0,0,0,0,0,0,0,0
2.072869,0,0,0,0,0,0,0,0
2.074449,0,0,0,0,0,0,0,0
2.076071,0,0,0,0,0,0,0,0
2.077646,0,0,0,0,0,0,0,0
2.079293,0,0,0,0,0,0,0,0
2.080870,0,0,0,0,0,0,0,0
2.082461,0,0,0,0,0,0,0,0
2.084040,0,0,0,0,0,0,0,0
2.085615,0,0,0,0,0,0,0,0
2.087257,0,0,0,0,0,0,0,0
2.088833,0,0,0,0,0,0,0,0
2.090412,0,0,0,0,0,0,0,0
2.092033,0,0,0,0,0,0,0,0
2.093621,0,0,0,0,0,0,0,0
2.095746,0,0,0,0,0,0,0,0
2.097323,0,0,0,0,0,0,0,0
2.098897,0,0,0,0,0,0,0,0
2.100473,0,0,0,0,0,0,0,0
2.101925,0,0,0,0,0,0,0,0
2.103502,0,0,0,0,0,0,0,0
2.105090,0,0,0,0,0,0,0,0
2.106668,0,0,0,0,0,0,0,0
2.108290,0,0,0,0,0,0,0,0
2.109865,0,0,0,0,0,0,0,0
2.111447,0,0,0,0,0,0,0,0
2.113023,0,0,0,0,0,0,0,0
2.114602,0,0,0,0,0,0,0,0
2.116194,0,0,0,0,0,0,0,0
2.117769,0,0,0,0,0,0,0,0
2.119350,0,0,0,0,0,0,0,0
2.120925,0,0,0,0,0,0,0,0
2.122502,0,0,0,0,0,0,0,0
2.124121,0,0,0,0,0,0,0,0
2.125695,0,0,0,0,0,0,0,0
2.127290,0,0,0,0,0,0,0,0
2.128867,0,0,0,0,0,0,0,0
2.130445,0,0,0,0,0,0,0,0
2.132022,0,0,0,0,0,0,0,0
2.133597,0,0,0,0,0,0,0,0
2.135273,0,0,0,0,0,0,0,0
2.136848,0,0,0,0,0,0,0,0
2.138438,0,0,0,0,0,0,0,0
2.140057,0,0,0,0,0,0,0,0
2.141646,0,0,0,0,0,0,0,0
2.143279,0,0,0,0,0,0,0,0
2.144856,0,0,0,0,0,0,0,0
2.146436,0,0,0,0,0,0,0,0
2.148015,0,0,0,0,0,0,0,0
2.149479,0,0,0,0,0,0,0,0
2.151030,0,0,0,0,0,0,0,0
2.152609,0,0,0,0,0,0,0,0
2.154200,0,0,0,0,0,0,0,0
2.155670,0,0,0,0,0,0,0,0
2.157064,0,0,0,0,0,0,0,0
2.158682,0,0,0,0,0,0,0,0
2.160112,0,0,0,0,0,0,0,0
2.161524,0,0,0,0,0,0,0,0
2.162879,0,0,0,0,0,0,0,0
2.164420,0,0,0,0,0,0,0,0
2.166000,0,0,0,0,0,0,0,0
2.167579,0,0,0,0,0,0,0,0
2.169257,0,0,0,0,0,0,0,0
2.170848,0,0,0,0,0,0,0,0
2.172427,0,0,0,0,0,0,0,0
2.174006,0,0,0,0,0,0,0,0
2.175584,0,0,0,0,0,0,0,0
2.177161,0,0,0,0,0,0,0,0
2.178740,0,0,0,0,0,0,0,0
2.180198,0,0,0,0,0,0,0,0
2.181781,0,0,0,0,0,0,0,0
2.183329,0,0,0,0,0,0,0,0
2.184746,0,0,0,0,0,0,0,0
2.186161,0,0,0,0,0,0,0,0
2.187615,0,0,0,0,0,0,0,0
2.189025,0,0,0,0,0,0,0,0
2.190439,0,0,0,0,0,0,0,0
2.191992,0,0,0,0,0,0,0,0
2.193568,0,0,0,0,0,0,0,0
2.195020,0,0,0,0,0,0,0,0
2.196484,0,0,0,0,0,0,0,0
2.198035,0,0,0,0,0,0,0,0
2.199614,0,0,0,0,0,0,0,0
2.201190,0,0,0,0,0,0,0,0
2.202779,0,0,0,0,0,0,0,0
2.204359,0,0,0,0,0,0,0,0
2.205936,0,0,0,0,0,0,0,0
2.207441,0,0,0,0,0,0,0,0
2.209018,0,0,0,0,0,0,0,0
2.210597,0,0,0,0,0,0,0,0
2.212176,0,0,0,0,0,0,0,0
2.213764,0,0,0,0,0,0,0,0
2.215347,0,0,0,0,0,0,0,0
2.216923,0,0,0,0,0,0,0,0
2.218502,0,0,0,0,0,0,0,0
2.220125,0,0,0,0,0,0,0,0
2.221703,0,0,0,0,0,0,0,0
2.223284,0,0,0,0,0,0,0,0
2.224874,0,0,0,0,0,0,0,0
2.226454,0,0,0,0,0,0,0,0
2.228033,0,0,0,0,0,0,0,0
2.229609,0,0,0,0,0,0,0,0
2.231144,0,0,0,0,0,0,0,0
2.232690,0,0,0,0,0,0,0,0
2.234147,0,0,0,0,0,0,0,0
2.235636,0,0,0,0,0,0,0,0
2.237233,0,0,0,0,0,0,0,0
2.238864,0,0,0,0,0,0,0,0
2.240494,0,0,0,0,0,0,0,0
2.242125,0,0,0,0,0,0,0,0
2.243756,0,0,0,0,0,0,0,0
2.245385,0,0,0,0,0,0,0,0
2.246931,0,0,0,0,0,0,0,0
2.248532,0,0,0,0,0,0,0,0
2.250164,0,0,0,0,0,0,0,0
2.251844,0,0,0,0,0,0,0,0
2.253473,0,0,0,0,0,0,0,0
2.255104,0,0,0,0,0,0,0,0
2.256734,0,0,0,0,0,0,0,0
2.258380,0,0,0,0,0,0,0,0
2.260011,0,0,0,0,0,0,0,0
2.261641,0,0,0,0,0,0,0,0
2.263362,0,0,0,0,0,0,0,0
2.264991,0,0,0,0,0,0,0,0
2.266624,0,0,0,0,0,0,0,0
2.268305,0,0,0,0,0,0,0,0
2.270022,0,0,0,0,0,0,0,0
2.271660,0,0,0,0,0,0,0,0
2.273289,0,0,0,0,0,0,0,0
2.274786,0,0,0,0,0,0,0,0
2.276386,0,0,0,0,0,0,0,0
2.278020,0,0,0,0,0,0,0,0
2.279653,0,0,0,0,0,0,0,0
2.281296,0,0,0,0,0,0,0,0
2.282929,0,0,0,0,0,0,0,0
2.284561,0,0,0,0,0,0,0,0
2.286195,0,0,0,0,0,0,0,0
2.287828,0,0,0,0,0,0,0,0
2.289459,0,0,0,0,0,0,0,0
2.291092,0,0,0,0,0,0,0,0
2.292738,0,0,0,0,0,0,0,0
2.294373,0,0,0,0,0,0,0,0
2.296006,0,0,0,0,0,0,0,0
2.297638,0,0,0,0,0,0,0,0
2.299382,0,0,0,0,0,0,0,0
2.301063,0,0,0,0,0,0,0,0
2.302696,0,0,0,0,0,0,0,0
2.304344,0,0,0,0,0,0,0,0
2.305978,0,0,0,0,0,0,0,0
2.307602,0,0,0,0,0,0,0,0
2.309223,0,0,0,0,0,0,0,0
2.310722,0,0,0,0,0,0,0,0
2.312328,0,0,0,0,0,0,0,0
2.314034,0,0,0,0,0,0,0,0
2.315793,0,0,0,0,0,0,0,0
2.317424,0,0,0,0,0,0,0,0
2.319057,0,0,0,0,0,0,0,0
2.320687,0,0,0,0,0,0,0,0
2.322321,0,0,0,0,0,0,0,0
2.323954,0,0,0,0,0,0,0,0
2.325587,0,0,0,0,0,0,0,0
2.327293,0,0,0,0,0,0,0,0
2.328925,0,0,0,0,0,0,0,0
2.330558,0,0,0,0,0,0,0,0
2.332240,0,0,0,0,0,0,0,0
2.333873,0,0,0,0,0,0,0,0
2.335511,0,0,0,0,0,0,0,0
2.337142,0,0,0,0,0,0,0,0
2.338787,0,0,0,0,0,0,0,0
2.340411,0,0,0,0,0,0,0,0
2.342084,0,0,0,0,0,0,0,0
2.343742,0,0,0,0,0,0,0,0
2.345371,0,0,0,0,0,0,0,0
2.347002,0,0,0,0,0,0,0,0
2.348635,0,0,0,0,0,0,0,0
2.350279,0,0,0,0,0,0,0,0
2.351911,0,0,0,0,0,0,0,0
2.353539,0,0,0,0,0,0,0,0
2.355239,0,0,0,0,0,0,0,0
2.356869,0,0,0,0,0,0,0,0
2.358503,0,0,0,0,0,0,0,0
2.360135,0,0,0,0,0,0,0,0
2.361777,0,0,0,0,0,0,0,0
2.363424,0,0,0,0,0,0,0,0
2.365105,0,0,0,0,0,0,0,0
2.366737,0,0,0,0,0,0,0,0
2.368368,0,0,0,0,0,0,0,0
2.370001,0,0,0,0,0,0,0,0
2.371632,0,0,0,0,0,0,0,0
2.373275,0,0,0,0,0,0,0,0
2.374907,0,0,0,0,0,0,0,0
2.376537,0,0,0,0,0,0,0,0
2.378170,0,0,0,0,0,0,0,0
2.379851,0,0,0,0,0,0,0,0
2.381479,0,0,0,0,0,0,0,0
2.383110,0,0,0,0,0,0,0,0
2.384622,0,0,0,0,0,0,0,0
2.386225,0,0,0,0,0,0,0,0
2.387856,0,0,0,0,0,0,0,0
2.389487,0,0,0,0,0,0,0,0
2.391116,0,0,0,0,0,0,0,0
2.392748,0,0,0,0,0,0,0,0
2.394380,0,0,0,0,0,0,0,0
2.396074,0,0,0,0,0,0,0,0
2.397703,0,0,0,0,0,0,0,0
2.399337,0,0,0,0,0,0,0,0
2.400966,0,0,0,0,0,0,0,0
2.402599,0,0,0,0,0,0,0,0
2.404230,0,0,0,0,0,0,0,0
2.405859,0,0,0,0,0,0,0,0
2.407374,0,0,0,0,0,0,0,0
2.408837,0,0,0,0,0,0,0,0
2.410436,0,0,0,0,0,0,0,0
2.412118,0,0,0,0,0,0,0,0
2.413752,0,0,0,0,0,0,0,0
2.415388,0,0,0,0,0,0,0,0
2.417017,0,0,0,0,0,0,0,0
2.418664,0,0,0,0,0,0,0,0
2.420295,0,0,0,0,0,0,0,0
2.421924,0,0,0,0,0,0,0,0
2.423401,0,0,0,0,0,0,0,0
2.424865,0,0,0,0,0,0,0,0
2.426465,0,0,0,0,0,0,0,0
2.428147,0,0,0,0,0,0,0,0
2.429791,0,0,0,0,0,0,0,0
2.431426,0,0,0,0,0,0,0,0
2.433054,0,0,0,0,0,0,0,0
2.434557,0,0,0,0,0,0,0,0
2.436165,0,0,0,0,0,0,0,0
2.437796,0,0,0,0,0,0,0,0
2.439441,0,0,0,0,0,0,0,0
2.441084,0,0,0,0,0,0,0,0
2.442719,0,0,0,0,0,0,0,0
2.444354,0,0,0,0,0,0,0,0
2.445987,0,0,0,0,0,0,0,0
2.447665,0,0,0,0,0,0,0,0
2.449267,0,0,0,0,0,0,0,0
2.450901,0,0,0,0,0,0,0,0
2.452550,0,0,0,0,0,0,0,0
2.454185,0,0,0,0,0,0,0,0
2.455818,0,0,0,0,0,0,0,0
2.457450,0,0,0,0,0,0,0,0
2.459083,0,0,0,0,0,0,0,0
2.460717,0,0,0,0,0,0,0,0
2.462352,0,0,0,0,0,0,0,0
2.463865,0,0,0,0,0,0,0,0
2.465467,0,0,0,0,0,0,0,0
2.467101,0,0,0,0,0,0,0,0
2.468725,0,0,0,0,0,0,0,0
2.470223,0,0,0,0,0,0,0,0
2.471826,0,0,0,0,0,0,0,0
2.473455,0,0,0,0,0,0,0,0
2.475092,0,0,0,0,0,0,0,0
2.476719,0,0,0,0,0,0,0,0
2.478348,0,0,0,0,0,0,0,0
2.479980,0,0,0,0,0,0,0,0
2.481609,0,0,0,0,0,0,0,0
2.483297,0,0,0,0,0,0,0,0
2.484926,0,0,0,0,0,0,0,0
2.486572,0,0,0,0,0,0,0,0
2.488202,0,0,0,0,0,0,0,0
2.489832,0,0,0,0,0,0,0,0
2.491469,0,0,0,0,0,0,0,0
2.493099,0,0,0,0,0,0,0,0
2.494733,0,0,0,0,0,0,0,0
2.496362,0,0,0,0,0,0,0,0
2.498009,0,0,0,0,0,0,0,0
2.499639,0,0,0,0,0,0,0,0
2.501268,0,0,0,0,0,0,0,0
2.502899,0,0,0,0,0,0,0,0
2.504531,0,0,0,0,0,0,0,0
2.506165,0,0,0,0,0,0,0,0
2.507844,0,0,0,0,0,0,0,0
2.509488,0,0,0,0,0,0,0,0
2.511121,0,0,0,0,0,0,0,0
2.512752,0,0,0,0,0,0,0,0
2.514423,0,0,0,0,0,0,0,0
2.516055,0,0,0,0,0,0,0,0
2.517685,0,0,0,0,0,0,0,0
2.519321,0,0,0,0,0,0,0,0
2.520964,0,0,0,0,0,0,0,0
2.522597,0,0,0,0,0,0,0,0
2.524278,0,0,0,0,0,0,0,0
2.525909,0,0,0,0,0,0,0,0
2.527375,0,0,0,0,0,0,0,0
2.528839,0,0,0,0,0,0,0,0
2.530438,0,0,0,0,0,0,0,0
2.532083,0,0,0,0,0,0,0,0
2.533713,0,0,0,0,0,0,0,0
2.535347,0,0,0,0,0,0,0,0
2.536980,0,0,0,0,0,0,0,0
2.538613,0,0,0,0,0,0,0,0
2.540293,0,0,0,0,0,0,0,0
2.541923,0,0,0,0,0,0,0,0
2.543464,0,0,0,0,0,0,0,0
2.545064,0,0,0,0,0,0,0,0
2.546697,0,0,0,0,0,0,0,0
2.548329,0,0,0,0,0,0,0,0
2.550014,0,0,0,0,0,0,0,0
2.551644,0,0,0,0,0,0,0,0
2.553274,0,0,0,0,0,0,0,0
2.554784,0,0,0,0,0,0,0,0
2.556436,0,0,0,0,0,0,0,0
2.558071,0,0,0,0,0,0,0,0
2.559702,0,0,0,0,0,0,0,0
2.561333,0,0,0,0,0,0,0,0
2.562967,0,0,0,0,0,0,0,0
2.564464,0,0,0,0,0,0,0,0
2.566178,0,0,0,0,0,0,0,0
2.567851,0,0,0,0,0,0,0,0
2.569379,0,0,0,0,0,0,0,0
2.570982,0,0,0,0,0,0,0,0
2.572481,0,0,0,0,0,0,0,0
2.574084,0,0,0,0,0,0,0,0
2.575716,0,0,0,0,0,0,0,0
2.577226,0,0,0,0,0,0,0,0
2.578830,0,0,0,0,0,0,0,0
2.580463,0,0,0,0,0,0,0,0
2.581971,0,0,0,0,0,0,0,0
2.583575,0,0,0,0,0,0,0,0
2.585206,0,0,0,0,0,0,0,0
2.586838,0,0,0,0,0,0,0,0
2.588353,0,0,0,0,0,0,0,0
2.590031,0,0,0,0,0,0,0,0
2.591726,0,0,0,0,0,0,0,0
2.593356,0,0,0,0,0,0,0,0
2.594989,0,0,0,0,0,0,0,0
2.596622,0,0,0,0,0,0,0,0
2.598255,0,0,0,0,0,0,0,0
2.599897,0,0,0,0,0,0,0,0
2.601532,0,0,0,0,0,0,0,0
2.603217,0,0,0,0,0,0,0,0
2.604900,0,0,0,0,0,0,0,0
2.606534,0,0,0,0,0,0,0,0
2.608167,0,0,0,0,0,0,0,0
2.609797,0,0,0,0,0,0,0,0
2.611447,0,0,0,0,0,0,0,0
2.613078,0,0,0,0,0,0,0,0
2.614711,0,0,0,0,0,0,0,0
2.616344,0,0,0,0,0,0,0,0
2.617978,0,0,0,0,0,0,0,0
2.619660,0,0,0,0,0,0,0,0
2.621288,0,0,0,0,0,0,0,0
2.622933,0,0,0,0,0,0,0,0
2.624565,0,0,0,0,0,0,0,0
2.626200,0,0,0,0,0,0,0,0
2.627833,0,0,0,0,0,0,0,0
2.629464,0,0,0,0,0,0,0,0
2.631095,0,0,0,0,0,0,0,0
2.632724,0,0,0,0,0,0,0,0
2.634425,0,0,0,0,0,0,0,0
2.636085,0,0,0,0,0,0,0,0
2.637717,0,0,0,0,0,0,0,0
2.639352,0,0,0,0,0,0,0,0
2.640983,0,0,0,0,0,0,0,0
2.642615,0,0,0,0,0,0,0,0
2.644245,0,0,0,0,0,0,0,0
2.645764,0,0,0,0,0,0,0,0
2.647325,0,0,0,0,0,0,0,0
2.648788,0,0,0,0,0,0,0,0
2.650249,0,0,0,0,0,0,0,0
2.651754,0,0,0,0,0,0,0,0
2.653593,0,0,0,0,0,0,0,0
2.656505,0,0,0,0,0,0,0,0
2.658052,0,0,0,0,0,0,0,0
2.659506,0,0,0,0,0,0,0,0
2.660959,0,0,0,0,0,0,0,0
2.662414,0,0,0,0,0,0,0,0
2.663869,0,0,0,0,0,0,0,0
2.665322,0,0,0,0,0,0,0,0
2.666890,0,0,0,0,0,0,0,0
2.668386,0,0,0,0,0,0,0,0
2.670129,0,0,0,0,0,0,0,0
2.671675,0,0,0,0,0,0,0,0
2.673136,0,0,0,0,0,0,0,0
2.674593,0,0,0,0,0,0,0,0
2.676053,0,0,0,0,0,0,0,0
2.677522,0,0,0,0,0,0,0,0
2.678986,0,0,0,0,0,0,0,0
2.680447,0,0,0,0,0,0,0,0
2.681907,0,0,0,0,0,0,0,0
2.683369,0,0,0,0,0,0,0,0
2.684877,0,0,0,0,0,0,0,0
2.686568,0,0,0,0,0,0,0,0
2.688215,0,0,0,0,0,0,0,0
2.689847,0,0,0,0,0,0,0,0
2.691486,0,0,0,0,0,0,0,0
2.693117,0,0,0,0,0,0,0,0
2.694752,0,0,0,0,0,0,0,0
2.696386,0,0,0,0,0,0,0,0
2.698022,0,0,0,0,0,0,0,0
2.699709,0,0,0,0,0,0,0,0
2.701331,0,0,0,0,0,0,0,0
2.702824,0,0,0,0,0,0,0,0
2.704426,0,0,0,0,0,0,0,0
2.706060,0,0,0,0,0,0,0,0
2.707693,0,0,0,0,0,0,0,0
2.709324,0,0,0,0,0,0,0,0
2.710970,0,0,0,0,0,0,0,0
2.712603,0,0,0,0,0,0,0,0
2.714239,0,0,0,0,0,0,0,0
2.715922,0,0,0,0,0,0,0,0
2.717553,0,0,0,0,0,0,0,0
2.719151,0,0,0,0,0,0,0,0
2.720753,0,0,0,0,0,0,0,0
2.722270,0,0,0,0,0,0,0,0
2.723874,0,0,0,0,0,0,0,0
2.725507,0,0,0,0,0,0,0,0
2.727141,0,0,0,0,0,0,0,0
2.728775,0,0,0,0,0,0,0,0
2.730412,0,0,0,0,0,0,0,0
2.732096,0,0,0,0,0,0,0,0
2.733742,0,0,0,0,0,0,0,0
2.735379,0,0,0,0,0,0,0,0
2.737009,0,0,0,0,0,0,0,0
2.738642,0,0,0,0,0,0,0,0
2.740275,0,0,0,0,0,0,0,0
2.741906,0,0,0,0,0,0,0,0
2.743593,0,0,0,0,0,0,0,0
2.745109,0,0,0,0,0,0,0,0
2.746820,0,0,0,0,0,0,0,0
2.748561,0,0,0,0,0,0,0,0
2.750299,0,0,0,0,0,0,0,0
2.752039,0,0,0,0,0,0,0,0
2.753777,0,0,0,0,0,0,0,0
2.755466,0,0,0,0,0,0,0,0
2.757173,0,0,0,0,0,0,0,0
2.758913,0,0,0,0,0,0,0,0
2.760652,0,0,0,0,0,0,0,0
2.762396,0,0,0,0,0,0,0,0
2.764198,0,0,0,0,0,0,0,0
2.766073,0,0,0,0,0,0,0,0
2.767632,0,0,0,0,0,0,0,0
2.769340,0,0,0,0,0,0,0,0
2.771080,0,0,0,0,0,0,0,0
2.772819,0,0,0,0,0,0,0,0
2.774561,0,0,0,0,0,0,0,0
2.776316,0,0,0,0,0,0,0,0
2.778058,0,0,0,0,0,0,0,0
2.779860,0,0,0,0,0,0,0,0
2.781634,0,0,0,0,0,0,0,0
2.783517,0,0,0,0,0,0,0,0
2.785257,0,0,0,0,0,0,0,0
2.786865,0,0,0,0,0,0,0,0
2.788573,0,0,0,0,0,0,0,0
2.790315,0,0,0,0,0,0,0,0
2.792054,0,0,0,0,0,0,0,0
2.793792,0,0,0,0,0,0,0,0
2.795600,0,0,0,0,0,0,0,0
2.797206,0,0,0,0,0,0,0,0
2.798915,0,0,0,0,0,0,0,0
2.800654,0,0,0,0,0,0,0,0
2.802396,0,0,0,0,0,0,0,0
2.804137,0,0,0,0,0,0,0,0
2.805875,0,0,0,0,0,0,0,0
2.807634,0,0,0,0,0,0,0,0
2.809372,0,0,0,0,0,0,0,0
2.811113,0,0,0,0,0,0,0,0
2.812982,0,0,0,0,0,0,0,0
2.814724,0,0,0,0,0,0,0,0
2.816464,0,0,0,0,0,0,0,0
2.818073,0,0,0,0,0,0,0,0
2.819781,0,0,0,0,0,0,0,0
2.821519,0,0,0,0,0,0,0,0
2.823223,0,0,0,0,0,0,0,0
2.824930,0,0,0,0,0,0,0,0
2.826685,0,0,0,0,0,0,0,0
2.828381,0,0,0,0,0,0,0,0
2.829939,0,0,0,0,0,0,0,0
2.831698,0,0,0,0,0,0,0,0
2.833437,0,0,0,0,0,0,0,0
2.835031,0,0,0,0,0,0,0,0
2.836742,0,0,0,0,0,0,0,0
2.838500,0,0,0,0,0,0,0,0
2.840241,0,0,0,0,0,0,0,0
2.841984,0,0,0,0,0,0,0,0
2.843788,0,0,0,0,0,0,0,0
2.845529,0,0,0,0,0,0,0,0
2.847377,0,0,0,0,0,0,0,0
2.848982,0,0,0,0,0,0,0,0
2.850694,0,0,0,0,0,0,0,0
2.852434,0,0,0,0,0,0,0,0
2.854177,0,0,0,0,0,0,0,0
2.855919,0,0,0,0,0,0,0,0
2.857656,0,0,0,0,0,0,0,0
2.859415,0,0,0,0,0,0,0,0
2.861221,0,0,0,0,0,0,0,0
2.862958,0,0,0,0,0,0,0,0
2.864698,0,0,0,0,0,0,0,0
2.866440,0,0,0,0,0,0,0,0
2.868181,0,0,0,0,0,0,0,0
2.869933,0,0,0,0,0,0,0,0
2.871702,0,0,0,0,0,0,0,0
2.873407,0,0,0,0,0,0,0,0
2.875147,0,0,0,0,0,0,0,0
2.876885,0,0,0,0,0,0,0,0
2.878627,0,0,0,0,0,0,0,0
2.880416,0,0,0,0,0,0,0,0
2.882023,0,0,0,0,0,0,0,0
2.883655,0,0,0,0,0,0,0,0
2.885286,0,0,0,0,0,0,0,0
2.886918,0,0,0,0,0,0,0,0
2.888549,0,0,0,0,0,0,0,0
2.890182,0,0,0,0,0,0,0,0
2.891876,0,0,0,0,0,0,0,0
2.893509,0,0,0,0,0,0,0,0
2.895141,0,0,0,0,0,0,0,0
2.896773,0,0,0,0,0,0,0,0
2.898407,0,0,0,0,0,0,0,0
2.900039,0,0,0,0,0,0,0,0
2.901669,0,0,0,0,0,0,0,0
2.903192,0,0,0,0,0,0,0,0
2.904899,0,0,0,0,0,0,0,0
2.906641,0,0,0,0,0,0,0,0
2.908382,0,0,0,0,0,0,0,0
2.910123,0,0,0,0,0,0,0,0
2.911863,0,0,0,0,0,0,0,0
2.913468,0,0,0,0,0,0,0,0
2.915173,0,0,0,0,0,0,0,0
2.916911,0,0,0,0,0,0,0,0
2.918651,0,0,0,0,0,0,0,0
2.920391,0,0,0,0,0,0,0,0
2.922131,0,0,0,0,0,0,0,0
2.923947,0,0,0,0,0,0,0,0
2.925686,0,0,0,0,0,0,0,0
2.927429,0,0,0,0,0,0,0,0
2.929167,0,0,0,0,0,0,0,0
2.930907,0,0,0,0,0,0,0,0
2.932645,0,0,0,0,0,0,0,0
2.934402,0,0,0,0,0,0,0,0
2.936142,0,0,0,0,0,0,0,0
2.937880,0,0,0,0,0,0,0,0
2.939687,0,0,0,0,0,0,0,0
2.941425,0,0,0,0,0,0,0,0
2.943164,0,0,0,0,0,0,0,0
2.944917,0,0,0,0,0,0,0,0
2.946670,0,0,0,0,0,0,0,0
2.948415,0,0,0,0,0,0,0,0
2.950160,0,0,0,0,0,0,0,0
2.951903,0,0,0,0,0,0,0,0
2.953643,0,0,0,0,0,0,0,0
2.955256,0,0,0,0,0,0,0,0
2.957027,0,0,0,0,0,0,0,0
2.958771,0,0,0,0,0,0,0,0
2.960513,0,0,0,0,0,0,0,0
2.962257,0,0,0,0,0,0,0,0
2.963971,0,0,0,0,0,0,0,0
2.965616,0,0,0,0,0,0,0,0
2.967287,0,0,0,0,0,0,0,0
2.968867,0,0,0,0,0,0,0,0
2.970447,0,0,0,0,0,0,0,0
2.972070,0,0,0,0,0,0,0,0
2.973643,0,0,0,0,0,0,0,0
2.975307,0,0,0,0,0,0,0,0
2.976910,0,0,0,0,0,0,0,0
2.978616,0,0,0,0,0,0,0,0
2.980341,0,0,0,0,0,0,0,0
2.982172,0,0,0,0,0,0,0,0
2.983908,0,0,0,0,0,0,0,0
2.985646,0,0,0,0,0,0,0,0
2.987404,0,0,0,0,0,0,0,0
2.989207,0,0,0,0,0,0,0,0
2.990947,0,0,0,0,0,0,0,0
2.992687,0,0,0,0,0,0,0,0
2.994428,0,0,0,0,0,0,0,0
2.996169,0,0,0,0,0,0,0,0
2.997922,0,0,0,0,0,0,0,0
2.999546,0,0,0,0,0,0,0,0
3.001251,0,0,0,0,0,0,0,0
3.002990,0,0,0,0,0,0,0,0
3.004729,0,0,0,0,0,0,0,0
3.006472,0,0,0,0,0,0,0,0
3.008079,0,0,0,0,0,0,0,0
3.009787,0,0,0,0,0,0,0,0
3.011531,0,0,0,0,0,0,0,0
3.013271,0,0,0,0,0,0,0,0
3.015010,0,0,0,0,0,0,0,0
3.016751,0,0,0,0,0,0,0,0
3.018506,0,0,0,0,0,0,0,0
3.020308,0,0,0,0,0,0,0,0
3.022051,0,0,0,0,0,0,0,0
3.023793,0,0,0,0,0,0,0,0
3.025531,0,0,0,0,0,0,0,0
3.027402,0,0,0,0,0,0,0,0
3.029273,0,0,0,0,0,0,0,0
3.030885,0,0,0,0,0,0,0,0
3.032443,0,0,0,0,0,0,0,0
3.034087,0,0,0,0,0,0,0,0
3.035703,0,0,0,0,0,0,0,0
3.038249,0,0,0,0,0,0,0,0
3.039949,0,0,0,0,0,0,0,0
3.041414,0,0,0,0,0,0,0,0
3.042875,0,0,0,0,0,0,0,0
3.044330,0,0,0,0,0,0,0,0
3.045784,0,0,0,0,0,0,0,0
3.047232,0,0,0,0,0,0,0,0
3.048829,0,0,0,0,0,0,0,0
3.050477,0,0,0,0,0,0,0,0
3.052160,0,0,0,0,0,0,0,0
3.053793,0,0,0,0,0,0,0,0
3.055431,0,0,0,0,0,0,0,0
3.057064,0,0,0,0,0,0,0,0
3.058699,0,0,0,0,0,0,0,0
3.060334,0,0,0,0,0,0,0,0
3.061888,0,0,0,0,0,0,0,0
3.063452,0,0,0,0,0,0,0,0
3.065005,0,0,0,0,0,0,0,0
3.066559,0,0,0,0,0,0,0,0
3.068176,0,0,0,0,0,0,0,0
3.069728,0,0,0,0,0,0,0,0
3.071431,0,0,0,0,0,0,0,0
3.073038,0,0,0,0,0,0,0,0
3.074749,0,0,0,0,0,0,0,0
3.076481,0,0,0,0,0,0,0,0
3.078511,0,0,0,0,0,0,0,0
3.080211,0,0,0,0,0,0,0,0
3.081820,0,0,0,0,0,0,0,0
3.083389,0,0,0,0,0,0,0,0
3.085002,0,0,0,0,0,0,0,0
3.086557,0,0,0,0,0,0,0,0
3.088109,0,0,0,0,0,0,0,0
3.089659,0,0,0,0,0,0,0,0
3.091438,0,0,0,0,0,0,0,0
3.093177,0,0,0,0,0,0,0,0
3.094934,0,0,0,0,0,0,0,0
3.096675,0,0,0,0,0,0,0,0
3.098418,0,0,0,0,0,0,0,0
3.100222,0,0,0,0,0,0,0,0
3.102193,0,0,0,0,0,0,0,0
3.103832,0,0,0,0,0,0,0,0
3.105419,0,0,0,0,0,0,0,0
3.106976,0,0,0,0,0,0,0,0
3.108529,0,0,0,0,0,0,0,0
3.110083,0,0,0,0,0,0,0,0
3.111633,0,0,0,0,0,0,0,0
3.113334,0,0,0,0,0,0,0,0
3.115075,0,0,0,0,0,0,0,0
3.116740,0,0,0,0,0,0,0,0
3.118451,0,0,0,0,0,0,0,0
3.120193,0,0,0,0,0,0,0,0
3.121933,0,0,0,0,0,0,0,0
3.123619,0,0,0,0,0,0,0,0
3.125177,0,0,0,0,0,0,0,0
3.126894,0,0,0,0,0,0,0,0
3.128635,0,0,0,0,0,0,0,0
3.130378,0,0,0,0,0,0,0,0
3.132182,0,0,0,0,0,0,0,0
3.133922,0,0,0,0,0,0,0,0
3.135719,0,0,0,0,0,0,0,0
3.137326,0,0,0,0,0,0,0,0
3.138886,0,0,0,0,0,0,0,0
3.140440,0,0,0,0,0,0,0,0
3.141990,0,0,0,0,0,0,0,0
3.143539,0,0,0,0,0,0,0,0
3.145088,0,0,0,0,0,0,0,0
3.146792,0,0,0,0,0,0,0,0
3.148462,0,0,0,0,0,0,0,0
3.150020,0,0,0,0,0,0,0,0
3.151572,0,0,0,0,0,0,0,0
3.153122,0,0,0,0,0,0,0,0
3.154674,0,0,0,0,0,0,0,0
3.156223,0,0,0,0,0,0,0,0
3.157923,0,0,0,0,0,0,0,0
3.159698,0,0,0,0,0,0,0,0
3.161283,0,0,0,0,0,0,0,0
3.162990,0,0,0,0,0,0,0,0
3.164581,0,0,0,0,0,0,0,0
3.166290,0,0,0,0,0,0,0,0
3.168030,0,0,0,0,0,0,0,0
3.169635,0,0,0,0,0,0,0,0
3.171443,0,0,0,0,0,0,0,0
3.173181,0,0,0,0,0,0,0,0
3.174920,0,0,0,0,0,0,0,0
3.176659,0,0,0,0,0,0,0,0
3.178400,0,0,0,0,0,0,0,0
3.180216,0,0,0,0,0,0,0,0
3.182048,0,0,0,0,0,0,0,0
3.183811,0,0,0,0,0,0,0,0
3.185548,0,0,0,0,0,0,0,0
3.187352,0,0,0,0,0,0,0,0
3.189090,0,0,0,0,0,0,0,0
3.190842,0,0,0,0,0,0,0,0
3.192582,0,0,0,0,0,0,0,0
3.194322,0,0,0,0,0,0,0,0
3.196124,0,0,0,0,0,0,0,0
3.197862,0,0,0,0,0,0,0,0
3.199607,0,0,0,0,0,0,0,0
3.201212,0,0,0,0,0,0,0,0
3.202924,0,0,0,0,0,0,0,0
3.204664,0,0,0,0,0,0,0,0
3.206405,0,0,0,0,0,0,0,0
3.208146,0,0,0,0,0,0,0,0
3.209885,0,0,0,0,0,0,0,0
3.211716,0,0,0,0,0,0,0,0
3.213453,0,0,0,0,0,0,0,0
3.215445,0,0,0,0,0,0,0,0
3.217152,0,0,0,0,0,0,0,0
3.218893,0,0,0,0,0,0,0,0
3.220633,0,0,0,0,0,0,0,0
3.222243,0,0,0,0,0,0,0,0
3.223952,0,0,0,0,0,0,0,0
3.225691,0,0,0,0,0,0,0,0
3.227436,0,0,0,0,0,0,0,0
3.229198,0,0,0,0,0,0,0,0
3.230940,0,0,0,0,0,0,0,0
3.232549,0,0,0,0,0,0,0,0
3.234109,0,0,0,0,0,0,0,0
3.235690,0,0,0,0,0,0,0,0
3.237326,0,0,0,0,0,0,0,0
3.238878,0,0,0,0,0,0,0,0
3.240431,0,0,0,0,0,0,0,0
3.242136,0,0,0,0,0,0,0,0
3.243807,0,0,0,0,0,0,0,0
3.245363,0,0,0,0,0,0,0,0
3.246917,0,0,0,0,0,0,0,0
3.248469,0,0,0,0,0,0,0,0
3.250021,0,0,0,0,0,0,0,0
3.251571,0,0,0,0,0,0,0,0
3.253271,0,0,0,0,0,0,0,0
3.255027,0,0,0,0,0,0,0,0
3.256766,0,0,0,0,0,0,0,0
3.258509,0,0,0,0,0,0,0,0
3.260312,0,0,0,0,0,0,0,0
3.262055,0,0,0,0,0,0,0,0
3.263796,0,0,0,0,0,0,0,0
3.265402,0,0,0,0,0,0,0,0
3.267114,0,0,0,0,0,0,0,0
3.268853,0,0,0,0,0,0,0,0
3.270595,0,0,0,0,0,0,0,0
3.272335,0,0,0,0,0,0,0,0
3.274081,0,0,0,0,0,0,0,0
3.275900,0,0,0,0,0,0,0,0
3.277640,0,0,0,0,0,0,0,0
3.279386,0,0,0,0,0,0,0,0
3.280962,0,0,0,0,0,0,0,0
3.282574,0,0,0,0,0,0,0,0
3.284149,0,0,0,0,0,0,0,0
3.285881,0,0,0,0,0,0,0,0
3.287437,0,0,0,0,0,0,0,0
3.288986,0,0,0,0,0,0,0,0
3.290691,0,0,0,0,0,0,0,0
3.292434,0,0,0,0,0,0,0,0
3.294178,0,0,0,0,0,0,0,0
3.296128,0,0,0,0,0,0,0,0
3.297708,0,0,0,0,0,0,0,0
3.299266,0,0,0,0,0,0,0,0
3.300817,0,0,0,0,0,0,0,0
3.302370,0,0,0,0,0,0,0,0
3.303920,0,0,0,0,0,0,0,0
3.305470,0,0,0,0,0,0,0,0
3.308945,0,0,0,0,0,0,0,0
3.310536,0,0,0,0,0,0,0,0
3.312095,0,0,0,0,0,0,0,0
3.313647,0,0,0,0,0,0,0,0
3.315249,0,0,0,0,0,0,0,0
3.316801,0,0,0,0,0,0,0,0
3.318353,0,0,0,0,0,0,0,0
3.320056,0,0,0,0,0,0,0,0
3.321809,0,0,0,0,0,0,0,0
3.323430,0,0,0,0,0,0,0,0
3.325094,0,0,0,0,0,0,0,0
3.326651,0,0,0,0,0,0,0,0
3.328206,0,0,0,0,0,0,0,0
3.329758,0,0,0,0,0,0,0,0
3.331310,0,0,0,0,0,0,0,0
3.332886,0,0,0,0,0,0,0,0
3.334457,0,0,0,0,0,0,0,0
3.336048,0,0,0,0,0,0,0,0
3.337594,0,0,0,0,0,0,0,0
3.339319,0,0,0,0,0,0,0,0
3.340927,0,0,0,0,0,0,0,0
3.342475,0,0,0,0,0,0,0,0
3.344049,0,0,0,0,0,0,0,0
3.345597,0,0,0,0,0,0,0,0
3.347210,0,0,0,0,0,0,0,0
3.348759,0,0,0,0,0,0,0,0
3.350341,0,0,0,0,0,0,0,0
3.352048,0,0,0,0,0,0,0,0
3.353788,0,0,0,0,0,0,0,0
3.355610,0,0,0,0,0,0,0,0
3.357351,0,0,0,0,0,0,0,0
3.359092,0,0,0,0,0,0,0,0
3.360834,0,0,0,0,0,0,0,0
3.362578,0,0,0,0,0,0,0,0
3.364320,0,0,0,0,0,0,0,0
3.365925,0,0,0,0,0,0,0,0
3.367676,0,0,0,0,0,0,0,0
3.369416,0,0,0,0,0,0,0,0
3.371158,0,0,0,0,0,0,0,0
3.372963,0,0,0,0,0,0,0,0
3.374708,0,0,0,0,0,0,0,0
3.376467,0,0,0,0,0,0,0,0
3.378210,0,0,0,0,0,0,0,0
3.379952,0,0,0,0,0,0,0,0
3.381727,0,0,0,0,0,0,0,0
3.383503,0,0,0,0,0,0,0,0
3.385244,0,0,0,0,0,0,0,0
3.387012,0,0,0,0,0,0,0,0
3.388754,0,0,0,0,0,0,0,0
3.390500,0,0,0,0,0,0,0,0
3.392242,0,0,0,0,0,0,0,0
3.393987,0,0,0,0,0,0,0,0
3.395729,0,0,0,0,0,0,0,0
3.397336,0,0,0,0,0,0,0,0
3.399049,0,0,0,0,0,0,0,0
3.400790,0,0,0,0,0,0,0,0
3.402535,0,0,0,0,0,0,0,0
3.404341,0,0,0,0,0,0,0,0
3.406085,0,0,0,0,0,0,0,0
3.407840,0,0,0,0,0,0,0,0
3.409564,0,0,0,0,0,0,0,0
3.411286,0,0,0,0,0,0,0,0
3.412995,0,0,0,0,0,0,0,0
3.414741,0,0,0,0,0,0,0,0
3.416484,0,0,0,0,0,0,0,0
3.418242,0,0,0,0,0,0,0,0
3.420047,0,0,0,0,0,0,0,0
3.421788,0,0,0,0,0,0,0,0
3.423534,0,0,0,0,0,0,0,0
3.425273,0,0,0,0,0,0,0,0
3.427015,0,0,0,0,0,0,0,0
3.428625,0,0,0,0,0,0,0,0
3.430339,0,0,0,0,0,0,0,0
3.432082,0,0,0,0,0,0,0,0
3.433818,0,0,0,0,0,0,0,0
3.435606,0,0,0,0,0,0,0,0
3.437122,0,0,0,0,0,0,0,0
3.438677,0,0,0,0,0,0,0,0
3.440267,0,0,0,0,0,0,0,0
3.441842,0,0,0,0,0,0,0,0
3.443422,0,0,0,0,0,0,0,0
3.445005,0,0,0,0,0,0,0,0
3.446748,0,0,0,0,0,0,0,0
3.448487,0,0,0,0,0,0,0,0
3.450228,0,0,0,0,0,0,0,0
3.451900,0,0,0,0,0,0,0,0
3.453607,0,0,0,0,0,0,0,0
3.455347,0,0,0,0,0,0,0,0
3.457055,0,0,0,0,0,0,0,0
3.458797,0,0,0,0,0,0,0,0
3.460539,0,0,0,0,0,0,0,0
3.462291,0,0,0,0,0,0,0,0
3.464032,0,0,0,0,0,0,0,0
3.465773,0,0,0,0,0,0,0,0
3.467658,0,0,0,0,0,0,0,0
3.469398,0,0,0,0,0,0,0,0
3.471140,0,0,0,0,0,0,0,0
3.472897,0,0,0,0,0,0,0,0
3.474639,0,0,0,0,0,0,0,0
3.476380,0,0,0,0,0,0,0,0
3.478124,0,0,0,0,0,0,0,0
3.479865,0,0,0,0,0,0,0,0
3.481605,0,0,0,0,0,0,0,0
3.483306,0,0,0,0,0,0,0,0
3.485017,0,0,0,0,0,0,0,0
3.486764,0,0,0,0,0,0,0,0
3.488508,0,0,0,0,0,0,0,0
3.490253,0,0,0,0,0,0,0,0
3.491989,0,0,0,0,0,0,0,0
3.493737,0,0,0,0,0,0,0,0
3.495495,0,0,0,0,0,0,0,0
3.497235,0,0,0,0,0,0,0,0
3.498978,0,0,0,0,0,0,0,0
3.500722,0,0,0,0,0,0,0,0
3.502467,0,0,0,0,0,0,0,0
3.504225,0,0,0,0,0,0,0,0
3.506058,0,0,0,0,0,0,0,0
3.507821,0,0,0,0,0,0,0,0
3.509561,0,0,0,0,0,0,0,0
3.511368,0,0,0,0,0,0,0,0
3.513109,0,0,0,0,0,0,0,0
3.514714,0,0,0,0,0,0,0,0
3.516427,0,0,0,0,0,0,0,0
3.518172,0,0,0,0,0,0,0,0
3.519916,0,0,0,0,0,0,0,0
3.521658,0,0,0,0,0,0,0,0
3.523405,0,0,0,0,0,0,0,0
3.525163,0,0,0,0,0,0,0,0
3.526907,0,0,0,0,0,0,0,0
3.528651,0,0,0,0,0,0,0,0
3.530397,0,0,0,0,0,0,0,0
3.532203,0,0,0,0,0,0,0,0
3.534070,0,0,0,0,0,0,0,0
3.535737,0,0,0,0,0,0,0,0
3.537297,0,0,0,0,0,0,0,0
3.539006,0,0,0,0,0,0,0,0
3.540750,0,0,0,0,0,0,0,0
3.542496,0,0,0,0,0,0,0,0
3.544240,0,0,0,0,0,0,0,0
3.546001,0,0,0,0,0,0,0,0
3.547807,0,0,0,0,0,0,0,0
3.549549,0,0,0,0,0,0,0,0
3.551419,0,0,0,0,0,0,0,0
3.553162,0,0,0,0,0,0,0,0
3.554906,0,0,0,0,0,0,0,0
3.556515,0,0,0,0,0,0,0,0
3.558228,0,0,0,0,0,0,0,0
3.559972,0,0,0,0,0,0,0,0
3.561715,0,0,0,0,0,0,0,0
3.563463,0,0,0,0,0,0,0,0
3.565228,0,0,0,0,0,0,0,0
3.566987,0,0,0,0,0,0,0,0
3.568732,0,0,0,0,0,0,0,0
3.570946,0,0,0,0,0,0,0,0
3.572694,0,0,0,0,0,0,0,0
3.574440,0,0,0,0,0,0,0,0
3.576186,0,0,0,0,0,0,0,0
3.577794,0,0,0,0,0,0,0,0
3.579742,0,0,0,0,0,0,0,0
3.581332,0,0,0,0,0,0,0,0
3.583044,0,0,0,0,0,0,0,0
3.584788,0,0,0,0,0,0,0,0
3.586535,0,0,0,0,0,0,0,0
3.588141,0,0,0,0,0,0,0,0
3.589695,0,0,0,0,0,0,0,0
3.591285,0,0,0,0,0,0,0,0
3.592875,0,0,0,0,0,0,0,0
3.594431,0,0,0,0,0,0,0,0
3.596045,0,0,0,0,0,0,0,0
3.597599,0,0,0,0,0,0,0,0
3.599279,0,0,0,0,0,0,0,0
3.600839,0,0,0,0,0,0,0,0
3.602551,0,0,0,0,0,0,0,0
3.604296,0,0,0,0,0,0,0,0
3.606041,0,0,0,0,0,0,0,0
3.607786,0,0,0,0,0,0,0,0
3.609540,0,0,0,0,0,0,0,0
3.611349,0,0,0,0,0,0,0,0
3.613156,0,0,0,0,0,0,0,0
3.614900,0,0,0,0,0,0,0,0
3.616645,0,0,0,0,0,0,0,0
3.618427,0,0,0,0,0,0,0,0
3.620039,0,0,0,0,0,0,0,0
3.621747,0,0,0,0,0,0,0,0
3.623495,0,0,0,0,0,0,0,0
3.625237,0,0,0,0,0,0,0,0
3.626980,0,0,0,0,0,0,0,0
3.628724,0,0,0,0,0,0,0,0
3.630485,0,0,0,0,0,0,0,0
3.632227,0,0,0,0,0,0,0,0
3.633973,0,0,0,0,0,0,0,0
3.635716,0,0,0,0,0,0,0,0
3.637310,0,0,0,0,0,0,0,0
3.639027,0,0,0,0,0,0,0,0
3.640636,0,0,0,0,0,0,0,0
3.642349,0,0,0,0,0,0,0,0
3.644156,0,0,0,0,0,0,0,0
3.645898,0,0,0,0,0,0,0,0
3.647530,0,0,0,0,0,0,0,0
3.649102,0,0,0,0,0,0,0,0
3.650844,0,0,0,0,0,0,0,0
3.652445,0,0,0,0,0,0,0,0
3.654159,0,0,0,0,0,0,0,0
3.655904,0,0,0,0,0,0,0,0
3.657648,0,0,0,0,0,0,0,0
3.659397,0,0,0,0,0,0,0,0
3.661075,0,0,0,0,0,0,0,0
3.662789,0,0,0,0,0,0,0,0
3.664534,0,0,0,0,0,0,0,0
3.666282,0,0,0,0,0,0,0,0
3.668027,0,0,0,0,0,0,0,0
3.669771,0,0,0,0,0,0,0,0
3.671580,0,0,0,0,0,0,0,0
3.673324,0,0,0,0,0,0,0,0
3.675069,0,0,0,0,0,0,0,0
3.676815,0,0,0,0,0,0,0,0
3.678560,0,0,0,0,0,0,0,0
3.685433,0,0,0,0,0,0,0,0
3.687019,0,0,0,0,0,0,0,0
3.688573,0,0,0,0,0,0,0,0
3.690123,0,0,0,0,0,0,0,0
3.691739,0,0,0,0,0,0,0,0
3.693293,0,0,0,0,0,0,0,0
3.694849,0,0,0,0,0,0,0,0
3.696401,0,0,0,0,0,0,0,0
3.697984,0,0,0,0,0,0,0,0
3.699537,0,0,0,0,0,0,0,0
3.701089,0,0,0,0,0,0,0,0
3.702643,0,0,0,0,0,0,0,0
3.704195,0,0,0,0,0,0,0,0
3.705748,0,0,0,0,0,0,0,0
3.707303,0,0,0,0,0,0,0,0
3.708877,0,0,0,0,0,0,0,0
3.710431,0,0,0,0,0,0,0,0
3.711984,0,0,0,0,0,0,0,0
3.713537,0,0,0,0,0,0,0,0
3.715189,0,0,0,0,0,0,0,0
3.716742,0,0,0,0,0,0,0,0
3.718295,0,0,0,0,0,0,0,0
3.719860,0,0,0,0,0,0,0,0
3.721412,0,0,0,0,0,0,0,0
3.722965,0,0,0,0,0,0,0,0
3.724572,0,0,0,0,0,0,0,0
3.726126,0,0,0,0,0,0,0,0
3.727679,0,0,0,0,0,0,0,0
3.729384,0,0,0,0,0,0,0,0
3.730993,0,0,0,0,0,0,0,0
3.732555,0,0,0,0,0,0,0,0
3.734113,0,0,0,0,0,0,0,0
3.735667,0,0,0,0,0,0,0,0
3.737218,0,0,0,0,0,0,0,0
3.738771,0,0,0,0,0,0,0,0
3.740477,0,0,0,0,0,0,0,0
3.742088,0,0,0,0,0,0,0,0
3.743649,0,0,0,0,0,0,0,0
3.745203,0,0,0,0,0,0,0,0
3.746759,0,0,0,0,0,0,0,0
3.748312,0,0,0,0,0,0,0,0
3.749863,0,0,0,0,0,0,0,0
3.751416,0,0,0,0,0,0,0,0
3.752977,0,0,0,0,0,0,0,0
3.754533,0,0,0,0,0,0,0,0
3.756155,0,0,0,0,0,0,0,0
3.757707,0,0,0,0,0,0,0,0
3.759263,0,0,0,0,0,0,0,0
3.760815,0,0,0,0,0,0,0,0
3.762523,0,0,0,0,0,0,0,0
3.764282,0,0,0,0,0,0,0,0
3.766026,0,0,0,0,0,0,0,0
3.767770,0,0,0,0,0,0,0,0
3.769512,0,0,0,0,0,0,0,0
3.771223,0,0,0,0,0,0,0,0
3.772972,0,0,0,0,0,0,0,0
3.774588,0,0,0,0,0,0,0,0
3.776145,0,0,0,0,0,0,0,0
3.777699,0,0,0,0,0,0,0,0
3.779252,0,0,0,0,0,0,0,0
3.781729,0,0,0,0,0,0,0,0
3.783506,0,0,0,0,0,0,0,0
3.785123,0,0,0,0,0,0,0,0
3.786677,0,0,0,0,0,0,0,0
3.788292,0,0,0,0,0,0,0,0
3.789857,0,0,0,0,0,0,0,0
3.791445,0,0,0,0,0,0,0,0
3.792997,0,0,0,0,0,0,0,0
3.794546,0,0,0,0,0,0,0,0
3.796115,0,0,0,0,0,0,0,0
3.797658,0,0,0,0,0,0,0,0
3.799323,0,0,0,0,0,0,0,0
3.800877,0,0,0,0,0,0,0,0
3.802439,0,0,0,0,0,0,0,0
3.804044,0,0,0,0,0,0,0,0
3.805592,0,0,0,0,0,0,0,0
3.807306,0,0,0,0,0,0,0,0
3.808854,0,0,0,0,0,0,0,0
3.810532,0,0,0,0,0,0,0,0
3.812142,0,0,0,0,0,0,0,0
3.813737,0,0,0,0,0,0,0,0
3.815292,0,0,0,0,0,0,0,0
3.816844,0,0,0,0,0,0,0,0
3.818409,0,0,0,0,0,0,0,0
3.820019,0,0,0,0,0,0,0,0
3.821571,0,0,0,0,0,0,0,0
3.823377,0,0,0,0,0,0,0,0
3.825117,0,0,0,0,0,0,0,0
3.826860,0,0,0,0,0,0,0,0
3.828504,0,0,0,0,0,0,0,0
3.830067,0,0,0,0,0,0,0,0
3.831774,0,0,0,0,0,0,0,0
3.833516,0,0,0,0,0,0,0,0
3.835336,0,0,0,0,0,0,0,0
3.837079,0,0,0,0,0,0,0,0
3.838815,0,0,0,0,0,0,0,0
3.840558,0,0,0,0,0,0,0,0
3.842304,0,0,0,0,0,0,0,0
3.844048,0,0,0,0,0,0,0,0
3.845790,0,0,0,0,0,0,0,0
3.847539,0,0,0,0,0,0,0,0
3.849295,0,0,0,0,0,0,0,0
3.851038,0,0,0,0,0,0,0,0
3.852781,0,0,0,0,0,0,0,0
3.854526,0,0,0,0,0,0,0,0
3.856270,0,0,0,0,0,0,0,0
3.858016,0,0,0,0,0,0,0,0
3.859626,0,0,0,0,0,0,0,0
3.861336,0,0,0,0,0,0,0,0
3.862927,0,0,0,0,0,0,0,0
3.864638,0,0,0,0,0,0,0,0
3.866384,0,0,0,0,0,0,0,0
3.868191,0,0,0,0,0,0,0,0
3.870010,0,0,0,0,0,0,0,0
3.871746,0,0,0,0,0,0,0,0
3.873487,0,0,0,0,0,0,0,0
3.875300,0,0,0,0,0,0,0,0
3.877042,0,0,0,0,0,0,0,0
3.878788,0,0,0,0,0,0,0,0
3.880397,0,0,0,0,0,0,0,0
3.882109,0,0,0,0,0,0,0,0
3.883912,0,0,0,0,0,0,0,0
3.885503,0,0,0,0,0,0,0,0
3.887323,0,0,0,0,0,0,0,0
3.889067,0,0,0,0,0,0,0,0
3.890825,0,0,0,0,0,0,0,0
3.892570,0,0,0,0,0,0,0,0
3.894316,0,0,0,0,0,0,0,0
3.896103,0,0,0,0,0,0,0,0
3.897846,0,0,0,0,0,0,0,0
3.899660,0,0,0,0,0,0,0,0
3.901269,0,0,0,0,0,0,0,0
3.902983,0,0,0,0,0,0,0,0
3.904720,0,0,0,0,0,0,0,0
3.906395,0,0,0,0,0,0,0,0
3.908022,0,0,0,0,0,0,0,0
3.909605,0,0,0,0,0,0,0,0
3.911152,0,0,0,0,0,0,0,0
3.912708,0,0,0,0,0,0,0,0
3.914290,0,0,0,0,0,0,0,0
3.915949,0,0,0,0,0,0,0,0
3.917693,0,0,0,0,0,0,0,0
3.919439,0,0,0,0,0,0,0,0
3.921182,0,0,0,0,0,0,0,0
3.922795,0,0,0,0,0,0,0,0
3.924508,0,0,0,0,0,0,0,0
3.926255,0,0,0,0,0,0,0,0
3.928001,0,0,0,0,0,0,0,0
3.929744,0,0,0,0,0,0,0,0
3.931551,0,0,0,0,0,0,0,0
3.933310,0,0,0,0,0,0,0,0
3.935054,0,0,0,0,0,0,0,0
3.936799,0,0,0,0,0,0,0,0
3.938546,0,0,0,0,0,0,0,0
3.940291,0,0,0,0,0,0,0,0
3.942037,0,0,0,0,0,0,0,0
3.943645,0,0,0,0,0,0,0,0
3.945355,0,0,0,0,0,0,0,0
3.947102,0,0,0,0,0,0,0,0
3.948846,0,0,0,0,0,0,0,0
3.950592,0,0,0,0,0,0,0,0
3.952337,0,0,0,0,0,0,0,0
3.954098,0,0,0,0,0,0,0,0
3.955842,0,0,0,0,0,0,0,0
3.957587,0,0,0,0,0,0,0,0
3.959320,0,0,0,0,0,0,0,0
3.961032,0,0,0,0,0,0,0,0
3.962777,0,0,0,0,0,0,0,0
3.964391,0,0,0,0,0,0,0,0
3.966107,0,0,0,0,0,0,0,0
3.967850,0,0,0,0,0,0,0,0
3.969593,0,0,0,0,0,0,0,0
3.971412,0,0,0,0,0,0,0,0
3.973156,0,0,0,0,0,0,0,0
3.974771,0,0,0,0,0,0,0,0
3.976333,0,0,0,0,0,0,0,0
3.977889,0,0,0,0,0,0,0,0
3.979446,0,0,0,0,0,0,0,0
3.981001,0,0,0,0,0,0,0,0
3.982554,0,0,0,0,0,0,0,0
3.984259,0,0,0,0,0,0,0,0
3.985869,0,0,0,0,0,0,0,0
3.987586,0,0,0,0,0,0,0,0
3.989330,0,0,0,0,0,0,0,0
3.991074,0,0,0,0,0,0,0,0
3.992818,0,0,0,0,0,0,0,0
3.994565,0,0,0,0,0,0,0,0
3.996326,0,0,0,0,0,0,0,0
3.998072,0,0,0,0,0,0,0,0
3.999817,0,0,0,0,0,0,0,0
