elapsed_s,HLSQ_BV2LPAC_SWITCH_CNT,HLSQ_LPAC2BV_SWITCH_CYC,HLSQ_BV2LPAC_SWITCH_CYC,HLSQ_VSDP_BV2BR_SWITCH_CYC,HLSQ_VS_SP_HCTX_ACTIVE_CNT,HLSQ_FS_SP_HCTX_ACTIVE_CNT
0.001170,0,0,0,0,0,0
0.002638,0,0,0,0,0,0
0.004074,0,0,0,0,0,0
0.005534,0,0,0,0,0,0
0.006972,0,0,0,0,0,0
0.008369,0,0,0,0,0,0
0.009839,0,0,0,0,0,0
0.011233,0,0,0,0,0,0
0.012619,0,0,0,0,0,0
0.014125,0,0,0,0,0,0
0.015499,0,0,0,0,0,0
0.016940,0,0,0,0,0,0
0.018375,0,0,0,0,0,0
0.019785,0,0,0,0,0,0
0.021210,0,0,0,0,0,0
0.022622,0,0,0,0,0,0
0.024043,0,0,0,0,0,0
0.026266,0,0,0,0,0,0
0.028076,0,0,0,0,0,0
0.029489,0,0,0,0,0,0
0.030888,0,0,0,0,0,0
0.032290,0,0,0,0,0,0
0.033687,0,0,0,0,0,0
0.035085,0,0,0,0,0,0
0.037028,0,0,0,0,0,0
0.038533,0,0,0,0,0,0
0.039934,0,0,0,0,0,0
0.041329,0,0,0,0,0,0
0.042736,0,0,0,0,0,0
0.044131,0,0,0,0,0,0
0.045518,0,0,0,0,0,0
0.046880,0,0,0,0,0,0
0.048240,0,0,0,0,0,0
0.049601,0,0,0,0,0,0
0.050962,0,0,0,0,0,0
0.052322,0,0,0,0,0,0
0.053694,0,0,0,0,0,0
0.055253,0,0,0,0,0,0
0.056691,0,0,0,0,0,0
0.058341,0,0,0,0,0,0
0.059739,0,0,0,0,0,0
0.061127,0,0,0,0,0,0
0.062512,0,0,0,0,0,0
0.063900,0,0,0,0,0,0
0.065284,0,0,0,0,0,0
0.066666,0,0,0,0,0,0
0.068004,0,0,0,0,0,0
0.069344,0,0,0,0,0,0
0.070693,0,0,0,0,0,0
0.071972,0,0,0,0,0,0
0.073407,0,0,0,0,0,0
0.074798,0,0,0,0,0,0
0.076182,0,0,0,0,0,0
0.077623,0,0,0,0,0,0
0.079044,0,0,0,0,0,0
0.080437,0,0,0,0,0,0
0.081829,0,0,0,0,0,0
0.083220,0,0,0,0,0,0
0.084614,0,0,0,0,0,0
0.086167,0,0,0,0,0,0
0.087739,0,0,0,0,0,0
0.088910,0,0,0,0,0,0
0.090464,0,0,0,0,0,0
0.091862,0,0,0,0,0,0
0.093315,0,0,0,0,0,0
0.094728,0,0,0,0,0,0
0.096127,0,0,0,0,0,0
0.097526,0,0,0,0,0,0
0.098918,0,0,0,0,0,0
0.100308,0,0,0,0,0,0
0.101749,0,0,0,0,0,0
0.103190,0,0,0,0,0,0
0.104582,0,0,0,0,0,0
0.106047,0,0,0,0,0,0
0.107497,0,0,0,0,0,0
0.109011,0,0,0,0,0,0
0.110377,0,0,0,0,0,0
0.111577,0,0,0,0,0,0
0.113017,0,0,0,0,0,0
0.114453,0,0,0,0,0,0
0.115883,0,0,0,0,0,0
0.117313,0,0,0,0,0,0
0.118744,0,0,0,0,0,0
0.120171,0,0,0,0,0,0
0.121488,0,0,0,0,0,0
0.122917,0,0,0,0,0,0
0.124345,0,0,0,0,0,0
0.125783,0,0,0,0,0,0
0.127172,0,0,0,0,0,0
0.128554,0,0,0,0,0,0
0.129945,0,0,0,0,0,0
0.131326,0,0,0,0,0,0
0.132707,0,0,0,0,0,0
0.134047,0,0,0,0,0,0
0.135439,0,0,0,0,0,0
0.136821,0,0,0,0,0,0
0.138209,0,0,0,0,0,0
0.139588,0,0,0,0,0,0
0.140995,0,0,0,0,0,0
0.142344,0,0,0,0,0,0
0.143691,0,0,0,0,0,0
0.145038,0,0,0,0,0,0
0.146385,0,0,0,0,0,0
0.147732,0,0,0,0,0,0
0.149080,0,0,0,0,0,0
0.150427,0,0,0,0,0,0
0.151787,0,0,0,0,0,0
0.153137,0,0,0,0,0,0
0.154485,0,0,0,0,0,0
0.155832,0,0,0,0,0,0
0.157224,0,0,0,0,0,0
0.158572,0,0,0,0,0,0
0.159921,0,0,0,0,0,0
0.161270,0,0,0,0,0,0
0.162629,0,0,0,0,0,0
0.163976,0,0,0,0,0,0
0.165323,0,0,0,0,0,0
0.166671,0,0,0,0,0,0
0.168018,0,0,0,0,0,0
0.169366,0,0,0,0,0,0
0.170714,0,0,0,0,0,0
0.172061,0,0,0,0,0,0
0.173554,0,0,0,0,0,0
0.175135,0,0,0,0,0,0
0.176700,0,0,0,0,0,0
0.178324,0,0,0,0,0,0
0.179888,0,0,0,0,0,0
0.181456,0,0,0,0,0,0
0.183023,0,0,0,0,0,0
0.184473,0,0,0,0,0,0
0.185883,0,0,0,0,0,0
0.187285,0,0,0,0,0,0
0.188683,0,0,0,0,0,0
0.190126,0,0,0,0,0,0
0.191524,0,0,0,0,0,0
0.193057,0,0,0,0,0,0
0.194637,0,0,0,0,0,0
0.196202,0,0,0,0,0,0
0.197769,0,0,0,0,0,0
0.199337,0,0,0,0,0,0
0.200905,0,0,0,0,0,0
0.202462,0,0,0,0,0,0
0.204015,0,0,0,0,0,0
0.205492,0,0,0,0,0,0
0.207030,0,0,0,0,0,0
0.208593,0,0,0,0,0,0
0.210161,0,0,0,0,0,0
0.211725,0,0,0,0,0,0
0.213291,0,0,0,0,0,0
0.214836,0,0,0,0,0,0
0.216262,0,0,0,0,0,0
0.217670,0,0,0,0,0,0
0.219201,0,0,0,0,0,0
0.220763,0,0,0,0,0,0
0.222378,0,0,0,0,0,0
0.223940,0,0,0,0,0,0
0.225505,0,0,0,0,0,0
0.227083,0,0,0,0,0,0
0.228645,0,0,0,0,0,0
0.230214,0,0,0,0,0,0
0.231777,0,0,0,0,0,0
0.233343,0,0,0,0,0,0
0.234907,0,0,0,0,0,0
0.236469,0,0,0,0,0,0
0.237936,0,0,0,0,0,0
0.239408,0,0,0,0,0,0
0.240807,0,0,0,0,0,0
0.242207,0,0,0,0,0,0
0.243602,0,0,0,0,0,0
0.244999,0,0,0,0,0,0
0.247216,0,0,0,0,0,0
0.249084,0,0,0,0,0,0
0.250539,0,0,0,0,0,0
0.251933,0,0,0,0,0,0
0.253326,0,0,0,0,0,0
0.254718,0,0,0,0,0,0
0.256110,0,0,0,0,0,0
0.257535,0,0,0,0,0,0
0.258936,0,0,0,0,0,0
0.260455,0,0,0,0,0,0
0.261880,0,0,0,0,0,0
0.263406,0,0,0,0,0,0
0.265028,0,0,0,0,0,0
0.266584,0,0,0,0,0,0
0.268139,0,0,0,0,0,0
0.269582,0,0,0,0,0,0
0.270981,0,0,0,0,0,0
0.273005,0,0,0,0,0,0
0.275236,0,0,0,0,0,0
0.276652,0,0,0,0,0,0
0.278053,0,0,0,0,0,0
0.279444,0,0,0,0,0,0
0.280846,0,0,0,0,0,0
0.282257,0,0,0,0,0,0
0.283654,0,0,0,0,0,0
0.285218,0,0,0,0,0,0
0.286831,0,0,0,0,0,0
0.288395,0,0,0,0,0,0
0.289962,0,0,0,0,0,0
0.291531,0,0,0,0,0,0
0.293208,0,0,0,0,0,0
0.294610,0,0,0,0,0,0
0.296008,0,0,0,0,0,0
0.297404,0,0,0,0,0,0
0.298935,0,0,0,0,0,0
0.300499,0,0,0,0,0,0
0.302172,0,0,0,0,0,0
0.303737,0,0,0,0,0,0
0.305308,0,0,0,0,0,0
0.306864,0,0,0,0,0,0
0.308419,0,0,0,0,0,0
0.309849,0,0,0,0,0,0
0.311386,0,0,0,0,0,0
0.312966,0,0,0,0,0,0
0.314533,0,0,0,0,0,0
0.316098,0,0,0,0,0,0
0.317709,0,0,0,0,0,0
0.319277,0,0,0,0,0,0
0.320842,0,0,0,0,0,0
0.322458,0,0,0,0,0,0
0.324034,0,0,0,0,0,0
0.325600,0,0,0,0,0,0
0.327165,0,0,0,0,0,0
0.328728,0,0,0,0,0,0
0.330298,0,0,0,0,0,0
0.331861,0,0,0,0,0,0
0.333469,0,0,0,0,0,0
0.335048,0,0,0,0,0,0
0.336612,0,0,0,0,0,0
0.338180,0,0,0,0,0,0
0.339744,0,0,0,0,0,0
0.341310,0,0,0,0,0,0
0.342875,0,0,0,0,0,0
0.344439,0,0,0,0,0,0
0.346015,0,0,0,0,0,0
0.347581,0,0,0,0,0,0
0.349191,0,0,0,0,0,0
0.350757,0,0,0,0,0,0
0.352320,0,0,0,0,0,0
0.353885,0,0,0,0,0,0
0.355449,0,0,0,0,0,0
0.357029,0,0,0,0,0,0
0.358592,0,0,0,0,0,0
0.360152,0,0,0,0,0,0
0.361716,0,0,0,0,0,0
0.363282,0,0,0,0,0,0
0.364845,0,0,0,0,0,0
0.366390,0,0,0,0,0,0
0.367801,0,0,0,0,0,0
0.369333,0,0,0,0,0,0
0.370899,0,0,0,0,0,0
0.372462,0,0,0,0,0,0
0.374028,0,0,0,0,0,0
0.375592,0,0,0,0,0,0
0.377157,0,0,0,0,0,0
0.378734,0,0,0,0,0,0
0.380297,0,0,0,0,0,0
0.381862,0,0,0,0,0,0
0.383427,0,0,0,0,0,0
0.384994,0,0,0,0,0,0
0.386559,0,0,0,0,0,0
0.388122,0,0,0,0,0,0
0.389700,0,0,0,0,0,0
0.391265,0,0,0,0,0,0
0.392828,0,0,0,0,0,0
0.394435,0,0,0,0,0,0
0.395998,0,0,0,0,0,0
0.397608,0,0,0,0,0,0
0.399041,0,0,0,0,0,0
0.400588,0,0,0,0,0,0
0.402158,0,0,0,0,0,0
0.403722,0,0,0,0,0,0
0.405288,0,0,0,0,0,0
0.406854,0,0,0,0,0,0
0.408419,0,0,0,0,0,0
0.409985,0,0,0,0,0,0
0.411553,0,0,0,0,0,0
0.413209,0,0,0,0,0,0
0.414608,0,0,0,0,0,0
0.416015,0,0,0,0,0,0
0.417553,0,0,0,0,0,0
0.419119,0,0,0,0,0,0
0.420682,0,0,0,0,0,0
0.422343,0,0,0,0,0,0
0.423910,0,0,0,0,0,0
0.425477,0,0,0,0,0,0
0.427044,0,0,0,0,0,0
0.428619,0,0,0,0,0,0
0.430236,0,0,0,0,0,0
0.431800,0,0,0,0,0,0
0.433381,0,0,0,0,0,0
0.434948,0,0,0,0,0,0
0.436513,0,0,0,0,0,0
0.438278,0,0,0,0,0,0
0.439698,0,0,0,0,0,0
0.441103,0,0,0,0,0,0
0.442543,0,0,0,0,0,0
0.443965,0,0,0,0,0,0
0.445411,0,0,0,0,0,0
0.446870,0,0,0,0,0,0
0.448269,0,0,0,0,0,0
0.449670,0,0,0,0,0,0
0.451199,0,0,0,0,0,0
0.452763,0,0,0,0,0,0
0.454346,0,0,0,0,0,0
0.455910,0,0,0,0,0,0
0.457478,0,0,0,0,0,0
0.459045,0,0,0,0,0,0
0.460610,0,0,0,0,0,0
0.462225,0,0,0,0,0,0
0.463789,0,0,0,0,0,0
0.465369,0,0,0,0,0,0
0.466936,0,0,0,0,0,0
0.468500,0,0,0,0,0,0
0.469936,0,0,0,0,0,0
0.471472,0,0,0,0,0,0
0.473040,0,0,0,0,0,0
0.474607,0,0,0,0,0,0
0.476183,0,0,0,0,0,0
0.477749,0,0,0,0,0,0
0.479315,0,0,0,0,0,0
0.480935,0,0,0,0,0,0
0.482489,0,0,0,0,0,0
0.484044,0,0,0,0,0,0
0.485471,0,0,0,0,0,0
0.486928,0,0,0,0,0,0
0.488461,0,0,0,0,0,0
0.490027,0,0,0,0,0,0
0.491592,0,0,0,0,0,0
0.493201,0,0,0,0,0,0
0.494767,0,0,0,0,0,0
0.496330,0,0,0,0,0,0
0.497910,0,0,0,0,0,0
0.499475,0,0,0,0,0,0
0.501042,0,0,0,0,0,0
0.502606,0,0,0,0,0,0
0.504170,0,0,0,0,0,0
0.505734,0,0,0,0,0,0
0.507300,0,0,0,0,0,0
0.508922,0,0,0,0,0,0
0.510487,0,0,0,0,0,0
0.512051,0,0,0,0,0,0
0.513618,0,0,0,0,0,0
0.515174,0,0,0,0,0,0
0.517030,0,0,0,0,0,0
0.518686,0,0,0,0,0,0
0.520100,0,0,0,0,0,0
0.521634,0,0,0,0,0,0
0.523198,0,0,0,0,0,0
0.524770,0,0,0,0,0,0
0.526180,0,0,0,0,0,0
0.527585,0,0,0,0,0,0
0.529116,0,0,0,0,0,0
0.530693,0,0,0,0,0,0
0.532255,0,0,0,0,0,0
0.533818,0,0,0,0,0,0
0.535382,0,0,0,0,0,0
0.536948,0,0,0,0,0,0
0.538512,0,0,0,0,0,0
0.540075,0,0,0,0,0,0
0.541697,0,0,0,0,0,0
0.543261,0,0,0,0,0,0
0.544823,0,0,0,0,0,0
0.546432,0,0,0,0,0,0
0.547995,0,0,0,0,0,0
0.549560,0,0,0,0,0,0
0.551125,0,0,0,0,0,0
0.552699,0,0,0,0,0,0
0.554317,0,0,0,0,0,0
0.555879,0,0,0,0,0,0
0.557488,0,0,0,0,0,0
0.559052,0,0,0,0,0,0
0.560613,0,0,0,0,0,0
0.562182,0,0,0,0,0,0
0.563757,0,0,0,0,0,0
0.565324,0,0,0,0,0,0
0.566888,0,0,0,0,0,0
0.568451,0,0,0,0,0,0
0.570015,0,0,0,0,0,0
0.571579,0,0,0,0,0,0
0.573191,0,0,0,0,0,0
0.574767,0,0,0,0,0,0
0.576329,0,0,0,0,0,0
0.577895,0,0,0,0,0,0
0.579459,0,0,0,0,0,0
0.581035,0,0,0,0,0,0
0.582497,0,0,0,0,0,0
0.584016,0,0,0,0,0,0
0.585427,0,0,0,0,0,0
0.586960,0,0,0,0,0,0
0.588525,0,0,0,0,0,0
0.590217,0,0,0,0,0,0
0.591780,0,0,0,0,0,0
0.593348,0,0,0,0,0,0
0.594914,0,0,0,0,0,0
0.596489,0,0,0,0,0,0
0.598054,0,0,0,0,0,0
0.599620,0,0,0,0,0,0
0.601188,0,0,0,0,0,0
0.602754,0,0,0,0,0,0
0.604318,0,0,0,0,0,0
0.605883,0,0,0,0,0,0
0.607461,0,0,0,0,0,0
0.609028,0,0,0,0,0,0
0.610594,0,0,0,0,0,0
0.612157,0,0,0,0,0,0
0.613614,0,0,0,0,0,0
0.615173,0,0,0,0,0,0
0.616610,0,0,0,0,0,0
0.618163,0,0,0,0,0,0
0.619718,0,0,0,0,0,0
0.621151,0,0,0,0,0,0
0.622688,0,0,0,0,0,0
0.624252,0,0,0,0,0,0
0.625819,0,0,0,0,0,0
0.627386,0,0,0,0,0,0
0.628967,0,0,0,0,0,0
0.630533,0,0,0,0,0,0
0.632099,0,0,0,0,0,0
0.633668,0,0,0,0,0,0
0.635234,0,0,0,0,0,0
0.636799,0,0,0,0,0,0
0.638416,0,0,0,0,0,0
0.639994,0,0,0,0,0,0
0.641563,0,0,0,0,0,0
0.643130,0,0,0,0,0,0
0.644694,0,0,0,0,0,0
0.646285,0,0,0,0,0,0
0.647851,0,0,0,0,0,0
0.649419,0,0,0,0,0,0
0.650998,0,0,0,0,0,0
0.652563,0,0,0,0,0,0
0.654178,0,0,0,0,0,0
0.655742,0,0,0,0,0,0
0.657310,0,0,0,0,0,0
0.658875,0,0,0,0,0,0
0.660440,0,0,0,0,0,0
0.662020,0,0,0,0,0,0
0.663587,0,0,0,0,0,0
0.665156,0,0,0,0,0,0
0.666722,0,0,0,0,0,0
0.668286,0,0,0,0,0,0
0.669855,0,0,0,0,0,0
0.671421,0,0,0,0,0,0
0.673003,0,0,0,0,0,0
0.674559,0,0,0,0,0,0
0.676113,0,0,0,0,0,0
0.677545,0,0,0,0,0,0
0.679082,0,0,0,0,0,0
0.680646,0,0,0,0,0,0
0.682218,0,0,0,0,0,0
0.683796,0,0,0,0,0,0
0.685407,0,0,0,0,0,0
0.686973,0,0,0,0,0,0
0.688539,0,0,0,0,0,0
0.690158,0,0,0,0,0,0
0.691724,0,0,0,0,0,0
0.693292,0,0,0,0,0,0
0.694872,0,0,0,0,0,0
0.696437,0,0,0,0,0,0
0.698003,0,0,0,0,0,0
0.699571,0,0,0,0,0,0
0.701182,0,0,0,0,0,0
0.702749,0,0,0,0,0,0
0.704314,0,0,0,0,0,0
0.705893,0,0,0,0,0,0
0.707462,0,0,0,0,0,0
0.709028,0,0,0,0,0,0
0.710594,0,0,0,0,0,0
0.712160,0,0,0,0,0,0
0.713726,0,0,0,0,0,0
0.715292,0,0,0,0,0,0
0.716916,0,0,0,0,0,0
0.718485,0,0,0,0,0,0
0.720049,0,0,0,0,0,0
0.721618,0,0,0,0,0,0
0.723175,0,0,0,0,0,0
0.724730,0,0,0,0,0,0
0.726139,0,0,0,0,0,0
0.727553,0,0,0,0,0,0
0.729085,0,0,0,0,0,0
0.730651,0,0,0,0,0,0
0.732214,0,0,0,0,0,0
0.733781,0,0,0,0,0,0
0.735347,0,0,0,0,0,0
0.736915,0,0,0,0,0,0
0.738494,0,0,0,0,0,0
0.740057,0,0,0,0,0,0
0.741624,0,0,0,0,0,0
0.743190,0,0,0,0,0,0
0.744755,0,0,0,0,0,0
0.746325,0,0,0,0,0,0
0.747888,0,0,0,0,0,0
0.749510,0,0,0,0,0,0
0.751075,0,0,0,0,0,0
0.752639,0,0,0,0,0,0
0.754208,0,0,0,0,0,0
0.755772,0,0,0,0,0,0
0.757340,0,0,0,0,0,0
0.758905,0,0,0,0,0,0
0.760482,0,0,0,0,0,0
0.762047,0,0,0,0,0,0
0.763613,0,0,0,0,0,0
0.765222,0,0,0,0,0,0
0.766788,0,0,0,0,0,0
0.768351,0,0,0,0,0,0
0.769790,0,0,0,0,0,0
0.771340,0,0,0,0,0,0
0.772908,0,0,0,0,0,0
0.774473,0,0,0,0,0,0
0.776036,0,0,0,0,0,0
0.777604,0,0,0,0,0,0
0.779169,0,0,0,0,0,0
0.780733,0,0,0,0,0,0
0.782363,0,0,0,0,0,0
0.783927,0,0,0,0,0,0
0.785493,0,0,0,0,0,0
0.787056,0,0,0,0,0,0
0.788517,0,0,0,0,0,0
0.789924,0,0,0,0,0,0
0.791455,0,0,0,0,0,0
0.793032,0,0,0,0,0,0
0.794598,0,0,0,0,0,0
0.796160,0,0,0,0,0,0
0.797726,0,0,0,0,0,0
0.799291,0,0,0,0,0,0
0.800853,0,0,0,0,0,0
0.802357,0,0,0,0,0,0
0.803769,0,0,0,0,0,0
0.805170,0,0,0,0,0,0
0.806567,0,0,0,0,0,0
0.807963,0,0,0,0,0,0
0.809360,0,0,0,0,0,0
0.810846,0,0,0,0,0,0
0.812408,0,0,0,0,0,0
0.813985,0,0,0,0,0,0
0.815547,0,0,0,0,0,0
0.816988,0,0,0,0,0,0
0.818529,0,0,0,0,0,0
0.820093,0,0,0,0,0,0
0.821661,0,0,0,0,0,0
0.823228,0,0,0,0,0,0
0.824807,0,0,0,0,0,0
0.826366,0,0,0,0,0,0
0.827922,0,0,0,0,0,0
0.829365,0,0,0,0,0,0
0.830789,0,0,0,0,0,0
0.832317,0,0,0,0,0,0
0.833749,0,0,0,0,0,0
0.835297,0,0,0,0,0,0
0.836918,0,0,0,0,0,0
0.838481,0,0,0,0,0,0
0.840046,0,0,0,0,0,0
0.841615,0,0,0,0,0,0
0.843179,0,0,0,0,0,0
0.844744,0,0,0,0,0,0
0.846375,0,0,0,0,0,0
0.847940,0,0,0,0,0,0
0.849509,0,0,0,0,0,0
0.851076,0,0,0,0,0,0
0.852640,0,0,0,0,0,0
0.854212,0,0,0,0,0,0
0.855776,0,0,0,0,0,0
0.857357,0,0,0,0,0,0
0.858924,0,0,0,0,0,0
0.860489,0,0,0,0,0,0
0.861922,0,0,0,0,0,0
0.863458,0,0,0,0,0,0
0.865025,0,0,0,0,0,0
0.866592,0,0,0,0,0,0
0.868170,0,0,0,0,0,0
0.869736,0,0,0,0,0,0
0.871302,0,0,0,0,0,0
0.872947,0,0,0,0,0,0
0.874510,0,0,0,0,0,0
0.876074,0,0,0,0,0,0
0.877687,0,0,0,0,0,0
0.879267,0,0,0,0,0,0
0.880832,0,0,0,0,0,0
0.882441,0,0,0,0,0,0
0.884005,0,0,0,0,0,0
0.885574,0,0,0,0,0,0
0.887142,0,0,0,0,0,0
0.888707,0,0,0,0,0,0
0.890340,0,0,0,0,0,0
0.891905,0,0,0,0,0,0
0.893552,0,0,0,0,0,0
0.895119,0,0,0,0,0,0
0.896683,0,0,0,0,0,0
0.898252,0,0,0,0,0,0
0.899817,0,0,0,0,0,0
0.901398,0,0,0,0,0,0
0.902966,0,0,0,0,0,0
0.904531,0,0,0,0,0,0
0.906156,0,0,0,0,0,0
0.907720,0,0,0,0,0,0
0.909333,0,0,0,0,0,0
0.910901,0,0,0,0,0,0
0.912350,0,0,0,0,0,0
0.913887,0,0,0,0,0,0
0.915455,0,0,0,0,0,0
0.917022,0,0,0,0,0,0
0.918591,0,0,0,0,0,0
0.920157,0,0,0,0,0,0
0.921722,0,0,0,0,0,0
0.923179,0,0,0,0,0,0
0.924717,0,0,0,0,0,0
0.926335,0,0,0,0,0,0
0.927900,0,0,0,0,0,0
0.929469,0,0,0,0,0,0
0.931026,0,0,0,0,0,0
0.932583,0,0,0,0,0,0
0.934129,0,0,0,0,0,0
0.935665,0,0,0,0,0,0
0.937236,0,0,0,0,0,0
0.938804,0,0,0,0,0,0
0.940369,0,0,0,0,0,0
0.941940,0,0,0,0,0,0
0.943507,0,0,0,0,0,0
0.945089,0,0,0,0,0,0
0.946657,0,0,0,0,0,0
0.948223,0,0,0,0,0,0
0.949790,0,0,0,0,0,0
0.951358,0,0,0,0,0,0
0.952927,0,0,0,0,0,0
0.954496,0,0,0,0,0,0
0.956073,0,0,0,0,0,0
0.957685,0,0,0,0,0,0
0.959253,0,0,0,0,0,0
0.960818,0,0,0,0,0,0
0.962431,0,0,0,0,0,0
0.963998,0,0,0,0,0,0
0.965576,0,0,0,0,0,0
0.967155,0,0,0,0,0,0
0.968719,0,0,0,0,0,0
0.970292,0,0,0,0,0,0
0.971858,0,0,0,0,0,0
0.973472,0,0,0,0,0,0
0.975040,0,0,0,0,0,0
0.976607,0,0,0,0,0,0
0.978064,0,0,0,0,0,0
0.979603,0,0,0,0,0,0
0.981175,0,0,0,0,0,0
0.982746,0,0,0,0,0,0
0.984315,0,0,0,0,0,0
0.985886,0,0,0,0,0,0
0.987458,0,0,0,0,0,0
0.989087,0,0,0,0,0,0
0.990658,0,0,0,0,0,0
0.992227,0,0,0,0,0,0
0.993796,0,0,0,0,0,0
0.995357,0,0,0,0,0,0
0.996986,0,0,0,0,0,0
0.998441,0,0,0,0,0,0
0.999893,0,0,0,0,0,0
1.001429,0,0,0,0,0,0
1.002998,0,0,0,0,0,0
1.004566,0,0,0,0,0,0
1.006182,0,0,0,0,0,0
1.007748,0,0,0,0,0,0
1.009317,0,0,0,0,0,0
1.010900,0,0,0,0,0,0
1.012466,0,0,0,0,0,0
1.014034,0,0,0,0,0,0
1.015602,0,0,0,0,0,0
1.017069,0,0,0,0,0,0
1.018613,0,0,0,0,0,0
1.020180,0,0,0,0,0,0
1.021634,0,0,0,0,0,0
1.023174,0,0,0,0,0,0
1.024741,0,0,0,0,0,0
1.026330,0,0,0,0,0,0
1.027902,0,0,0,0,0,0
1.029345,0,0,0,0,0,0
1.030889,0,0,0,0,0,0
1.032341,0,0,0,0,0,0
1.033883,0,0,0,0,0,0
1.035454,0,0,0,0,0,0
1.037070,0,0,0,0,0,0
1.038641,0,0,0,0,0,0
1.040210,0,0,0,0,0,0
1.041781,0,0,0,0,0,0
1.043365,0,0,0,0,0,0
1.044939,0,0,0,0,0,0
1.046511,0,0,0,0,0,0
1.048080,0,0,0,0,0,0
1.049652,0,0,0,0,0,0
1.051225,0,0,0,0,0,0
1.052793,0,0,0,0,0,0
1.054430,0,0,0,0,0,0
1.055999,0,0,0,0,0,0
1.057572,0,0,0,0,0,0
1.059144,0,0,0,0,0,0
1.060713,0,0,0,0,0,0
1.062290,0,0,0,0,0,0
1.063859,0,0,0,0,0,0
1.065487,0,0,0,0,0,0
1.067019,0,0,0,0,0,0
1.068446,0,0,0,0,0,0
1.069852,0,0,0,0,0,0
1.071256,0,0,0,0,0,0
1.072659,0,0,0,0,0,0
1.074065,0,0,0,0,0,0
1.075607,0,0,0,0,0,0
1.077180,0,0,0,0,0,0
1.079172,0,0,0,0,0,0
1.081093,0,0,0,0,0,0
1.082548,0,0,0,0,0,0
1.083955,0,0,0,0,0,0
1.085404,0,0,0,0,0,0
1.086818,0,0,0,0,0,0
1.088220,0,0,0,0,0,0
1.089600,0,0,0,0,0,0
1.091134,0,0,0,0,0,0
1.092582,0,0,0,0,0,0
1.094151,0,0,0,0,0,0
1.095721,0,0,0,0,0,0
1.097305,0,0,0,0,0,0
1.098877,0,0,0,0,0,0
1.100447,0,0,0,0,0,0
1.102019,0,0,0,0,0,0
1.103591,0,0,0,0,0,0
1.105162,0,0,0,0,0,0
1.106680,0,0,0,0,0,0
1.108104,0,0,0,0,0,0
1.109511,0,0,0,0,0,0
1.110914,0,0,0,0,0,0
1.112316,0,0,0,0,0,0
1.113726,0,0,0,0,0,0
1.115265,0,0,0,0,0,0
1.116834,0,0,0,0,0,0
1.118335,0,0,0,0,0,0
1.119742,0,0,0,0,0,0
1.121280,0,0,0,0,0,0
1.122851,0,0,0,0,0,0
1.124420,0,0,0,0,0,0
1.125990,0,0,0,0,0,0
1.127562,0,0,0,0,0,0
1.129147,0,0,0,0,0,0
1.130718,0,0,0,0,0,0
1.132287,0,0,0,0,0,0
1.133859,0,0,0,0,0,0
1.135431,0,0,0,0,0,0
1.137003,0,0,0,0,0,0
1.138574,0,0,0,0,0,0
1.140156,0,0,0,0,0,0
1.141729,0,0,0,0,0,0
1.143300,0,0,0,0,0,0
1.144937,0,0,0,0,0,0
1.146573,0,0,0,0,0,0
1.148143,0,0,0,0,0,0
1.149715,0,0,0,0,0,0
1.151299,0,0,0,0,0,0
1.152924,0,0,0,0,0,0
1.154491,0,0,0,0,0,0
1.156060,0,0,0,0,0,0
1.160992,0,0,0,0,0,0
1.165039,0,0,0,0,0,0
1.166443,0,0,0,0,0,0
1.167818,0,0,0,0,0,0
1.169180,0,0,0,0,0,0
1.170536,0,0,0,0,0,0
1.171890,0,0,0,0,0,0
1.173244,0,0,0,0,0,0
1.174598,0,0,0,0,0,0
1.175966,0,0,0,0,0,0
1.177322,0,0,0,0,0,0
1.178675,0,0,0,0,0,0
1.180028,0,0,0,0,0,0
1.181519,0,0,0,0,0,0
1.183102,0,0,0,0,0,0
1.184670,0,0,0,0,0,0
1.186128,0,0,0,0,0,0
1.187655,0,0,0,0,0,0
1.189084,0,0,0,0,0,0
1.190618,0,0,0,0,0,0
1.192183,0,0,0,0,0,0
1.193748,0,0,0,0,0,0
1.195313,0,0,0,0,0,0
1.196761,0,0,0,0,0,0
1.198348,0,0,0,0,0,0
1.199948,0,0,0,0,0,0
1.201516,0,0,0,0,0,0
1.203082,0,0,0,0,0,0
1.204646,0,0,0,0,0,0
1.206218,0,0,0,0,0,0
1.207795,0,0,0,0,0,0
1.209362,0,0,0,0,0,0
1.210928,0,0,0,0,0,0
1.212491,0,0,0,0,0,0
1.213927,0,0,0,0,0,0
1.215462,0,0,0,0,0,0
1.217181,0,0,0,0,0,0
1.218691,0,0,0,0,0,0
1.220097,0,0,0,0,0,0
1.221630,0,0,0,0,0,0
1.223196,0,0,0,0,0,0
1.224761,0,0,0,0,0,0
1.226332,0,0,0,0,0,0
1.227896,0,0,0,0,0,0
1.229519,0,0,0,0,0,0
1.231085,0,0,0,0,0,0
1.232651,0,0,0,0,0,0
1.234232,0,0,0,0,0,0
1.235797,0,0,0,0,0,0
1.237365,0,0,0,0,0,0
1.238931,0,0,0,0,0,0
1.240508,0,0,0,0,0,0
1.242137,0,0,0,0,0,0
1.243712,0,0,0,0,0,0
1.245322,0,0,0,0,0,0
1.246889,0,0,0,0,0,0
1.248452,0,0,0,0,0,0
1.250018,0,0,0,0,0,0
1.251469,0,0,0,0,0,0
1.253011,0,0,0,0,0,0
1.254581,0,0,0,0,0,0
1.256149,0,0,0,0,0,0
1.257720,0,0,0,0,0,0
1.259289,0,0,0,0,0,0
1.261005,0,0,0,0,0,0
1.262429,0,0,0,0,0,0
1.263835,0,0,0,0,0,0
1.265244,0,0,0,0,0,0
1.266782,0,0,0,0,0,0
1.268351,0,0,0,0,0,0
1.269923,0,0,0,0,0,0
1.271495,0,0,0,0,0,0
1.273080,0,0,0,0,0,0
1.274652,0,0,0,0,0,0
1.276222,0,0,0,0,0,0
1.277794,0,0,0,0,0,0
1.279365,0,0,0,0,0,0
1.280938,0,0,0,0,0,0
1.282510,0,0,0,0,0,0
1.284092,0,0,0,0,0,0
1.285666,0,0,0,0,0,0
1.287238,0,0,0,0,0,0
1.288808,0,0,0,0,0,0
1.290380,0,0,0,0,0,0
1.291949,0,0,0,0,0,0
1.293566,0,0,0,0,0,0
1.295151,0,0,0,0,0,0
1.296719,0,0,0,0,0,0
1.298296,0,0,0,0,0,0
1.299865,0,0,0,0,0,0
1.301439,0,0,0,0,0,0
1.303010,0,0,0,0,0,0
1.304579,0,0,0,0,0,0
1.306038,0,0,0,0,0,0
1.307578,0,0,0,0,0,0
1.309194,0,0,0,0,0,0
1.310766,0,0,0,0,0,0
1.312335,0,0,0,0,0,0
1.313906,0,0,0,0,0,0
1.315468,0,0,0,0,0,0
1.317225,0,0,0,0,0,0
1.318662,0,0,0,0,0,0
1.320200,0,0,0,0,0,0
1.321771,0,0,0,0,0,0
1.323343,0,0,0,0,0,0
1.324959,0,0,0,0,0,0
1.326531,0,0,0,0,0,0
1.328114,0,0,0,0,0,0
1.329687,0,0,0,0,0,0
1.331259,0,0,0,0,0,0
1.332829,0,0,0,0,0,0
1.334444,0,0,0,0,0,0
1.336013,0,0,0,0,0,0
1.337587,0,0,0,0,0,0
1.339171,0,0,0,0,0,0
1.340740,0,0,0,0,0,0
1.342364,0,0,0,0,0,0
1.343932,0,0,0,0,0,0
1.345507,0,0,0,0,0,0
1.347069,0,0,0,0,0,0
1.348628,0,0,0,0,0,0
1.350371,0,0,0,0,0,0
1.351952,0,0,0,0,0,0
1.353523,0,0,0,0,0,0
1.355094,0,0,0,0,0,0
1.356661,0,0,0,0,0,0
1.358280,0,0,0,0,0,0
1.359848,0,0,0,0,0,0
1.361439,0,0,0,0,0,0
1.363009,0,0,0,0,0,0
1.364577,0,0,0,0,0,0
1.366151,0,0,0,0,0,0
1.367743,0,0,0,0,0,0
1.369316,0,0,0,0,0,0
1.370885,0,0,0,0,0,0
1.372464,0,0,0,0,0,0
1.374036,0,0,0,0,0,0
1.375606,0,0,0,0,0,0
1.377176,0,0,0,0,0,0
1.378743,0,0,0,0,0,0
1.380310,0,0,0,0,0,0
1.381880,0,0,0,0,0,0
1.383464,0,0,0,0,0,0
1.385034,0,0,0,0,0,0
1.386605,0,0,0,0,0,0
1.388172,0,0,0,0,0,0
1.389743,0,0,0,0,0,0
1.391313,0,0,0,0,0,0
1.392968,0,0,0,0,0,0
1.394379,0,0,0,0,0,0
1.395787,0,0,0,0,0,0
1.397323,0,0,0,0,0,0
1.398894,0,0,0,0,0,0
1.400462,0,0,0,0,0,0
1.402032,0,0,0,0,0,0
1.403601,0,0,0,0,0,0
1.405227,0,0,0,0,0,0
1.406798,0,0,0,0,0,0
1.408366,0,0,0,0,0,0
1.409937,0,0,0,0,0,0
1.411506,0,0,0,0,0,0
1.413078,0,0,0,0,0,0
1.414648,0,0,0,0,0,0
1.416229,0,0,0,0,0,0
1.417826,0,0,0,0,0,0
1.419371,0,0,0,0,0,0
1.420998,0,0,0,0,0,0
1.423268,0,0,0,0,0,0
1.425077,0,0,0,0,0,0
1.426571,0,0,0,0,0,0
1.427977,0,0,0,0,0,0
1.429376,0,0,0,0,0,0
1.431807,0,0,0,0,0,0
1.433397,0,0,0,0,0,0
1.434843,0,0,0,0,0,0
1.436365,0,0,0,0,0,0
1.437781,0,0,0,0,0,0
1.439179,0,0,0,0,0,0
1.440574,0,0,0,0,0,0
1.442205,0,0,0,0,0,0
1.443611,0,0,0,0,0,0
1.445043,0,0,0,0,0,0
1.446599,0,0,0,0,0,0
1.448129,0,0,0,0,0,0
1.449759,0,0,0,0,0,0
1.451437,0,0,0,0,0,0
1.453090,0,0,0,0,0,0
1.455554,0,0,0,0,0,0
1.457400,0,0,0,0,0,0
1.459146,0,0,0,0,0,0
1.461229,0,0,0,0,0,0
1.462908,0,0,0,0,0,0
1.464455,0,0,0,0,0,0
1.465905,0,0,0,0,0,0
1.467461,0,0,0,0,0,0
1.468961,0,0,0,0,0,0
1.470313,0,0,0,0,0,0
1.471656,0,0,0,0,0,0
1.472985,0,0,0,0,0,0
1.474313,0,0,0,0,0,0
1.475640,0,0,0,0,0,0
1.476967,0,0,0,0,0,0
1.478294,0,0,0,0,0,0
1.479729,0,0,0,0,0,0
1.481083,0,0,0,0,0,0
1.482413,0,0,0,0,0,0
1.483740,0,0,0,0,0,0
1.485086,0,0,0,0,0,0
1.486518,0,0,0,0,0,0
1.487918,0,0,0,0,0,0
1.489313,0,0,0,0,0,0
1.490718,0,0,0,0,0,0
1.492489,0,0,0,0,0,0
1.494169,0,0,0,0,0,0
1.495637,0,0,0,0,0,0
1.497033,0,0,0,0,0,0
1.498428,0,0,0,0,0,0
1.499822,0,0,0,0,0,0
1.501230,0,0,0,0,0,0
1.502633,0,0,0,0,0,0
1.504076,0,0,0,0,0,0
1.505482,0,0,0,0,0,0
1.506875,0,0,0,0,0,0
1.508269,0,0,0,0,0,0
1.509665,0,0,0,0,0,0
1.511099,0,0,0,0,0,0
1.512509,0,0,0,0,0,0
1.513908,0,0,0,0,0,0
1.515307,0,0,0,0,0,0
1.516706,0,0,0,0,0,0
1.518176,0,0,0,0,0,0
1.519762,0,0,0,0,0,0
1.521331,0,0,0,0,0,0
1.522785,0,0,0,0,0,0
1.524369,0,0,0,0,0,0
1.525860,0,0,0,0,0,0
1.527439,0,0,0,0,0,0
1.529063,0,0,0,0,0,0
1.530710,0,0,0,0,0,0
1.532325,0,0,0,0,0,0
1.533954,0,0,0,0,0,0
1.535570,0,0,0,0,0,0
1.537188,0,0,0,0,0,0
1.538805,0,0,0,0,0,0
1.540421,0,0,0,0,0,0
1.542037,0,0,0,0,0,0
1.543654,0,0,0,0,0,0
1.545285,0,0,0,0,0,0
1.546900,0,0,0,0,0,0
1.548512,0,0,0,0,0,0
1.550290,0,0,0,0,0,0
1.551903,0,0,0,0,0,0
1.553519,0,0,0,0,0,0
1.555133,0,0,0,0,0,0
1.556758,0,0,0,0,0,0
1.558378,0,0,0,0,0,0
1.559992,0,0,0,0,0,0
1.561610,0,0,0,0,0,0
1.563225,0,0,0,0,0,0
1.564840,0,0,0,0,0,0
1.566396,0,0,0,0,0,0
1.567852,0,0,0,0,0,0
1.569437,0,0,0,0,0,0
1.571052,0,0,0,0,0,0
1.572665,0,0,0,0,0,0
1.574291,0,0,0,0,0,0
1.575905,0,0,0,0,0,0
1.577520,0,0,0,0,0,0
1.579147,0,0,0,0,0,0
1.580761,0,0,0,0,0,0
1.582433,0,0,0,0,0,0
1.584047,0,0,0,0,0,0
1.585664,0,0,0,0,0,0
1.587278,0,0,0,0,0,0
1.588894,0,0,0,0,0,0
1.590522,0,0,0,0,0,0
1.592135,0,0,0,0,0,0
1.593750,0,0,0,0,0,0
1.595365,0,0,0,0,0,0
1.597030,0,0,0,0,0,0
1.598647,0,0,0,0,0,0
1.600260,0,0,0,0,0,0
1.601888,0,0,0,0,0,0
1.603502,0,0,0,0,0,0
1.605119,0,0,0,0,0,0
1.606734,0,0,0,0,0,0
1.608347,0,0,0,0,0,0
1.609961,0,0,0,0,0,0
1.611576,0,0,0,0,0,0
1.613256,0,0,0,0,0,0
1.614870,0,0,0,0,0,0
1.616484,0,0,0,0,0,0
1.618260,0,0,0,0,0,0
1.619853,0,0,0,0,0,0
1.621470,0,0,0,0,0,0
1.623085,0,0,0,0,0,0
1.624711,0,0,0,0,0,0
1.626330,0,0,0,0,0,0
1.627943,0,0,0,0,0,0
1.629609,0,0,0,0,0,0
1.631225,0,0,0,0,0,0
1.632837,0,0,0,0,0,0
1.634504,0,0,0,0,0,0
1.636296,0,0,0,0,0,0
1.637904,0,0,0,0,0,0
1.639513,0,0,0,0,0,0
1.641123,0,0,0,0,0,0
1.642735,0,0,0,0,0,0
1.644345,0,0,0,0,0,0
1.645959,0,0,0,0,0,0
1.647581,0,0,0,0,0,0
1.649186,0,0,0,0,0,0
1.650797,0,0,0,0,0,0
1.652409,0,0,0,0,0,0
1.654023,0,0,0,0,0,0
1.655637,0,0,0,0,0,0
1.657253,0,0,0,0,0,0
1.658878,0,0,0,0,0,0
1.660357,0,0,0,0,0,0
1.661949,0,0,0,0,0,0
1.663567,0,0,0,0,0,0
1.665185,0,0,0,0,0,0
1.666803,0,0,0,0,0,0
1.668417,0,0,0,0,0,0
1.669910,0,0,0,0,0,0
1.671498,0,0,0,0,0,0
1.673117,0,0,0,0,0,0
1.674734,0,0,0,0,0,0
1.676348,0,0,0,0,0,0
1.677966,0,0,0,0,0,0
1.679582,0,0,0,0,0,0
1.681216,0,0,0,0,0,0
1.682834,0,0,0,0,0,0
1.684448,0,0,0,0,0,0
1.686064,0,0,0,0,0,0
1.687682,0,0,0,0,0,0
1.689299,0,0,0,0,0,0
1.690916,0,0,0,0,0,0
1.692407,0,0,0,0,0,0
1.693998,0,0,0,0,0,0
1.695615,0,0,0,0,0,0
1.697232,0,0,0,0,0,0
1.698838,0,0,0,0,0,0
1.700442,0,0,0,0,0,0
1.701914,0,0,0,0,0,0
1.703513,0,0,0,0,0,0
1.705130,0,0,0,0,0,0
1.706746,0,0,0,0,0,0
1.708359,0,0,0,0,0,0
1.709976,0,0,0,0,0,0
1.711592,0,0,0,0,0,0
1.713209,0,0,0,0,0,0
1.714840,0,0,0,0,0,0
1.716452,0,0,0,0,0,0
1.717928,0,0,0,0,0,0
1.719513,0,0,0,0,0,0
1.721129,0,0,0,0,0,0
1.722744,0,0,0,0,0,0
1.724359,0,0,0,0,0,0
1.725988,0,0,0,0,0,0
1.727604,0,0,0,0,0,0
1.729220,0,0,0,0,0,0
1.730835,0,0,0,0,0,0
1.732448,0,0,0,0,0,0
1.734062,0,0,0,0,0,0
1.735677,0,0,0,0,0,0
1.737307,0,0,0,0,0,0
1.738923,0,0,0,0,0,0
1.740537,0,0,0,0,0,0
1.742310,0,0,0,0,0,0
1.743924,0,0,0,0,0,0
1.745541,0,0,0,0,0,0
1.747156,0,0,0,0,0,0
1.748645,0,0,0,0,0,0
1.750207,0,0,0,0,0,0
1.751820,0,0,0,0,0,0
1.753437,0,0,0,0,0,0
1.755052,0,0,0,0,0,0
1.756665,0,0,0,0,0,0
1.758334,0,0,0,0,0,0
1.759961,0,0,0,0,0,0
1.761578,0,0,0,0,0,0
1.763193,0,0,0,0,0,0
1.764806,0,0,0,0,0,0
1.766422,0,0,0,0,0,0
1.768036,0,0,0,0,0,0
1.769653,0,0,0,0,0,0
1.771291,0,0,0,0,0,0
1.772961,0,0,0,0,0,0
1.774577,0,0,0,0,0,0
1.776190,0,0,0,0,0,0
1.777805,0,0,0,0,0,0
1.779421,0,0,0,0,0,0
1.781055,0,0,0,0,0,0
1.782679,0,0,0,0,0,0
1.784293,0,0,0,0,0,0
1.785908,0,0,0,0,0,0
1.787536,0,0,0,0,0,0
1.789087,0,0,0,0,0,0
1.790677,0,0,0,0,0,0
1.792290,0,0,0,0,0,0
1.793919,0,0,0,0,0,0
1.795534,0,0,0,0,0,0
1.797151,0,0,0,0,0,0
1.798766,0,0,0,0,0,0
1.800377,0,0,0,0,0,0
1.801992,0,0,0,0,0,0
1.803607,0,0,0,0,0,0
1.805156,0,0,0,0,0,0
1.806745,0,0,0,0,0,0
1.808358,0,0,0,0,0,0
1.809973,0,0,0,0,0,0
1.811589,0,0,0,0,0,0
1.813206,0,0,0,0,0,0
1.814822,0,0,0,0,0,0
1.816487,0,0,0,0,0,0
1.818212,0,0,0,0,0,0
1.819745,0,0,0,0,0,0
1.821388,0,0,0,0,0,0
1.823005,0,0,0,0,0,0
1.824619,0,0,0,0,0,0
1.826240,0,0,0,0,0,0
1.827767,0,0,0,0,0,0
1.829401,0,0,0,0,0,0
1.831018,0,0,0,0,0,0
1.832633,0,0,0,0,0,0
1.834254,0,0,0,0,0,0
1.835868,0,0,0,0,0,0
1.837534,0,0,0,0,0,0
1.839164,0,0,0,0,0,0
1.840780,0,0,0,0,0,0
1.842401,0,0,0,0,0,0
1.844017,0,0,0,0,0,0
1.845636,0,0,0,0,0,0
1.847253,0,0,0,0,0,0
1.848942,0,0,0,0,0,0
1.850636,0,0,0,0,0,0
1.852250,0,0,0,0,0,0
1.853867,0,0,0,0,0,0
1.855486,0,0,0,0,0,0
1.857104,0,0,0,0,0,0
1.858711,0,0,0,0,0,0
1.860315,0,0,0,0,0,0
1.861804,0,0,0,0,0,0
1.863391,0,0,0,0,0,0
1.865009,0,0,0,0,0,0
1.866626,0,0,0,0,0,0
1.868240,0,0,0,0,0,0
1.869858,0,0,0,0,0,0
1.871475,0,0,0,0,0,0
1.873104,0,0,0,0,0,0
1.874719,0,0,0,0,0,0
1.876332,0,0,0,0,0,0
1.877948,0,0,0,0,0,0
1.879560,0,0,0,0,0,0
1.881177,0,0,0,0,0,0
1.882793,0,0,0,0,0,0
1.884418,0,0,0,0,0,0
1.886034,0,0,0,0,0,0
1.887648,0,0,0,0,0,0
1.889265,0,0,0,0,0,0
1.890880,0,0,0,0,0,0
1.892492,0,0,0,0,0,0
1.894182,0,0,0,0,0,0
1.895808,0,0,0,0,0,0
1.897423,0,0,0,0,0,0
1.899038,0,0,0,0,0,0
1.900651,0,0,0,0,0,0
1.902320,0,0,0,0,0,0
1.903932,0,0,0,0,0,0
1.905559,0,0,0,0,0,0
1.907187,0,0,0,0,0,0
1.908799,0,0,0,0,0,0
1.910419,0,0,0,0,0,0
1.912032,0,0,0,0,0,0
1.913649,0,0,0,0,0,0
1.915282,0,0,0,0,0,0
1.916946,0,0,0,0,0,0
1.918439,0,0,0,0,0,0
1.920024,0,0,0,0,0,0
1.921640,0,0,0,0,0,0
1.923255,0,0,0,0,0,0
1.924968,0,0,0,0,0,0
1.926472,0,0,0,0,0,0
1.927917,0,0,0,0,0,0
1.929510,0,0,0,0,0,0
1.931125,0,0,0,0,0,0
1.932738,0,0,0,0,0,0
1.934408,0,0,0,0,0,0
1.936023,0,0,0,0,0,0
1.937640,0,0,0,0,0,0
1.939256,0,0,0,0,0,0
1.940966,0,0,0,0,0,0
1.942649,0,0,0,0,0,0
1.944262,0,0,0,0,0,0
1.945875,0,0,0,0,0,0
1.947358,0,0,0,0,0,0
1.949684,0,0,0,0,0,0
1.951318,0,0,0,0,0,0
1.952934,0,0,0,0,0,0
1.954549,0,0,0,0,0,0
1.956162,0,0,0,0,0,0
1.957776,0,0,0,0,0,0
1.959392,0,0,0,0,0,0
1.961287,0,0,0,0,0,0
1.962918,0,0,0,0,0,0
1.964531,0,0,0,0,0,0
1.966154,0,0,0,0,0,0
1.967740,0,0,0,0,0,0
1.969358,0,0,0,0,0,0
1.970973,0,0,0,0,0,0
1.972587,0,0,0,0,0,0
1.974082,0,0,0,0,0,0
1.975668,0,0,0,0,0,0
1.977285,0,0,0,0,0,0
1.978902,0,0,0,0,0,0
1.980515,0,0,0,0,0,0
1.982273,0,0,0,0,0,0
1.983886,0,0,0,0,0,0
1.985515,0,0,0,0,0,0
1.987131,0,0,0,0,0,0
1.988746,0,0,0,0,0,0
1.990366,0,0,0,0,0,0
1.991980,0,0,0,0,0,0
1.993598,0,0,0,0,0,0
1.995214,0,0,0,0,0,0
1.996840,0,0,0,0,0,0
1.998330,0,0,0,0,0,0
1.999917,0,0,0,0,0,0
