elapsed_s,TSE_BE_CLIP_PLANES,TSE_BE_EMPTY_BBOX_KILLED_PRIM,TSE_BE_ST1_VP_PARAMS_CACHE_MISS,TSE_BE_ST2_VPORT_VP_PARAMS_CACHE_MISS
0.001113,0,0,0,0
0.002667,0,0,0,0
0.004163,0,0,0,0
0.005646,0,0,0,0
0.007127,0,0,0,0
0.008609,0,0,0,0
0.010103,0,0,0,0
0.011584,0,0,0,0
0.013141,0,0,0,0
0.014692,0,0,0,0
0.016171,0,0,0,0
0.017650,0,0,0,0
0.019131,0,0,0,0
0.020642,0,0,0,0
0.022124,0,0,0,0
0.023604,0,0,0,0
0.025111,0,0,0,0
0.026591,0,0,0,0
0.028230,0,0,0,0
0.029755,0,0,0,0
0.031242,0,0,0,0
0.032700,0,0,0,0
0.034160,0,0,0,0
0.035617,0,0,0,0
0.037233,0,0,0,0
0.038691,0,0,0,0
0.040149,0,0,0,0
0.041613,0,0,0,0
0.043068,0,0,0,0
0.045201,0,0,0,0
0.046703,0,0,0,0
0.048210,0,0,0,0
0.049783,0,0,0,0
0.051357,0,0,0,0
0.052970,0,0,0,0
0.054544,0,0,0,0
0.056116,0,0,0,0
0.057561,0,0,0,0
0.059126,0,0,0,0
0.060696,0,0,0,0
0.062227,0,0,0,0
0.063757,0,0,0,0
0.065287,0,0,0,0
0.066814,0,0,0,0
0.068339,0,0,0,0
0.069865,0,0,0,0
0.071390,0,0,0,0
0.072936,0,0,0,0
0.074468,0,0,0,0
0.075995,0,0,0,0
0.077442,0,0,0,0
0.078821,0,0,0,0
0.080256,0,0,0,0
0.081629,0,0,0,0
0.082996,0,0,0,0
0.084364,0,0,0,0
0.085734,0,0,0,0
0.087100,0,0,0,0
0.088515,0,0,0,0
0.089881,0,0,0,0
0.091297,0,0,0,0
0.092666,0,0,0,0
0.094092,0,0,0,0
0.095497,0,0,0,0
0.096986,0,0,0,0
0.098443,0,0,0,0
0.099896,0,0,0,0
0.101350,0,0,0,0
0.102806,0,0,0,0
0.104259,0,0,0,0
0.105709,0,0,0,0
0.106901,0,0,0,0
0.108310,0,0,0,0
0.109735,0,0,0,0
0.111038,0,0,0,0
0.112468,0,0,0,0
0.113855,0,0,0,0
0.115240,0,0,0,0
0.116627,0,0,0,0
0.118018,0,0,0,0
0.119401,0,0,0,0
0.120989,0,0,0,0
0.122382,0,0,0,0
0.123726,0,0,0,0
0.125065,0,0,0,0
0.126476,0,0,0,0
0.127893,0,0,0,0
0.129301,0,0,0,0
0.130696,0,0,0,0
0.132087,0,0,0,0
0.133433,0,0,0,0
0.134772,0,0,0,0
0.136175,0,0,0,0
0.137692,0,0,0,0
0.139056,0,0,0,0
0.140425,0,0,0,0
0.141819,0,0,0,0
0.143159,0,0,0,0
0.144499,0,0,0,0
0.145837,0,0,0,0
0.147176,0,0,0,0
0.148515,0,0,0,0
0.149851,0,0,0,0
0.151243,0,0,0,0
0.152601,0,0,0,0
0.153984,0,0,0,0
0.155321,0,0,0,0
0.156662,0,0,0,0
0.158020,0,0,0,0
0.159438,0,0,0,0
0.160961,0,0,0,0
0.162533,0,0,0,0
0.164052,0,0,0,0
0.165624,0,0,0,0
0.167174,0,0,0,0
0.168727,0,0,0,0
0.170280,0,0,0,0
0.171835,0,0,0,0
0.173446,0,0,0,0
0.174998,0,0,0,0
0.176550,0,0,0,0
0.178102,0,0,0,0
0.179654,0,0,0,0
0.181246,0,0,0,0
0.182789,0,0,0,0
0.184229,0,0,0,0
0.185748,0,0,0,0
0.187298,0,0,0,0
0.188848,0,0,0,0
0.190398,0,0,0,0
0.191951,0,0,0,0
0.193501,0,0,0,0
0.196284,0,0,0,0
0.197671,0,0,0,0
0.199114,0,0,0,0
0.200508,0,0,0,0
0.201895,0,0,0,0
0.203280,0,0,0,0
0.204667,0,0,0,0
0.206106,0,0,0,0
0.207620,0,0,0,0
0.209176,0,0,0,0
0.210726,0,0,0,0
0.212278,0,0,0,0
0.213830,0,0,0,0
0.215380,0,0,0,0
0.216910,0,0,0,0
0.218427,0,0,0,0
0.219897,0,0,0,0
0.221372,0,0,0,0
0.222765,0,0,0,0
0.224151,0,0,0,0
0.225531,0,0,0,0
0.226921,0,0,0,0
0.228300,0,0,0,0
0.229678,0,0,0,0
0.231057,0,0,0,0
0.232435,0,0,0,0
0.233812,0,0,0,0
0.235189,0,0,0,0
0.236566,0,0,0,0
0.238002,0,0,0,0
0.239358,0,0,0,0
0.240712,0,0,0,0
0.242066,0,0,0,0
0.243420,0,0,0,0
0.244830,0,0,0,0
0.246184,0,0,0,0
0.247534,0,0,0,0
0.248923,0,0,0,0
0.250276,0,0,0,0
0.251630,0,0,0,0
0.253075,0,0,0,0
0.254452,0,0,0,0
0.255807,0,0,0,0
0.257148,0,0,0,0
0.258488,0,0,0,0
0.259836,0,0,0,0
0.261177,0,0,0,0
0.262518,0,0,0,0
0.263988,0,0,0,0
0.265328,0,0,0,0
0.266667,0,0,0,0
0.268007,0,0,0,0
0.269375,0,0,0,0
0.270792,0,0,0,0
0.272202,0,0,0,0
0.273504,0,0,0,0
0.274805,0,0,0,0
0.276214,0,0,0,0
0.277629,0,0,0,0
0.279045,0,0,0,0
0.280462,0,0,0,0
0.281783,0,0,0,0
0.283147,0,0,0,0
0.284557,0,0,0,0
0.285934,0,0,0,0
0.287296,0,0,0,0
0.288935,0,0,0,0
0.290340,0,0,0,0
0.291745,0,0,0,0
0.293148,0,0,0,0
0.294808,0,0,0,0
0.297218,0,0,0,0
0.299524,0,0,0,0
0.300960,0,0,0,0
0.302392,0,0,0,0
0.303815,0,0,0,0
0.305096,0,0,0,0
0.306450,0,0,0,0
0.307803,0,0,0,0
0.309154,0,0,0,0
0.310501,0,0,0,0
0.312005,0,0,0,0
0.313443,0,0,0,0
0.314823,0,0,0,0
0.316169,0,0,0,0
0.317525,0,0,0,0
0.318909,0,0,0,0
0.320288,0,0,0,0
0.321667,0,0,0,0
0.323045,0,0,0,0
0.324424,0,0,0,0
0.325810,0,0,0,0
0.327186,0,0,0,0
0.328563,0,0,0,0
0.329940,0,0,0,0
0.331320,0,0,0,0
0.332700,0,0,0,0
0.334079,0,0,0,0
0.335458,0,0,0,0
0.336903,0,0,0,0
0.338290,0,0,0,0
0.339677,0,0,0,0
0.341100,0,0,0,0
0.342478,0,0,0,0
0.343977,0,0,0,0
0.345530,0,0,0,0
0.347092,0,0,0,0
0.348517,0,0,0,0
0.350030,0,0,0,0
0.351615,0,0,0,0
0.353351,0,0,0,0
0.354912,0,0,0,0
0.356467,0,0,0,0
0.357908,0,0,0,0
0.359430,0,0,0,0
0.360986,0,0,0,0
0.362537,0,0,0,0
0.364090,0,0,0,0
0.365687,0,0,0,0
0.367237,0,0,0,0
0.368802,0,0,0,0
0.370344,0,0,0,0
0.371933,0,0,0,0
0.373482,0,0,0,0
0.375031,0,0,0,0
0.376581,0,0,0,0
0.378131,0,0,0,0
0.379764,0,0,0,0
0.381293,0,0,0,0
0.382683,0,0,0,0
0.384212,0,0,0,0
0.385659,0,0,0,0
0.387049,0,0,0,0
0.388566,0,0,0,0
0.390129,0,0,0,0
0.391745,0,0,0,0
0.393359,0,0,0,0
0.394907,0,0,0,0
0.396458,0,0,0,0
0.398050,0,0,0,0
0.399599,0,0,0,0
0.401168,0,0,0,0
0.402717,0,0,0,0
0.404268,0,0,0,0
0.405819,0,0,0,0
0.407366,0,0,0,0
0.408978,0,0,0,0
0.410526,0,0,0,0
0.412090,0,0,0,0
0.413683,0,0,0,0
0.415232,0,0,0,0
0.416781,0,0,0,0
0.418225,0,0,0,0
0.419580,0,0,0,0
0.420998,0,0,0,0
0.422368,0,0,0,0
0.423712,0,0,0,0
0.425053,0,0,0,0
0.426389,0,0,0,0
0.427726,0,0,0,0
0.429066,0,0,0,0
0.430440,0,0,0,0
0.431844,0,0,0,0
0.433256,0,0,0,0
0.434574,0,0,0,0
0.435887,0,0,0,0
0.437198,0,0,0,0
0.438509,0,0,0,0
0.439819,0,0,0,0
0.441130,0,0,0,0
0.442440,0,0,0,0
0.443759,0,0,0,0
0.445069,0,0,0,0
0.446389,0,0,0,0
0.447750,0,0,0,0
0.449111,0,0,0,0
0.450472,0,0,0,0
0.451881,0,0,0,0
0.453242,0,0,0,0
0.454606,0,0,0,0
0.455967,0,0,0,0
0.457328,0,0,0,0
0.458689,0,0,0,0
0.460099,0,0,0,0
0.461372,0,0,0,0
0.462811,0,0,0,0
0.464228,0,0,0,0
0.465745,0,0,0,0
0.467141,0,0,0,0
0.469042,0,0,0,0
0.471585,0,0,0,0
0.473051,0,0,0,0
0.474437,0,0,0,0
0.475981,0,0,0,0
0.477362,0,0,0,0
0.478745,0,0,0,0
0.480128,0,0,0,0
0.481510,0,0,0,0
0.482916,0,0,0,0
0.485330,0,0,0,0
0.486730,0,0,0,0
0.488118,0,0,0,0
0.489504,0,0,0,0
0.490888,0,0,0,0
0.492272,0,0,0,0
0.493654,0,0,0,0
0.495232,0,0,0,0
0.496612,0,0,0,0
0.498001,0,0,0,0
0.499379,0,0,0,0
0.501581,0,0,0,0
0.503075,0,0,0,0
0.506833,0,0,0,0
0.508643,0,0,0,0
0.510037,0,0,0,0
0.511424,0,0,0,0
0.512812,0,0,0,0
0.514190,0,0,0,0
0.515570,0,0,0,0
0.517064,0,0,0,0
0.518418,0,0,0,0
0.519771,0,0,0,0
0.521112,0,0,0,0
0.522448,0,0,0,0
0.523787,0,0,0,0
0.525124,0,0,0,0
0.526530,0,0,0,0
0.527919,0,0,0,0
0.529435,0,0,0,0
0.530875,0,0,0,0
0.532273,0,0,0,0
0.533786,0,0,0,0
0.535167,0,0,0,0
0.536554,0,0,0,0
0.537945,0,0,0,0
0.539460,0,0,0,0
0.540901,0,0,0,0
0.542295,0,0,0,0
0.543732,0,0,0,0
0.545120,0,0,0,0
0.546505,0,0,0,0
0.547892,0,0,0,0
0.549277,0,0,0,0
0.550791,0,0,0,0
0.552355,0,0,0,0
0.553919,0,0,0,0
0.555472,0,0,0,0
0.557028,0,0,0,0
0.558620,0,0,0,0
0.560172,0,0,0,0
0.561724,0,0,0,0
0.563287,0,0,0,0
0.564838,0,0,0,0
0.566388,0,0,0,0
0.567939,0,0,0,0
0.569489,0,0,0,0
0.571038,0,0,0,0
0.572588,0,0,0,0
0.574150,0,0,0,0
0.575576,0,0,0,0
0.577104,0,0,0,0
0.578653,0,0,0,0
0.580170,0,0,0,0
0.581762,0,0,0,0
0.583312,0,0,0,0
0.584873,0,0,0,0
0.586423,0,0,0,0
0.587977,0,0,0,0
0.589573,0,0,0,0
0.591123,0,0,0,0
0.592673,0,0,0,0
0.594232,0,0,0,0
0.596331,0,0,0,0
0.597722,0,0,0,0
0.599103,0,0,0,0
0.600481,0,0,0,0
0.601859,0,0,0,0
0.603237,0,0,0,0
0.604615,0,0,0,0
0.606036,0,0,0,0
0.607425,0,0,0,0
0.608905,0,0,0,0
0.610283,0,0,0,0
0.611659,0,0,0,0
0.613011,0,0,0,0
0.614387,0,0,0,0
0.615793,0,0,0,0
0.617222,0,0,0,0
0.618607,0,0,0,0
0.620091,0,0,0,0
0.621530,0,0,0,0
0.622886,0,0,0,0
0.624241,0,0,0,0
0.625595,0,0,0,0
0.626948,0,0,0,0
0.628301,0,0,0,0
0.629662,0,0,0,0
0.631015,0,0,0,0
0.632370,0,0,0,0
0.633724,0,0,0,0
0.635079,0,0,0,0
0.636434,0,0,0,0
0.637825,0,0,0,0
0.639240,0,0,0,0
0.640655,0,0,0,0
0.642066,0,0,0,0
0.643476,0,0,0,0
0.644790,0,0,0,0
0.646201,0,0,0,0
0.647611,0,0,0,0
0.648984,0,0,0,0
0.650349,0,0,0,0
0.651764,0,0,0,0
0.653206,0,0,0,0
0.654573,0,0,0,0
0.655990,0,0,0,0
0.657402,0,0,0,0
0.658812,0,0,0,0
0.660224,0,0,0,0
0.661640,0,0,0,0
0.663013,0,0,0,0
0.664437,0,0,0,0
0.665809,0,0,0,0
0.667063,0,0,0,0
0.668474,0,0,0,0
0.669741,0,0,0,0
0.671103,0,0,0,0
0.672552,0,0,0,0
0.673970,0,0,0,0
0.675357,0,0,0,0
0.677032,0,0,0,0
0.678503,0,0,0,0
0.679890,0,0,0,0
0.681277,0,0,0,0
0.682661,0,0,0,0
0.684108,0,0,0,0
0.686881,0,0,0,0
0.688265,0,0,0,0
0.689647,0,0,0,0
0.691031,0,0,0,0
0.692411,0,0,0,0
0.693789,0,0,0,0
0.695178,0,0,0,0
0.696557,0,0,0,0
0.697934,0,0,0,0
0.699309,0,0,0,0
0.700688,0,0,0,0
0.702115,0,0,0,0
0.703650,0,0,0,0
0.705059,0,0,0,0
0.706482,0,0,0,0
0.707907,0,0,0,0
0.709287,0,0,0,0
0.710667,0,0,0,0
0.712052,0,0,0,0
0.713437,0,0,0,0
0.715418,0,0,0,0
0.717005,0,0,0,0
0.718593,0,0,0,0
0.719996,0,0,0,0
0.721385,0,0,0,0
0.722770,0,0,0,0
0.724157,0,0,0,0
0.725544,0,0,0,0
0.726938,0,0,0,0
0.728516,0,0,0,0
0.730067,0,0,0,0
0.731616,0,0,0,0
0.733172,0,0,0,0
0.734722,0,0,0,0
0.736273,0,0,0,0
0.737838,0,0,0,0
0.739388,0,0,0,0
0.740903,0,0,0,0
0.742424,0,0,0,0
0.743976,0,0,0,0
0.745528,0,0,0,0
0.747077,0,0,0,0
0.748640,0,0,0,0
0.750192,0,0,0,0
0.751745,0,0,0,0
0.753296,0,0,0,0
0.754845,0,0,0,0
0.756398,0,0,0,0
0.757949,0,0,0,0
0.759386,0,0,0,0
0.760970,0,0,0,0
0.762520,0,0,0,0
0.764072,0,0,0,0
0.765667,0,0,0,0
0.767217,0,0,0,0
0.768767,0,0,0,0
0.770333,0,0,0,0
0.771886,0,0,0,0
0.773439,0,0,0,0
0.774988,0,0,0,0
0.776540,0,0,0,0
0.778091,0,0,0,0
0.779640,0,0,0,0
0.781056,0,0,0,0
0.782448,0,0,0,0
0.783966,0,0,0,0
0.785516,0,0,0,0
0.787065,0,0,0,0
0.788614,0,0,0,0
0.790472,0,0,0,0
0.791888,0,0,0,0
0.793299,0,0,0,0
0.794702,0,0,0,0
0.796079,0,0,0,0
0.797499,0,0,0,0
0.798877,0,0,0,0
0.800255,0,0,0,0
0.801634,0,0,0,0
0.803020,0,0,0,0
0.804398,0,0,0,0
0.805776,0,0,0,0
0.807154,0,0,0,0
0.808530,0,0,0,0
0.809907,0,0,0,0
0.811283,0,0,0,0
0.812659,0,0,0,0
0.814093,0,0,0,0
0.815447,0,0,0,0
0.816877,0,0,0,0
0.818231,0,0,0,0
0.819585,0,0,0,0
0.821024,0,0,0,0
0.822377,0,0,0,0
0.823737,0,0,0,0
0.825098,0,0,0,0
0.826463,0,0,0,0
0.827892,0,0,0,0
0.829283,0,0,0,0
0.830624,0,0,0,0
0.831964,0,0,0,0
0.833303,0,0,0,0
0.834642,0,0,0,0
0.835988,0,0,0,0
0.837329,0,0,0,0
0.838673,0,0,0,0
0.840011,0,0,0,0
0.841350,0,0,0,0
0.842689,0,0,0,0
0.844028,0,0,0,0
0.845397,0,0,0,0
0.846814,0,0,0,0
0.848223,0,0,0,0
0.849633,0,0,0,0
0.851043,0,0,0,0
0.852452,0,0,0,0
0.853861,0,0,0,0
0.855271,0,0,0,0
0.856682,0,0,0,0
0.858096,0,0,0,0
0.859399,0,0,0,0
0.860792,0,0,0,0
0.862216,0,0,0,0
0.863626,0,0,0,0
0.865054,0,0,0,0
0.866450,0,0,0,0
0.867849,0,0,0,0
0.869268,0,0,0,0
0.871248,0,0,0,0
0.873132,0,0,0,0
0.874514,0,0,0,0
0.875942,0,0,0,0
0.877366,0,0,0,0
0.878748,0,0,0,0
0.880239,0,0,0,0
0.881497,0,0,0,0
0.882880,0,0,0,0
0.884265,0,0,0,0
0.885650,0,0,0,0
0.887033,0,0,0,0
0.888816,0,0,0,0
0.890211,0,0,0,0
0.891586,0,0,0,0
0.892969,0,0,0,0
0.894392,0,0,0,0
0.895912,0,0,0,0
0.897579,0,0,0,0
0.898959,0,0,0,0
0.902982,0,0,0,0
0.906270,0,0,0,0
0.907654,0,0,0,0
0.909305,0,0,0,0
0.910710,0,0,0,0
0.912100,0,0,0,0
0.913480,0,0,0,0
0.914860,0,0,0,0
0.916241,0,0,0,0
0.917621,0,0,0,0
0.919000,0,0,0,0
0.920382,0,0,0,0
0.921785,0,0,0,0
0.923169,0,0,0,0
0.924556,0,0,0,0
0.925976,0,0,0,0
0.927361,0,0,0,0
0.928745,0,0,0,0
0.930130,0,0,0,0
0.931514,0,0,0,0
0.932916,0,0,0,0
0.934434,0,0,0,0
0.935986,0,0,0,0
0.937538,0,0,0,0
0.939087,0,0,0,0
0.940638,0,0,0,0
0.942192,0,0,0,0
0.943758,0,0,0,0
0.945311,0,0,0,0
0.946860,0,0,0,0
0.948414,0,0,0,0
0.949965,0,0,0,0
0.951516,0,0,0,0
0.953091,0,0,0,0
0.954651,0,0,0,0
0.956204,0,0,0,0
0.957805,0,0,0,0
0.959355,0,0,0,0
0.960848,0,0,0,0
0.962369,0,0,0,0
0.963922,0,0,0,0
0.965486,0,0,0,0
0.967035,0,0,0,0
0.968585,0,0,0,0
0.970136,0,0,0,0
0.971759,0,0,0,0
0.973417,0,0,0,0
0.974965,0,0,0,0
0.976407,0,0,0,0
0.977927,0,0,0,0
0.979476,0,0,0,0
0.981029,0,0,0,0
0.982577,0,0,0,0
0.984130,0,0,0,0
0.985679,0,0,0,0
0.987237,0,0,0,0
0.988786,0,0,0,0
0.990337,0,0,0,0
0.991888,0,0,0,0
0.993438,0,0,0,0
0.994984,0,0,0,0
0.996535,0,0,0,0
0.998099,0,0,0,0
0.999648,0,0,0,0
1.001072,0,0,0,0
1.002593,0,0,0,0
1.004145,0,0,0,0
1.005739,0,0,0,0
1.007289,0,0,0,0
1.008852,0,0,0,0
1.010403,0,0,0,0
1.011955,0,0,0,0
1.013506,0,0,0,0
1.015055,0,0,0,0
1.016494,0,0,0,0
1.018039,0,0,0,0
1.019600,0,0,0,0
1.021155,0,0,0,0
1.022751,0,0,0,0
1.024303,0,0,0,0
1.025853,0,0,0,0
1.027403,0,0,0,0
1.028958,0,0,0,0
1.030521,0,0,0,0
1.032073,0,0,0,0
1.033624,0,0,0,0
1.035173,0,0,0,0
1.036724,0,0,0,0
1.038276,0,0,0,0
1.039828,0,0,0,0
1.041391,0,0,0,0
1.042955,0,0,0,0
1.044507,0,0,0,0
1.045945,0,0,0,0
1.047343,0,0,0,0
1.048734,0,0,0,0
1.050132,0,0,0,0
1.051536,0,0,0,0
1.052958,0,0,0,0
1.055610,0,0,0,0
1.057328,0,0,0,0
1.058881,0,0,0,0
1.060299,0,0,0,0
1.061701,0,0,0,0
1.063083,0,0,0,0
1.064466,0,0,0,0
1.065855,0,0,0,0
1.067242,0,0,0,0
1.068671,0,0,0,0
1.070188,0,0,0,0
1.071741,0,0,0,0
1.073309,0,0,0,0
1.074859,0,0,0,0
1.076412,0,0,0,0
1.077955,0,0,0,0
1.079496,0,0,0,0
1.080925,0,0,0,0
1.083793,0,0,0,0
1.085254,0,0,0,0
1.086644,0,0,0,0
1.088033,0,0,0,0
1.089420,0,0,0,0
1.090806,0,0,0,0
1.092193,0,0,0,0
1.093683,0,0,0,0
1.095232,0,0,0,0
1.096800,0,0,0,0
1.098350,0,0,0,0
1.099903,0,0,0,0
1.101498,0,0,0,0
1.103049,0,0,0,0
1.104477,0,0,0,0
1.106003,0,0,0,0
1.107565,0,0,0,0
1.109122,0,0,0,0
1.110672,0,0,0,0
1.112225,0,0,0,0
1.113778,0,0,0,0
1.115329,0,0,0,0
1.116881,0,0,0,0
1.118485,0,0,0,0
1.120038,0,0,0,0
1.121590,0,0,0,0
1.123142,0,0,0,0
1.124695,0,0,0,0
1.126247,0,0,0,0
1.127801,0,0,0,0
1.129365,0,0,0,0
1.130918,0,0,0,0
1.132471,0,0,0,0
1.134069,0,0,0,0
1.135621,0,0,0,0
1.137178,0,0,0,0
1.138730,0,0,0,0
1.140298,0,0,0,0
1.141850,0,0,0,0
1.143401,0,0,0,0
1.144957,0,0,0,0
1.146508,0,0,0,0
1.148062,0,0,0,0
1.149659,0,0,0,0
1.151223,0,0,0,0
1.152776,0,0,0,0
1.154328,0,0,0,0
1.155882,0,0,0,0
1.157435,0,0,0,0
1.158985,0,0,0,0
1.160539,0,0,0,0
1.162104,0,0,0,0
1.163656,0,0,0,0
1.165071,0,0,0,0
1.166508,0,0,0,0
1.168027,0,0,0,0
1.169580,0,0,0,0
1.171130,0,0,0,0
1.172697,0,0,0,0
1.174136,0,0,0,0
1.175551,0,0,0,0
1.176994,0,0,0,0
1.178418,0,0,0,0
1.179806,0,0,0,0
1.181192,0,0,0,0
1.182588,0,0,0,0
1.184349,0,0,0,0
1.185926,0,0,0,0
1.187346,0,0,0,0
1.188772,0,0,0,0
1.190300,0,0,0,0
1.191854,0,0,0,0
1.193420,0,0,0,0
1.194971,0,0,0,0
1.196525,0,0,0,0
1.198080,0,0,0,0
1.199630,0,0,0,0
1.201187,0,0,0,0
1.202739,0,0,0,0
1.204307,0,0,0,0
1.205851,0,0,0,0
1.207393,0,0,0,0
1.208939,0,0,0,0
1.210460,0,0,0,0
1.212014,0,0,0,0
1.213610,0,0,0,0
1.215175,0,0,0,0
1.216729,0,0,0,0
1.218281,0,0,0,0
1.219835,0,0,0,0
1.221380,0,0,0,0
1.222920,0,0,0,0
1.224338,0,0,0,0
1.225870,0,0,0,0
1.227420,0,0,0,0
1.228974,0,0,0,0
1.230567,0,0,0,0
1.232120,0,0,0,0
1.233671,0,0,0,0
1.235221,0,0,0,0
1.236786,0,0,0,0
1.238340,0,0,0,0
1.239892,0,0,0,0
1.241443,0,0,0,0
1.242992,0,0,0,0
1.244544,0,0,0,0
1.246097,0,0,0,0
1.247533,0,0,0,0
1.249149,0,0,0,0
1.250698,0,0,0,0
1.252251,0,0,0,0
1.253802,0,0,0,0
1.255351,0,0,0,0
1.259177,0,0,0,0
1.260633,0,0,0,0
1.262032,0,0,0,0
1.263541,0,0,0,0
1.264965,0,0,0,0
1.266357,0,0,0,0
1.267747,0,0,0,0
1.269133,0,0,0,0
1.270519,0,0,0,0
1.271917,0,0,0,0
1.273303,0,0,0,0
1.274688,0,0,0,0
1.276074,0,0,0,0
1.277501,0,0,0,0
1.278886,0,0,0,0
1.280272,0,0,0,0
1.281787,0,0,0,0
1.283350,0,0,0,0
1.284963,0,0,0,0
1.286516,0,0,0,0
1.288070,0,0,0,0
1.289623,0,0,0,0
1.291172,0,0,0,0
1.292723,0,0,0,0
1.294288,0,0,0,0
1.295842,0,0,0,0
1.297393,0,0,0,0
1.298943,0,0,0,0
1.300497,0,0,0,0
1.302049,0,0,0,0
1.303599,0,0,0,0
1.305044,0,0,0,0
1.306570,0,0,0,0
1.308123,0,0,0,0
1.309717,0,0,0,0
1.311266,0,0,0,0
1.312816,0,0,0,0
1.314366,0,0,0,0
1.315931,0,0,0,0
1.317482,0,0,0,0
1.319031,0,0,0,0
1.320581,0,0,0,0
1.322004,0,0,0,0
1.323525,0,0,0,0
1.324909,0,0,0,0
1.326350,0,0,0,0
1.327872,0,0,0,0
1.329426,0,0,0,0
1.330978,0,0,0,0
1.332533,0,0,0,0
1.334076,0,0,0,0
1.335618,0,0,0,0
1.337385,0,0,0,0
1.338823,0,0,0,0
1.340213,0,0,0,0
1.341645,0,0,0,0
1.343030,0,0,0,0
1.344460,0,0,0,0
1.346726,0,0,0,0
1.348261,0,0,0,0
1.349808,0,0,0,0
1.351358,0,0,0,0
1.352969,0,0,0,0
1.354518,0,0,0,0
1.356070,0,0,0,0
1.357665,0,0,0,0
1.359227,0,0,0,0
1.360778,0,0,0,0
1.362329,0,0,0,0
1.363882,0,0,0,0
1.365434,0,0,0,0
1.366983,0,0,0,0
1.368535,0,0,0,0
1.370099,0,0,0,0
1.371649,0,0,0,0
1.373065,0,0,0,0
1.374498,0,0,0,0
1.376016,0,0,0,0
1.377567,0,0,0,0
1.379115,0,0,0,0
1.380678,0,0,0,0
1.382229,0,0,0,0
1.383783,0,0,0,0
1.385333,0,0,0,0
1.386883,0,0,0,0
1.388435,0,0,0,0
1.390030,0,0,0,0
1.391592,0,0,0,0
1.393148,0,0,0,0
1.394698,0,0,0,0
1.396251,0,0,0,0
1.397803,0,0,0,0
1.399352,0,0,0,0
1.400963,0,0,0,0
1.402526,0,0,0,0
1.404080,0,0,0,0
1.405675,0,0,0,0
1.407225,0,0,0,0
1.408777,0,0,0,0
1.410328,0,0,0,0
1.411882,0,0,0,0
1.413447,0,0,0,0
1.414996,0,0,0,0
1.416548,0,0,0,0
1.417976,0,0,0,0
1.419499,0,0,0,0
1.421054,0,0,0,0
1.422649,0,0,0,0
1.424215,0,0,0,0
1.425767,0,0,0,0
1.427317,0,0,0,0
1.428880,0,0,0,0
1.430329,0,0,0,0
1.431733,0,0,0,0
1.433122,0,0,0,0
1.434521,0,0,0,0
1.435911,0,0,0,0
1.437340,0,0,0,0
1.438727,0,0,0,0
1.440279,0,0,0,0
1.441829,0,0,0,0
1.443378,0,0,0,0
1.444893,0,0,0,0
1.446411,0,0,0,0
1.447965,0,0,0,0
1.449516,0,0,0,0
1.451065,0,0,0,0
1.452614,0,0,0,0
1.454164,0,0,0,0
1.455631,0,0,0,0
1.457179,0,0,0,0
1.458727,0,0,0,0
1.460280,0,0,0,0
1.461830,0,0,0,0
1.463379,0,0,0,0
1.465020,0,0,0,0
1.466838,0,0,0,0
1.468393,0,0,0,0
1.469986,0,0,0,0
1.471562,0,0,0,0
1.473119,0,0,0,0
1.474668,0,0,0,0
1.476221,0,0,0,0
1.477785,0,0,0,0
1.479335,0,0,0,0
1.480756,0,0,0,0
1.482276,0,0,0,0
1.483830,0,0,0,0
1.485424,0,0,0,0
1.486974,0,0,0,0
1.488539,0,0,0,0
1.490092,0,0,0,0
1.491642,0,0,0,0
1.493117,0,0,0,0
1.494507,0,0,0,0
1.496027,0,0,0,0
1.497579,0,0,0,0
1.499142,0,0,0,0
1.500694,0,0,0,0
1.502248,0,0,0,0
1.503800,0,0,0,0
1.505230,0,0,0,0
1.506755,0,0,0,0
1.508309,0,0,0,0
1.509875,0,0,0,0
1.511426,0,0,0,0
1.512985,0,0,0,0
1.514534,0,0,0,0
1.516088,0,0,0,0
1.517684,0,0,0,0
1.519234,0,0,0,0
1.520799,0,0,0,0
1.522350,0,0,0,0
1.523905,0,0,0,0
1.525457,0,0,0,0
1.527008,0,0,0,0
1.528561,0,0,0,0
1.530115,0,0,0,0
1.531762,0,0,0,0
1.533129,0,0,0,0
1.534564,0,0,0,0
1.536029,0,0,0,0
1.537581,0,0,0,0
1.539133,0,0,0,0
1.540686,0,0,0,0
1.542250,0,0,0,0
1.543805,0,0,0,0
1.545359,0,0,0,0
1.546910,0,0,0,0
1.548465,0,0,0,0
1.550061,0,0,0,0
1.551612,0,0,0,0
1.553061,0,0,0,0
1.554585,0,0,0,0
1.556141,0,0,0,0
1.557685,0,0,0,0
1.559227,0,0,0,0
1.560650,0,0,0,0
1.562175,0,0,0,0
1.563611,0,0,0,0
1.565138,0,0,0,0
1.566734,0,0,0,0
1.568287,0,0,0,0
1.569838,0,0,0,0
1.571388,0,0,0,0
1.573015,0,0,0,0
1.574452,0,0,0,0
1.575976,0,0,0,0
1.577528,0,0,0,0
1.579078,0,0,0,0
1.580630,0,0,0,0
1.582183,0,0,0,0
1.583737,0,0,0,0
1.585303,0,0,0,0
1.586854,0,0,0,0
1.588407,0,0,0,0
1.589850,0,0,0,0
1.591402,0,0,0,0
1.592831,0,0,0,0
1.594352,0,0,0,0
1.595919,0,0,0,0
1.597516,0,0,0,0
1.599067,0,0,0,0
1.600619,0,0,0,0
1.602172,0,0,0,0
1.603727,0,0,0,0
1.605280,0,0,0,0
1.606844,0,0,0,0
1.608399,0,0,0,0
1.609954,0,0,0,0
1.611505,0,0,0,0
1.613060,0,0,0,0
1.614657,0,0,0,0
1.616211,0,0,0,0
1.617777,0,0,0,0
1.619327,0,0,0,0
1.620748,0,0,0,0
1.622270,0,0,0,0
1.623823,0,0,0,0
1.625376,0,0,0,0
1.626926,0,0,0,0
1.628368,0,0,0,0
1.629938,0,0,0,0
1.631492,0,0,0,0
1.633051,0,0,0,0
1.634604,0,0,0,0
1.636161,0,0,0,0
1.637717,0,0,0,0
1.639286,0,0,0,0
1.640842,0,0,0,0
1.642398,0,0,0,0
1.643955,0,0,0,0
1.645554,0,0,0,0
1.647109,0,0,0,0
1.648665,0,0,0,0
1.650234,0,0,0,0
1.651791,0,0,0,0
1.653346,0,0,0,0
1.654906,0,0,0,0
1.656465,0,0,0,0
1.658022,0,0,0,0
1.659578,0,0,0,0
1.661152,0,0,0,0
1.662753,0,0,0,0
1.664313,0,0,0,0
1.665870,0,0,0,0
1.667426,0,0,0,0
1.668987,0,0,0,0
1.670541,0,0,0,0
1.672115,0,0,0,0
1.673672,0,0,0,0
1.675227,0,0,0,0
1.676785,0,0,0,0
1.678738,0,0,0,0
1.680337,0,0,0,0
1.681735,0,0,0,0
1.683136,0,0,0,0
1.684532,0,0,0,0
1.686032,0,0,0,0
1.687453,0,0,0,0
1.688870,0,0,0,0
1.690292,0,0,0,0
1.691726,0,0,0,0
1.693117,0,0,0,0
1.694549,0,0,0,0
1.696103,0,0,0,0
1.697660,0,0,0,0
1.699214,0,0,0,0
1.700769,0,0,0,0
1.702323,0,0,0,0
1.703880,0,0,0,0
1.705324,0,0,0,0
1.706855,0,0,0,0
1.708414,0,0,0,0
1.710016,0,0,0,0
1.711572,0,0,0,0
1.713134,0,0,0,0
1.714689,0,0,0,0
1.716259,0,0,0,0
1.717808,0,0,0,0
1.719354,0,0,0,0
1.721019,0,0,0,0
1.722574,0,0,0,0
1.724074,0,0,0,0
1.725676,0,0,0,0
1.727245,0,0,0,0
1.728800,0,0,0,0
1.730357,0,0,0,0
1.731916,0,0,0,0
1.733465,0,0,0,0
1.735010,0,0,0,0
1.736435,0,0,0,0
1.737973,0,0,0,0
1.739528,0,0,0,0
1.741142,0,0,0,0
1.742744,0,0,0,0
1.744303,0,0,0,0
1.745859,0,0,0,0
1.747414,0,0,0,0
1.748987,0,0,0,0
1.750544,0,0,0,0
1.752103,0,0,0,0
1.753660,0,0,0,0
1.755215,0,0,0,0
1.756774,0,0,0,0
1.758333,0,0,0,0
1.759905,0,0,0,0
1.761465,0,0,0,0
1.763024,0,0,0,0
1.764582,0,0,0,0
1.766139,0,0,0,0
1.767780,0,0,0,0
1.769314,0,0,0,0
1.770718,0,0,0,0
1.772244,0,0,0,0
1.773847,0,0,0,0
1.775402,0,0,0,0
1.776964,0,0,0,0
1.778519,0,0,0,0
1.780079,0,0,0,0
1.781649,0,0,0,0
1.783256,0,0,0,0
1.784816,0,0,0,0
1.786374,0,0,0,0
1.787933,0,0,0,0
1.789535,0,0,0,0
1.790970,0,0,0,0
1.792514,0,0,0,0
1.794071,0,0,0,0
1.795625,0,0,0,0
1.797187,0,0,0,0
1.798743,0,0,0,0
1.800302,0,0,0,0
1.801859,0,0,0,0
1.803427,0,0,0,0
1.804988,0,0,0,0
1.806588,0,0,0,0
1.808146,0,0,0,0
1.809703,0,0,0,0
1.811259,0,0,0,0
1.812852,0,0,0,0
1.814422,0,0,0,0
1.815981,0,0,0,0
1.817538,0,0,0,0
1.819093,0,0,0,0
1.820650,0,0,0,0
1.822208,0,0,0,0
1.823766,0,0,0,0
1.825337,0,0,0,0
1.826891,0,0,0,0
1.828451,0,0,0,0
1.830009,0,0,0,0
1.831564,0,0,0,0
1.833126,0,0,0,0
1.834682,0,0,0,0
1.836127,0,0,0,0
1.837694,0,0,0,0
1.839247,0,0,0,0
1.840801,0,0,0,0
1.842355,0,0,0,0
1.843910,0,0,0,0
1.845454,0,0,0,0
1.846893,0,0,0,0
1.848398,0,0,0,0
1.849788,0,0,0,0
1.851176,0,0,0,0
1.852565,0,0,0,0
1.853993,0,0,0,0
1.855379,0,0,0,0
1.856807,0,0,0,0
1.858285,0,0,0,0
1.859840,0,0,0,0
1.861395,0,0,0,0
1.862945,0,0,0,0
1.864500,0,0,0,0
1.866053,0,0,0,0
1.867603,0,0,0,0
1.869174,0,0,0,0
1.870726,0,0,0,0
1.872279,0,0,0,0
1.873832,0,0,0,0
1.875385,0,0,0,0
1.877033,0,0,0,0
1.878585,0,0,0,0
1.880152,0,0,0,0
1.881706,0,0,0,0
1.883257,0,0,0,0
1.884811,0,0,0,0
1.886366,0,0,0,0
1.887921,0,0,0,0
1.889474,0,0,0,0
1.891038,0,0,0,0
1.892591,0,0,0,0
1.894145,0,0,0,0
1.895780,0,0,0,0
1.897207,0,0,0,0
1.898598,0,0,0,0
1.900119,0,0,0,0
1.901603,0,0,0,0
1.903129,0,0,0,0
1.904685,0,0,0,0
1.906114,0,0,0,0
1.907644,0,0,0,0
1.909140,0,0,0,0
1.910567,0,0,0,0
1.912108,0,0,0,0
1.913666,0,0,0,0
1.915221,0,0,0,0
1.916778,0,0,0,0
1.918335,0,0,0,0
1.919892,0,0,0,0
1.921450,0,0,0,0
1.923017,0,0,0,0
1.924572,0,0,0,0
1.926124,0,0,0,0
1.927676,0,0,0,0
1.929249,0,0,0,0
1.930801,0,0,0,0
1.932356,0,0,0,0
1.933967,0,0,0,0
1.935518,0,0,0,0
1.936957,0,0,0,0
1.938478,0,0,0,0
1.940034,0,0,0,0
1.941590,0,0,0,0
1.943142,0,0,0,0
1.944710,0,0,0,0
1.946263,0,0,0,0
1.947821,0,0,0,0
1.949421,0,0,0,0
1.950975,0,0,0,0
1.952532,0,0,0,0
1.954088,0,0,0,0
1.955529,0,0,0,0
1.957079,0,0,0,0
1.958632,0,0,0,0
1.960189,0,0,0,0
1.961744,0,0,0,0
1.963297,0,0,0,0
1.964853,0,0,0,0
1.966421,0,0,0,0
1.967977,0,0,0,0
1.969533,0,0,0,0
1.971087,0,0,0,0
1.972642,0,0,0,0
1.974197,0,0,0,0
1.975755,0,0,0,0
1.977322,0,0,0,0
1.978875,0,0,0,0
1.980432,0,0,0,0
1.982031,0,0,0,0
1.983586,0,0,0,0
1.985145,0,0,0,0
1.986699,0,0,0,0
1.988269,0,0,0,0
1.989825,0,0,0,0
1.991378,0,0,0,0
1.992893,0,0,0,0
1.994290,0,0,0,0
1.995874,0,0,0,0
1.997465,0,0,0,0
1.999025,0,0,0,0
2.000447,0,0,0,0
2.001972,0,0,0,0
2.003526,0,0,0,0
2.005138,0,0,0,0
2.006692,0,0,0,0
2.008251,0,0,0,0
2.009819,0,0,0,0
2.011372,0,0,0,0
2.012988,0,0,0,0
2.014586,0,0,0,0
2.016143,0,0,0,0
2.017701,0,0,0,0
2.021073,0,0,0,0
2.022605,0,0,0,0
2.024013,0,0,0,0
2.025405,0,0,0,0
2.026795,0,0,0,0
2.028187,0,0,0,0
2.029619,0,0,0,0
2.031196,0,0,0,0
2.032767,0,0,0,0
2.034323,0,0,0,0
2.035880,0,0,0,0
2.037437,0,0,0,0
2.038992,0,0,0,0
2.040549,0,0,0,0
2.042105,0,0,0,0
2.043673,0,0,0,0
2.045156,0,0,0,0
2.046597,0,0,0,0
2.048122,0,0,0,0
2.049678,0,0,0,0
2.051233,0,0,0,0
2.052789,0,0,0,0
2.054358,0,0,0,0
2.055916,0,0,0,0
2.057473,0,0,0,0
2.059026,0,0,0,0
2.060583,0,0,0,0
2.062140,0,0,0,0
2.063763,0,0,0,0
2.065396,0,0,0,0
2.066951,0,0,0,0
2.068511,0,0,0,0
2.070068,0,0,0,0
2.071623,0,0,0,0
2.073183,0,0,0,0
2.074737,0,0,0,0
2.076307,0,0,0,0
2.077907,0,0,0,0
2.079462,0,0,0,0
2.081022,0,0,0,0
2.082577,0,0,0,0
2.084134,0,0,0,0
2.085691,0,0,0,0
2.087259,0,0,0,0
2.088815,0,0,0,0
2.090371,0,0,0,0
2.091929,0,0,0,0
2.093530,0,0,0,0
2.095084,0,0,0,0
2.096642,0,0,0,0
2.098211,0,0,0,0
2.099769,0,0,0,0
2.101325,0,0,0,0
2.102879,0,0,0,0
2.104442,0,0,0,0
2.105938,0,0,0,0
2.107494,0,0,0,0
2.108938,0,0,0,0
2.110552,0,0,0,0
2.111950,0,0,0,0
2.113341,0,0,0,0
2.114729,0,0,0,0
2.116119,0,0,0,0
2.117508,0,0,0,0
2.118894,0,0,0,0
2.120299,0,0,0,0
2.121818,0,0,0,0
2.123372,0,0,0,0
2.125036,0,0,0,0
2.126604,0,0,0,0
2.128163,0,0,0,0
2.129720,0,0,0,0
2.131290,0,0,0,0
2.132849,0,0,0,0
2.134406,0,0,0,0
2.135966,0,0,0,0
2.137524,0,0,0,0
2.139080,0,0,0,0
2.140638,0,0,0,0
2.142210,0,0,0,0
2.143769,0,0,0,0
2.145325,0,0,0,0
2.146881,0,0,0,0
2.148440,0,0,0,0
2.149998,0,0,0,0
2.151554,0,0,0,0
2.153130,0,0,0,0
2.154686,0,0,0,0
2.156246,0,0,0,0
2.157847,0,0,0,0
2.159403,0,0,0,0
2.160965,0,0,0,0
2.162520,0,0,0,0
2.164093,0,0,0,0
2.165651,0,0,0,0
2.167207,0,0,0,0
2.168764,0,0,0,0
2.170321,0,0,0,0
2.171881,0,0,0,0
2.173485,0,0,0,0
2.174930,0,0,0,0
2.176499,0,0,0,0
2.178096,0,0,0,0
2.179790,0,0,0,0
2.181270,0,0,0,0
2.182698,0,0,0,0
2.184262,0,0,0,0
2.185909,0,0,0,0
2.187505,0,0,0,0
2.189104,0,0,0,0
2.190751,0,0,0,0
2.192349,0,0,0,0
2.194077,0,0,0,0
2.195595,0,0,0,0
2.197032,0,0,0,0
2.198502,0,0,0,0
2.199937,0,0,0,0
2.201401,0,0,0,0
2.202826,0,0,0,0
2.204252,0,0,0,0
2.205723,0,0,0,0
2.207154,0,0,0,0
2.208716,0,0,0,0
2.210279,0,0,0,0
2.211709,0,0,0,0
2.213136,0,0,0,0
2.214561,0,0,0,0
2.215986,0,0,0,0
2.217422,0,0,0,0
2.218982,0,0,0,0
2.220580,0,0,0,0
2.222179,0,0,0,0
2.223777,0,0,0,0
2.225374,0,0,0,0
2.226969,0,0,0,0
2.228580,0,0,0,0
2.230166,0,0,0,0
2.231857,0,0,0,0
2.233633,0,0,0,0
2.235065,0,0,0,0
2.236622,0,0,0,0
2.238220,0,0,0,0
2.239832,0,0,0,0
2.241429,0,0,0,0
2.243024,0,0,0,0
2.244621,0,0,0,0
2.246207,0,0,0,0
2.247845,0,0,0,0
2.249468,0,0,0,0
2.251074,0,0,0,0
2.252669,0,0,0,0
2.254267,0,0,0,0
2.255865,0,0,0,0
2.257461,0,0,0,0
2.259054,0,0,0,0
2.260649,0,0,0,0
2.262259,0,0,0,0
2.263856,0,0,0,0
2.265451,0,0,0,0
2.267041,0,0,0,0
2.268636,0,0,0,0
2.270232,0,0,0,0
2.271727,0,0,0,0
2.273338,0,0,0,0
2.274931,0,0,0,0
2.276527,0,0,0,0
2.278123,0,0,0,0
2.279719,0,0,0,0
2.281314,0,0,0,0
2.282907,0,0,0,0
2.284516,0,0,0,0
2.286112,0,0,0,0
2.287708,0,0,0,0
2.289302,0,0,0,0
2.290894,0,0,0,0
2.292491,0,0,0,0
2.294087,0,0,0,0
2.295789,0,0,0,0
2.297264,0,0,0,0
2.298828,0,0,0,0
2.300423,0,0,0,0
2.302068,0,0,0,0
2.303662,0,0,0,0
2.305312,0,0,0,0
2.306791,0,0,0,0
2.308364,0,0,0,0
2.309961,0,0,0,0
2.311554,0,0,0,0
2.313155,0,0,0,0
2.314749,0,0,0,0
2.316345,0,0,0,0
2.318003,0,0,0,0
2.319597,0,0,0,0
2.321196,0,0,0,0
2.322790,0,0,0,0
2.324386,0,0,0,0
2.325980,0,0,0,0
2.327575,0,0,0,0
2.329189,0,0,0,0
2.330782,0,0,0,0
2.332379,0,0,0,0
2.334024,0,0,0,0
2.335619,0,0,0,0
2.337218,0,0,0,0
2.338811,0,0,0,0
2.340284,0,0,0,0
2.341849,0,0,0,0
2.343444,0,0,0,0
2.345042,0,0,0,0
2.346932,0,0,0,0
2.348533,0,0,0,0
2.350132,0,0,0,0
2.351743,0,0,0,0
2.353339,0,0,0,0
2.354934,0,0,0,0
2.356532,0,0,0,0
2.358119,0,0,0,0
2.359769,0,0,0,0
2.361436,0,0,0,0
2.363041,0,0,0,0
2.364636,0,0,0,0
2.366233,0,0,0,0
2.367829,0,0,0,0
2.369424,0,0,0,0
2.371017,0,0,0,0
2.372612,0,0,0,0
2.374221,0,0,0,0
2.375816,0,0,0,0
2.377411,0,0,0,0
2.379003,0,0,0,0
2.380597,0,0,0,0
2.382189,0,0,0,0
2.383785,0,0,0,0
2.385393,0,0,0,0
2.386983,0,0,0,0
2.388578,0,0,0,0
2.390170,0,0,0,0
2.391771,0,0,0,0
2.393363,0,0,0,0
2.394953,0,0,0,0
2.396486,0,0,0,0
2.398098,0,0,0,0
2.399749,0,0,0,0
2.401340,0,0,0,0
2.402931,0,0,0,0
2.404495,0,0,0,0
2.406086,0,0,0,0
2.407747,0,0,0,0
2.409342,0,0,0,0
2.410935,0,0,0,0
2.412530,0,0,0,0
2.414127,0,0,0,0
2.415723,0,0,0,0
2.417315,0,0,0,0
2.418921,0,0,0,0
2.420518,0,0,0,0
2.422113,0,0,0,0
2.423711,0,0,0,0
2.425306,0,0,0,0
2.426899,0,0,0,0
2.428496,0,0,0,0
2.429973,0,0,0,0
2.431536,0,0,0,0
2.433136,0,0,0,0
2.434729,0,0,0,0
2.436326,0,0,0,0
2.437920,0,0,0,0
2.439514,0,0,0,0
2.441065,0,0,0,0
2.442492,0,0,0,0
2.444054,0,0,0,0
2.445699,0,0,0,0
2.447292,0,0,0,0
2.448885,0,0,0,0
2.450480,0,0,0,0
2.451959,0,0,0,0
2.453525,0,0,0,0
2.455117,0,0,0,0
2.456713,0,0,0,0
2.458309,0,0,0,0
2.459907,0,0,0,0
2.461552,0,0,0,0
2.463159,0,0,0,0
2.464754,0,0,0,0
2.466349,0,0,0,0
2.467946,0,0,0,0
2.469540,0,0,0,0
2.471149,0,0,0,0
2.472626,0,0,0,0
2.474073,0,0,0,0
2.475627,0,0,0,0
2.477692,0,0,0,0
2.479172,0,0,0,0
2.480599,0,0,0,0
2.482160,0,0,0,0
2.483756,0,0,0,0
2.485364,0,0,0,0
2.486957,0,0,0,0
2.488554,0,0,0,0
2.490149,0,0,0,0
2.491747,0,0,0,0
2.493392,0,0,0,0
2.494987,0,0,0,0
2.496597,0,0,0,0
2.498192,0,0,0,0
2.499789,0,0,0,0
2.501384,0,0,0,0
2.502977,0,0,0,0
2.504571,0,0,0,0
2.506163,0,0,0,0
2.507696,0,0,0,0
2.509136,0,0,0,0
2.510749,0,0,0,0
2.512347,0,0,0,0
2.513945,0,0,0,0
2.515540,0,0,0,0
2.517135,0,0,0,0
2.518734,0,0,0,0
2.520189,0,0,0,0
2.521755,0,0,0,0
2.523347,0,0,0,0
2.525007,0,0,0,0
2.526650,0,0,0,0
2.528247,0,0,0,0
2.529726,0,0,0,0
2.531295,0,0,0,0
2.532890,0,0,0,0
2.534485,0,0,0,0
2.536082,0,0,0,0
2.537678,0,0,0,0
2.539272,0,0,0,0
2.540744,0,0,0,0
2.543290,0,0,0,0
2.545325,0,0,0,0
2.546792,0,0,0,0
2.548328,0,0,0,0
2.549857,0,0,0,0
2.551848,0,0,0,0
2.553835,0,0,0,0
2.555502,0,0,0,0
2.557393,0,0,0,0
2.558813,0,0,0,0
2.560201,0,0,0,0
2.561594,0,0,0,0
2.562971,0,0,0,0
2.564347,0,0,0,0
2.565724,0,0,0,0
2.567099,0,0,0,0
2.568520,0,0,0,0
2.569896,0,0,0,0
2.571271,0,0,0,0
2.572664,0,0,0,0
2.574184,0,0,0,0
2.575797,0,0,0,0
2.577395,0,0,0,0
2.578991,0,0,0,0
2.580588,0,0,0,0
2.582176,0,0,0,0
2.583937,0,0,0,0
2.586540,0,0,0,0
2.587983,0,0,0,0
2.589458,0,0,0,0
2.590883,0,0,0,0
2.592309,0,0,0,0
2.593686,0,0,0,0
2.595245,0,0,0,0
2.596840,0,0,0,0
2.598437,0,0,0,0
2.600036,0,0,0,0
2.601632,0,0,0,0
2.603226,0,0,0,0
2.604835,0,0,0,0
2.606432,0,0,0,0
2.608031,0,0,0,0
2.609627,0,0,0,0
2.611222,0,0,0,0
2.612819,0,0,0,0
2.614415,0,0,0,0
2.615990,0,0,0,0
2.617627,0,0,0,0
2.619222,0,0,0,0
2.620819,0,0,0,0
2.622416,0,0,0,0
2.624015,0,0,0,0
2.625613,0,0,0,0
2.627223,0,0,0,0
2.628820,0,0,0,0
2.630428,0,0,0,0
2.632020,0,0,0,0
2.633617,0,0,0,0
2.635211,0,0,0,0
2.636809,0,0,0,0
2.638417,0,0,0,0
2.640016,0,0,0,0
2.641612,0,0,0,0
2.643206,0,0,0,0
2.644802,0,0,0,0
2.646398,0,0,0,0
2.647997,0,0,0,0
2.649607,0,0,0,0
2.651202,0,0,0,0
2.652842,0,0,0,0
2.654440,0,0,0,0
2.656037,0,0,0,0
2.657633,0,0,0,0
2.659227,0,0,0,0
2.660701,0,0,0,0
2.662264,0,0,0,0
2.663726,0,0,0,0
2.665291,0,0,0,0
2.666885,0,0,0,0
2.668483,0,0,0,0
2.670080,0,0,0,0
2.671553,0,0,0,0
2.673125,0,0,0,0
2.674720,0,0,0,0
2.676317,0,0,0,0
2.677915,0,0,0,0
2.679509,0,0,0,0
2.681130,0,0,0,0
2.682737,0,0,0,0
2.684334,0,0,0,0
2.685981,0,0,0,0
2.687575,0,0,0,0
2.689175,0,0,0,0
2.690769,0,0,0,0
2.692366,0,0,0,0
2.693977,0,0,0,0
2.695571,0,0,0,0
2.697171,0,0,0,0
2.698765,0,0,0,0
2.700364,0,0,0,0
2.702010,0,0,0,0
2.703604,0,0,0,0
2.705217,0,0,0,0
2.706809,0,0,0,0
2.708534,0,0,0,0
2.710028,0,0,0,0
2.711462,0,0,0,0
2.712915,0,0,0,0
2.714385,0,0,0,0
2.715830,0,0,0,0
2.717303,0,0,0,0
2.718729,0,0,0,0
2.720359,0,0,0,0
2.721956,0,0,0,0
2.723551,0,0,0,0
2.725153,0,0,0,0
2.726629,0,0,0,0
2.728199,0,0,0,0
2.729797,0,0,0,0
2.731393,0,0,0,0
2.732993,0,0,0,0
2.734639,0,0,0,0
2.736237,0,0,0,0
2.737848,0,0,0,0
2.739443,0,0,0,0
2.741040,0,0,0,0
2.742626,0,0,0,0
2.744080,0,0,0,0
2.745644,0,0,0,0
2.747237,0,0,0,0
2.748709,0,0,0,0
2.750276,0,0,0,0
2.751873,0,0,0,0
2.753489,0,0,0,0
2.754960,0,0,0,0
2.756526,0,0,0,0
2.758121,0,0,0,0
2.759732,0,0,0,0
2.761321,0,0,0,0
2.762914,0,0,0,0
2.764508,0,0,0,0
2.766105,0,0,0,0
2.767752,0,0,0,0
2.769344,0,0,0,0
2.770952,0,0,0,0
2.772547,0,0,0,0
2.774143,0,0,0,0
2.775740,0,0,0,0
2.777335,0,0,0,0
2.778926,0,0,0,0
2.780523,0,0,0,0
2.782006,0,0,0,0
2.783650,0,0,0,0
2.785392,0,0,0,0
2.787067,0,0,0,0
2.788590,0,0,0,0
2.790233,0,0,0,0
2.791912,0,0,0,0
2.793454,0,0,0,0
2.795098,0,0,0,0
2.796774,0,0,0,0
2.798305,0,0,0,0
2.799954,0,0,0,0
2.801632,0,0,0,0
2.803309,0,0,0,0
2.805107,0,0,0,0
2.806785,0,0,0,0
2.808466,0,0,0,0
2.810147,0,0,0,0
2.811828,0,0,0,0
2.813571,0,0,0,0
2.815264,0,0,0,0
2.817001,0,0,0,0
2.818678,0,0,0,0
2.820359,0,0,0,0
2.822039,0,0,0,0
2.823721,0,0,0,0
2.825266,0,0,0,0
2.826913,0,0,0,0
2.828592,0,0,0,0
2.830273,0,0,0,0
2.831952,0,0,0,0
2.833631,0,0,0,0
2.835305,0,0,0,0
2.836943,0,0,0,0
2.838588,0,0,0,0
2.840267,0,0,0,0
2.841944,0,0,0,0
2.843620,0,0,0,0
2.845363,0,0,0,0
2.847039,0,0,0,0
2.848733,0,0,0,0
2.850410,0,0,0,0
2.852088,0,0,0,0
2.853767,0,0,0,0
2.855443,0,0,0,0
2.857123,0,0,0,0
2.858664,0,0,0,0
2.860311,0,0,0,0
2.861841,0,0,0,0
2.863483,0,0,0,0
2.865164,0,0,0,0
2.866840,0,0,0,0
2.868519,0,0,0,0
2.870203,0,0,0,0
2.871876,0,0,0,0
2.873552,0,0,0,0
2.875225,0,0,0,0
2.876901,0,0,0,0
2.878634,0,0,0,0
2.880324,0,0,0,0
2.881997,0,0,0,0
2.883673,0,0,0,0
2.885358,0,0,0,0
2.887001,0,0,0,0
2.888679,0,0,0,0
2.890372,0,0,0,0
2.891942,0,0,0,0
2.893589,0,0,0,0
2.895183,0,0,0,0
2.896779,0,0,0,0
2.898377,0,0,0,0
2.899975,0,0,0,0
2.901586,0,0,0,0
2.904025,0,0,0,0
2.909683,0,0,0,0
2.911104,0,0,0,0
2.912506,0,0,0,0
2.913886,0,0,0,0
2.915259,0,0,0,0
2.916635,0,0,0,0
2.918009,0,0,0,0
2.919381,0,0,0,0
2.920882,0,0,0,0
2.922256,0,0,0,0
2.923642,0,0,0,0
2.925018,0,0,0,0
2.926738,0,0,0,0
2.928333,0,0,0,0
2.929928,0,0,0,0
2.931522,0,0,0,0
2.933085,0,0,0,0
2.934660,0,0,0,0
2.936260,0,0,0,0
2.937858,0,0,0,0
2.939453,0,0,0,0
2.941055,0,0,0,0
2.942701,0,0,0,0
2.944300,0,0,0,0
2.945784,0,0,0,0
2.947430,0,0,0,0
2.949112,0,0,0,0
2.950789,0,0,0,0
2.952470,0,0,0,0
2.954149,0,0,0,0
2.955830,0,0,0,0
2.957440,0,0,0,0
2.959125,0,0,0,0
2.960804,0,0,0,0
2.962484,0,0,0,0
2.964165,0,0,0,0
2.965844,0,0,0,0
2.967536,0,0,0,0
2.969214,0,0,0,0
2.970886,0,0,0,0
2.972476,0,0,0,0
2.974070,0,0,0,0
2.975660,0,0,0,0
2.977170,0,0,0,0
2.978607,0,0,0,0
2.980171,0,0,0,0
2.981766,0,0,0,0
2.983357,0,0,0,0
2.985011,0,0,0,0
2.986604,0,0,0,0
2.988196,0,0,0,0
2.989853,0,0,0,0
2.991445,0,0,0,0
2.993043,0,0,0,0
2.994635,0,0,0,0
2.996232,0,0,0,0
2.997827,0,0,0,0
2.999437,0,0,0,0
3.000981,0,0,0,0
3.002624,0,0,0,0
3.004294,0,0,0,0
3.006028,0,0,0,0
3.007783,0,0,0,0
3.009484,0,0,0,0
3.011174,0,0,0,0
3.012851,0,0,0,0
3.014528,0,0,0,0
3.016206,0,0,0,0
3.017884,0,0,0,0
3.019558,0,0,0,0
3.021104,0,0,0,0
3.022814,0,0,0,0
3.024491,0,0,0,0
3.026168,0,0,0,0
3.027844,0,0,0,0
3.029522,0,0,0,0
3.031197,0,0,0,0
3.032738,0,0,0,0
3.034383,0,0,0,0
3.036060,0,0,0,0
3.037801,0,0,0,0
3.039476,0,0,0,0
3.041156,0,0,0,0
3.042831,0,0,0,0
3.044525,0,0,0,0
3.046186,0,0,0,0
3.048079,0,0,0,0
3.049780,0,0,0,0
3.051447,0,0,0,0
3.053295,0,0,0,0
3.055015,0,0,0,0
3.056536,0,0,0,0
3.058003,0,0,0,0
3.060024,0,0,0,0
3.061452,0,0,0,0
3.062876,0,0,0,0
3.064300,0,0,0,0
3.065734,0,0,0,0
3.067292,0,0,0,0
3.068749,0,0,0,0
3.070316,0,0,0,0
3.071941,0,0,0,0
3.073539,0,0,0,0
3.075134,0,0,0,0
3.076745,0,0,0,0
3.078343,0,0,0,0
3.079941,0,0,0,0
3.081537,0,0,0,0
3.083132,0,0,0,0
3.084730,0,0,0,0
3.086328,0,0,0,0
3.087940,0,0,0,0
3.089538,0,0,0,0
3.091133,0,0,0,0
3.092729,0,0,0,0
3.094325,0,0,0,0
3.095924,0,0,0,0
3.097520,0,0,0,0
3.099128,0,0,0,0
3.100725,0,0,0,0
3.102322,0,0,0,0
3.103922,0,0,0,0
3.105519,0,0,0,0
3.107111,0,0,0,0
3.108797,0,0,0,0
3.110341,0,0,0,0
3.111990,0,0,0,0
3.113669,0,0,0,0
3.115345,0,0,0,0
3.117089,0,0,0,0
3.118831,0,0,0,0
3.120378,0,0,0,0
3.122025,0,0,0,0
3.123794,0,0,0,0
3.125495,0,0,0,0
3.127172,0,0,0,0
3.128850,0,0,0,0
3.130542,0,0,0,0
3.132223,0,0,0,0
3.133964,0,0,0,0
3.135642,0,0,0,0
3.137403,0,0,0,0
3.139079,0,0,0,0
3.140772,0,0,0,0
3.142450,0,0,0,0
3.144131,0,0,0,0
3.145810,0,0,0,0
3.147487,0,0,0,0
3.149166,0,0,0,0
3.150882,0,0,0,0
3.152564,0,0,0,0
3.154244,0,0,0,0
3.155925,0,0,0,0
3.157604,0,0,0,0
3.159280,0,0,0,0
3.160925,0,0,0,0
3.162562,0,0,0,0
3.164085,0,0,0,0
3.165793,0,0,0,0
3.167468,0,0,0,0
3.169149,0,0,0,0
3.170824,0,0,0,0
3.172517,0,0,0,0
3.174194,0,0,0,0
3.175872,0,0,0,0
3.177550,0,0,0,0
3.179225,0,0,0,0
3.180901,0,0,0,0
3.182657,0,0,0,0
3.184334,0,0,0,0
3.186012,0,0,0,0
3.187777,0,0,0,0
3.189475,0,0,0,0
3.191150,0,0,0,0
3.192840,0,0,0,0
3.194516,0,0,0,0
3.196194,0,0,0,0
3.197934,0,0,0,0
3.199609,0,0,0,0
3.201141,0,0,0,0
3.202787,0,0,0,0
3.204482,0,0,0,0
3.206162,0,0,0,0
3.207844,0,0,0,0
3.209523,0,0,0,0
3.211200,0,0,0,0
3.212879,0,0,0,0
3.214485,0,0,0,0
3.216135,0,0,0,0
3.217814,0,0,0,0
3.219492,0,0,0,0
3.221057,0,0,0,0
3.222549,0,0,0,0
3.224042,0,0,0,0
3.225739,0,0,0,0
3.227415,0,0,0,0
3.229099,0,0,0,0
3.230842,0,0,0,0
3.232445,0,0,0,0
3.234157,0,0,0,0
3.235854,0,0,0,0
3.237532,0,0,0,0
3.239209,0,0,0,0
3.240888,0,0,0,0
3.242568,0,0,0,0
3.244249,0,0,0,0
3.245797,0,0,0,0
3.247443,0,0,0,0
3.249126,0,0,0,0
3.250805,0,0,0,0
3.252488,0,0,0,0
3.254159,0,0,0,0
3.255942,0,0,0,0
3.257630,0,0,0,0
3.259307,0,0,0,0
3.260920,0,0,0,0
3.262628,0,0,0,0
3.264310,0,0,0,0
3.265980,0,0,0,0
3.267518,0,0,0,0
3.269174,0,0,0,0
3.270843,0,0,0,0
3.272365,0,0,0,0
3.274011,0,0,0,0
3.276205,0,0,0,0
3.278091,0,0,0,0
3.279595,0,0,0,0
3.281090,0,0,0,0
3.282578,0,0,0,0
3.284067,0,0,0,0
3.285554,0,0,0,0
3.287042,0,0,0,0
3.288705,0,0,0,0
3.290383,0,0,0,0
3.292479,0,0,0,0
3.294160,0,0,0,0
3.295839,0,0,0,0
3.297518,0,0,0,0
3.299210,0,0,0,0
3.300887,0,0,0,0
3.302564,0,0,0,0
3.304243,0,0,0,0
3.305921,0,0,0,0
3.307595,0,0,0,0
3.309153,0,0,0,0
3.310924,0,0,0,0
3.312606,0,0,0,0
3.314283,0,0,0,0
3.315962,0,0,0,0
3.317638,0,0,0,0
3.319328,0,0,0,0
3.320986,0,0,0,0
3.322630,0,0,0,0
3.324308,0,0,0,0
3.326050,0,0,0,0
3.327728,0,0,0,0
3.329421,0,0,0,0
3.331097,0,0,0,0
3.332772,0,0,0,0
3.334447,0,0,0,0
3.336094,0,0,0,0
3.337774,0,0,0,0
3.339315,0,0,0,0
3.341072,0,0,0,0
3.342799,0,0,0,0
3.344389,0,0,0,0
3.345952,0,0,0,0
3.347516,0,0,0,0
3.349171,0,0,0,0
3.350773,0,0,0,0
3.352455,0,0,0,0
3.354134,0,0,0,0
3.355813,0,0,0,0
3.357591,0,0,0,0
3.359265,0,0,0,0
3.360911,0,0,0,0
3.362549,0,0,0,0
3.364074,0,0,0,0
3.365722,0,0,0,0
3.367400,0,0,0,0
3.369078,0,0,0,0
3.370746,0,0,0,0
3.372288,0,0,0,0
3.373998,0,0,0,0
3.375677,0,0,0,0
3.377512,0,0,0,0
3.379190,0,0,0,0
3.380869,0,0,0,0
3.382563,0,0,0,0
3.384243,0,0,0,0
3.385922,0,0,0,0
3.387596,0,0,0,0
3.389340,0,0,0,0
3.391017,0,0,0,0
3.392712,0,0,0,0
3.394391,0,0,0,0
3.396071,0,0,0,0
3.397750,0,0,0,0
3.399427,0,0,0,0
3.401110,0,0,0,0
3.402653,0,0,0,0
3.404302,0,0,0,0
3.405831,0,0,0,0
3.407475,0,0,0,0
3.409157,0,0,0,0
3.410830,0,0,0,0
3.412511,0,0,0,0
3.414205,0,0,0,0
3.415887,0,0,0,0
3.417566,0,0,0,0
3.419243,0,0,0,0
3.420873,0,0,0,0
3.422520,0,0,0,0
3.424067,0,0,0,0
3.425714,0,0,0,0
3.427392,0,0,0,0
3.429071,0,0,0,0
3.430603,0,0,0,0
3.432254,0,0,0,0
3.433932,0,0,0,0
3.435623,0,0,0,0
3.437366,0,0,0,0
3.439042,0,0,0,0
3.440721,0,0,0,0
3.442402,0,0,0,0
3.444081,0,0,0,0
3.445627,0,0,0,0
3.447271,0,0,0,0
3.448917,0,0,0,0
3.450561,0,0,0,0
3.452239,0,0,0,0
3.453979,0,0,0,0
3.455656,0,0,0,0
3.457402,0,0,0,0
3.459078,0,0,0,0
3.460756,0,0,0,0
3.462434,0,0,0,0
3.464113,0,0,0,0
3.465792,0,0,0,0
3.467333,0,0,0,0
3.469207,0,0,0,0
3.470907,0,0,0,0
3.472588,0,0,0,0
3.474259,0,0,0,0
3.475933,0,0,0,0
3.477624,0,0,0,0
3.479301,0,0,0,0
3.481047,0,0,0,0
3.482722,0,0,0,0
3.484403,0,0,0,0
3.486085,0,0,0,0
3.487779,0,0,0,0
3.489458,0,0,0,0
3.491135,0,0,0,0
3.492814,0,0,0,0
3.494492,0,0,0,0
3.496174,0,0,0,0
3.497719,0,0,0,0
3.499366,0,0,0,0
3.501184,0,0,0,0
3.502882,0,0,0,0
3.504562,0,0,0,0
3.506241,0,0,0,0
3.507937,0,0,0,0
3.509614,0,0,0,0
3.511199,0,0,0,0
3.512702,0,0,0,0
3.514347,0,0,0,0
3.516027,0,0,0,0
3.517767,0,0,0,0
3.519311,0,0,0,0
3.521075,0,0,0,0
3.522751,0,0,0,0
3.524431,0,0,0,0
3.526110,0,0,0,0
3.527792,0,0,0,0
3.529485,0,0,0,0
3.531162,0,0,0,0
3.532841,0,0,0,0
3.534520,0,0,0,0
3.536200,0,0,0,0
3.537879,0,0,0,0
3.539424,0,0,0,0
3.541075,0,0,0,0
3.542636,0,0,0,0
3.544134,0,0,0,0
3.545778,0,0,0,0
3.547454,0,0,0,0
3.549138,0,0,0,0
3.550895,0,0,0,0
3.552577,0,0,0,0
3.554112,0,0,0,0
3.555766,0,0,0,0
3.557446,0,0,0,0
3.559123,0,0,0,0
3.560803,0,0,0,0
3.562350,0,0,0,0
3.564001,0,0,0,0
3.565743,0,0,0,0
3.567422,0,0,0,0
3.569106,0,0,0,0
3.570783,0,0,0,0
3.572466,0,0,0,0
3.574161,0,0,0,0
3.575842,0,0,0,0
3.577514,0,0,0,0
3.579183,0,0,0,0
3.580708,0,0,0,0
3.582354,0,0,0,0
3.584035,0,0,0,0
3.585580,0,0,0,0
3.587226,0,0,0,0
3.588754,0,0,0,0
3.590398,0,0,0,0
3.592077,0,0,0,0
3.593757,0,0,0,0
3.595433,0,0,0,0
3.597130,0,0,0,0
3.598872,0,0,0,0
3.600552,0,0,0,0
3.602229,0,0,0,0
3.603760,0,0,0,0
3.605399,0,0,0,0
3.607067,0,0,0,0
3.608611,0,0,0,0
3.610266,0,0,0,0
3.611949,0,0,0,0
3.613693,0,0,0,0
3.615372,0,0,0,0
3.617058,0,0,0,0
3.618736,0,0,0,0
3.620434,0,0,0,0
3.622116,0,0,0,0
3.623800,0,0,0,0
3.625479,0,0,0,0
3.627158,0,0,0,0
3.628840,0,0,0,0
3.630444,0,0,0,0
3.632095,0,0,0,0
3.633776,0,0,0,0
3.635455,0,0,0,0
3.637136,0,0,0,0
3.638805,0,0,0,0
3.640512,0,0,0,0
3.642173,0,0,0,0
3.643854,0,0,0,0
3.645596,0,0,0,0
3.647274,0,0,0,0
3.649018,0,0,0,0
3.650695,0,0,0,0
3.652244,0,0,0,0
3.654006,0,0,0,0
3.655766,0,0,0,0
3.657470,0,0,0,0
3.659150,0,0,0,0
3.660830,0,0,0,0
3.662583,0,0,0,0
3.664266,0,0,0,0
3.665947,0,0,0,0
3.667626,0,0,0,0
3.669388,0,0,0,0
3.671066,0,0,0,0
3.672610,0,0,0,0
3.674258,0,0,0,0
3.675941,0,0,0,0
3.677684,0,0,0,0
3.679363,0,0,0,0
3.681121,0,0,0,0
3.682803,0,0,0,0
3.684330,0,0,0,0
3.685975,0,0,0,0
3.687653,0,0,0,0
3.689205,0,0,0,0
3.690849,0,0,0,0
3.692528,0,0,0,0
3.694075,0,0,0,0
3.695723,0,0,0,0
3.697403,0,0,0,0
3.699080,0,0,0,0
3.700758,0,0,0,0
3.702439,0,0,0,0
3.704119,0,0,0,0
3.705813,0,0,0,0
3.707490,0,0,0,0
3.709200,0,0,0,0
3.710752,0,0,0,0
3.712406,0,0,0,0
3.714086,0,0,0,0
3.715767,0,0,0,0
3.717316,0,0,0,0
3.718962,0,0,0,0
3.720643,0,0,0,0
3.722324,0,0,0,0
3.724006,0,0,0,0
3.725748,0,0,0,0
3.727427,0,0,0,0
3.729125,0,0,0,0
3.730803,0,0,0,0
3.732485,0,0,0,0
3.734036,0,0,0,0
3.735644,0,0,0,0
3.737164,0,0,0,0
3.738707,0,0,0,0
3.740220,0,0,0,0
3.741777,0,0,0,0
3.743269,0,0,0,0
3.744910,0,0,0,0
3.746591,0,0,0,0
3.748270,0,0,0,0
3.749951,0,0,0,0
3.751644,0,0,0,0
3.753304,0,0,0,0
3.754983,0,0,0,0
3.756663,0,0,0,0
3.758382,0,0,0,0
3.760064,0,0,0,0
3.761612,0,0,0,0
3.763257,0,0,0,0
3.764995,0,0,0,0
3.766664,0,0,0,0
3.768187,0,0,0,0
3.769835,0,0,0,0
3.771513,0,0,0,0
3.773151,0,0,0,0
3.774709,0,0,0,0
3.776354,0,0,0,0
3.778035,0,0,0,0
3.779717,0,0,0,0
3.781396,0,0,0,0
3.783076,0,0,0,0
3.784616,0,0,0,0
3.786257,0,0,0,0
3.787936,0,0,0,0
3.789682,0,0,0,0
3.791604,0,0,0,0
3.794141,0,0,0,0
3.795708,0,0,0,0
3.797203,0,0,0,0
3.798694,0,0,0,0
3.800185,0,0,0,0
3.801676,0,0,0,0
3.803163,0,0,0,0
3.804804,0,0,0,0
3.806408,0,0,0,0
3.808056,0,0,0,0
3.809731,0,0,0,0
3.811385,0,0,0,0
3.813080,0,0,0,0
3.814743,0,0,0,0
3.816421,0,0,0,0
3.818110,0,0,0,0
3.819788,0,0,0,0
3.821524,0,0,0,0
3.823197,0,0,0,0
3.824876,0,0,0,0
3.826555,0,0,0,0
3.828102,0,0,0,0
3.829747,0,0,0,0
3.831424,0,0,0,0
3.833106,0,0,0,0
3.834781,0,0,0,0
3.836461,0,0,0,0
3.838141,0,0,0,0
3.839835,0,0,0,0
3.841514,0,0,0,0
3.843191,0,0,0,0
3.844870,0,0,0,0
3.846548,0,0,0,0
3.848228,0,0,0,0
3.849774,0,0,0,0
3.851418,0,0,0,0
3.853099,0,0,0,0
3.854840,0,0,0,0
3.856520,0,0,0,0
3.858198,0,0,0,0
3.859880,0,0,0,0
3.861574,0,0,0,0
3.863250,0,0,0,0
3.864893,0,0,0,0
3.866540,0,0,0,0
3.868218,0,0,0,0
3.869956,0,0,0,0
3.871498,0,0,0,0
3.873317,0,0,0,0
3.874995,0,0,0,0
3.876675,0,0,0,0
3.878356,0,0,0,0
3.880038,0,0,0,0
3.881733,0,0,0,0
3.883411,0,0,0,0
3.885096,0,0,0,0
3.886841,0,0,0,0
3.888523,0,0,0,0
3.890194,0,0,0,0
3.891835,0,0,0,0
3.893483,0,0,0,0
3.895161,0,0,0,0
3.896839,0,0,0,0
3.898516,0,0,0,0
3.900197,0,0,0,0
3.901952,0,0,0,0
3.903630,0,0,0,0
3.905268,0,0,0,0
3.906914,0,0,0,0
3.908590,0,0,0,0
3.910267,0,0,0,0
3.911839,0,0,0,0
3.913494,0,0,0,0
3.915172,0,0,0,0
3.916852,0,0,0,0
3.918533,0,0,0,0
3.920215,0,0,0,0
3.921895,0,0,0,0
3.923590,0,0,0,0
3.925274,0,0,0,0
3.926953,0,0,0,0
3.928632,0,0,0,0
3.930312,0,0,0,0
3.931994,0,0,0,0
3.933604,0,0,0,0
3.935251,0,0,0,0
3.936863,0,0,0,0
3.938511,0,0,0,0
3.940191,0,0,0,0
3.941870,0,0,0,0
3.943548,0,0,0,0
3.945246,0,0,0,0
3.946925,0,0,0,0
3.948601,0,0,0,0
3.950283,0,0,0,0
3.951964,0,0,0,0
3.953646,0,0,0,0
3.955191,0,0,0,0
3.956841,0,0,0,0
3.958523,0,0,0,0
3.960205,0,0,0,0
3.961884,0,0,0,0
3.963562,0,0,0,0
3.965311,0,0,0,0
3.967005,0,0,0,0
3.968686,0,0,0,0
3.970365,0,0,0,0
3.972048,0,0,0,0
3.973727,0,0,0,0
3.975406,0,0,0,0
3.976957,0,0,0,0
3.978604,0,0,0,0
3.980285,0,0,0,0
3.982027,0,0,0,0
3.983710,0,0,0,0
3.985390,0,0,0,0
3.987068,0,0,0,0
3.988762,0,0,0,0
3.990443,0,0,0,0
3.992125,0,0,0,0
3.993796,0,0,0,0
3.995464,0,0,0,0
3.997290,0,0,0,0
3.998981,0,0,0,0
4.000095,0,0,0,0
