elapsed_s,VPC_US_STREAMOUT_TRANSACTION,VPC_US_NUM_GMEM_READ_SO,VPC_US_STARVE_CYCLES_UCHE_RD,VPC_US_STALL_CYCLES_PRG_END_VPCUS,VPC_US_STARVE_CYCLES_REORDER,VPC_US_BOTTLENECK
0.001105,0,0,0,0,309417,0
0.002911,0,0,0,0,219510,0
0.004415,0,0,0,0,213597,0
0.005893,0,0,0,0,215943,0
0.007377,0,0,0,0,215235,0
0.008851,0,0,0,0,214260,0
0.010446,0,0,0,0,225129,0
0.011974,0,0,0,0,216690,0
0.013514,0,0,0,0,215028,0
0.015046,0,0,0,0,216939,0
0.016631,0,0,0,0,212940,0
0.018083,0,0,0,0,227490,0
0.019602,0,0,0,0,213543,0
0.021059,0,0,0,0,206754,0
0.022503,0,0,0,0,205440,0
0.023949,0,0,0,0,206184,0
0.025395,0,0,0,0,208014,0
0.026842,0,0,0,0,206850,0
0.028286,0,0,0,0,205413,0
0.029731,0,0,0,0,251907,0
0.031297,0,0,0,0,221064,0
0.032780,0,0,0,0,270264,0
0.034333,0,0,0,0,263697,0
0.035892,0,0,0,0,263583,0
0.037450,0,0,0,0,263625,0
0.039008,0,0,0,0,269232,0
0.040579,0,0,0,0,264939,0
0.042148,0,0,0,0,264966,0
0.043710,0,0,0,0,264303,0
0.045268,0,0,0,0,264273,0
0.046830,0,0,0,0,267303,0
0.048487,0,0,0,0,238503,0
0.049954,0,0,0,0,247410,0
0.051525,0,0,0,0,261906,0
0.053044,0,0,0,0,249783,0
0.054604,0,0,0,0,247011,0
0.056108,0,0,0,0,247575,0
0.057613,0,0,0,0,247944,0
0.059218,0,0,0,0,247170,0
0.060744,0,0,0,0,249513,0
0.062255,0,0,0,0,218397,0
0.063656,0,0,0,0,205104,0
0.065028,0,0,0,0,204486,0
0.066474,0,0,0,0,178749,0
0.067833,0,0,0,0,183309,0
0.069236,0,0,0,0,181728,0
0.070618,0,0,0,0,182556,0
0.071990,0,0,0,0,180699,0
0.073352,0,0,0,0,180393,0
0.074737,0,0,0,0,178467,0
0.076092,0,0,0,0,179835,0
0.077451,0,0,0,0,177819,0
0.078809,0,0,0,0,191844,0
0.080233,0,0,0,0,246975,0
0.081845,0,0,0,0,196875,0
0.083256,0,0,0,0,194658,0
0.084654,0,0,0,0,191778,0
0.086063,0,0,0,0,225684,0
0.087530,0,0,0,0,190503,0
0.088929,0,0,0,0,191034,0
0.090467,0,0,0,0,206205,0
0.091931,0,0,0,0,193884,0
0.093337,0,0,0,0,192255,0
0.094739,0,0,0,0,325455,0
0.095952,0,0,0,0,1599762,0
0.097308,0,0,0,0,1266888,0
0.098660,0,0,0,0,1270650,0
0.100015,0,0,0,0,1269684,0
0.101367,0,0,0,0,1266459,0
0.102722,0,0,0,0,1305963,0
0.104077,0,0,0,0,1308261,0
0.105432,0,0,0,0,1276005,0
0.106804,0,0,0,0,1262388,0
0.108157,0,0,0,0,1270929,0
0.109509,0,0,0,0,1248786,0
0.110855,0,0,0,0,1374990,0
0.112303,0,0,0,0,1251624,0
0.113867,0,0,0,0,1746912,0
0.115465,0,0,0,0,1304544,0
0.116857,0,0,0,0,1269099,0
0.118213,0,0,0,0,1340856,0
0.119754,0,0,0,0,1341213,0
0.121157,0,0,0,0,1268976,0
0.122510,0,0,0,0,1290903,0
0.123862,0,0,0,0,1254888,0
0.125208,0,0,0,0,1259262,0
0.126563,0,0,0,0,1269003,0
0.127944,0,0,0,0,1233132,0
0.129343,0,0,0,0,1254138,0
0.130735,0,0,0,0,1248537,0
0.132129,0,0,0,0,1193568,0
0.133518,0,0,0,0,1248075,0
0.134909,0,0,0,0,1246956,0
0.136300,0,0,0,0,1249257,0
0.137691,0,0,0,0,1256601,0
0.139094,0,0,0,0,1229715,0
0.140490,0,0,0,0,1260813,0
0.141886,0,0,0,0,1262310,0
0.143283,0,0,0,0,1254681,0
0.144678,0,0,0,0,1262157,0
0.146128,0,0,0,0,1548765,0
0.147741,0,0,0,0,1295943,0
0.149313,0,0,0,0,1291167,0
0.150889,0,0,0,0,1365084,0
0.152347,0,0,0,0,1268001,0
0.153878,0,0,0,0,1305621,0
0.155443,0,0,0,0,1331208,0
0.157004,0,0,0,0,1323366,0
0.158566,0,0,0,0,1301733,0
0.160184,0,0,0,0,1298595,0
0.161744,0,0,0,0,1323732,0
0.163368,0,0,0,0,1469643,0
0.164980,0,0,0,0,1296210,0
0.166542,0,0,0,0,1298394,0
0.168105,0,0,0,0,1299051,0
0.169664,0,0,0,0,1294461,0
0.171237,0,0,0,0,1296645,0
0.172798,0,0,0,0,1293744,0
0.174363,0,0,0,0,1302726,0
0.175969,0,0,0,0,1324506,0
0.177529,0,0,0,0,1303092,0
0.179091,0,0,0,0,1302504,0
0.180654,0,0,0,0,1299162,0
0.182231,0,0,0,0,1301157,0
0.183793,0,0,0,0,1296945,0
0.185353,0,0,0,0,1303224,0
0.186918,0,0,0,0,1294434,0
0.188480,0,0,0,0,1295511,0
0.190040,0,0,0,0,1362543,0
0.191497,0,0,0,0,1428837,0
0.193092,0,0,0,0,1300299,0
0.194658,0,0,0,0,1287609,0
0.196211,0,0,0,0,1283847,0
0.197762,0,0,0,0,1724307,0
0.199449,0,0,0,0,1316895,0
0.201002,0,0,0,0,1284357,0
0.202434,0,0,0,0,1267293,0
0.203979,0,0,0,0,1298295,0
0.205541,0,0,0,0,1296738,0
0.207106,0,0,0,0,1307136,0
0.208671,0,0,0,0,1303593,0
0.210236,0,0,0,0,1304544,0
0.211799,0,0,0,0,1303269,0
0.213232,0,0,0,0,1258824,0
0.214642,0,0,0,0,1249416,0
0.216035,0,0,0,0,1197309,0
0.217424,0,0,0,0,1242408,0
0.218813,0,0,0,0,1248294,0
0.220203,0,0,0,0,1242186,0
0.221591,0,0,0,0,1245375,0
0.222980,0,0,0,0,1245057,0
0.224414,0,0,0,0,1249605,0
0.225813,0,0,0,0,1678152,0
0.227344,0,0,0,0,1277988,0
0.228733,0,0,0,0,1246338,0
0.230392,0,0,0,0,1272918,0
0.231781,0,0,0,0,1234302,0
0.233170,0,0,0,0,1245399,0
0.234678,0,0,0,0,1249020,0
0.236080,0,0,0,0,1281561,0
0.237468,0,0,0,0,1245813,0
0.238856,0,0,0,0,1247112,0
0.240295,0,0,0,0,1235928,0
0.241660,0,0,0,0,1198980,0
0.243024,0,0,0,0,1194678,0
0.244388,0,0,0,0,1225959,0
0.245750,0,0,0,0,1193631,0
0.247121,0,0,0,0,1197705,0
0.248487,0,0,0,0,1196574,0
0.249851,0,0,0,0,1367997,0
0.251266,0,0,0,0,1197399,0
0.252631,0,0,0,0,1201395,0
0.253997,0,0,0,0,1178862,0
0.255355,0,0,0,0,1316784,0
0.256749,0,0,0,0,1165002,0
0.258119,0,0,0,0,1511349,0
0.259586,0,0,0,0,1173546,0
0.260936,0,0,0,0,1166226,0
0.262284,0,0,0,0,1168536,0
0.263632,0,0,0,0,1164267,0
0.264981,0,0,0,0,1192809,0
0.266328,0,0,0,0,1163286,0
0.267676,0,0,0,0,1198929,0
0.269031,0,0,0,0,1162842,0
0.270867,0,0,0,0,1173609,0
0.272249,0,0,0,0,1429137,0
0.273667,0,0,0,0,1445424,0
0.275085,0,0,0,0,1448616,0
0.276504,0,0,0,0,1441881,0
0.277920,0,0,0,0,1390806,0
0.279282,0,0,0,0,1457364,0
0.280708,0,0,0,0,1452171,0
0.282130,0,0,0,0,1450740,0
0.283502,0,0,0,0,1448919,0
0.284871,0,0,0,0,1448724,0
0.286290,0,0,0,0,1445655,0
0.287674,0,0,0,0,1445421,0
0.289043,0,0,0,0,1448046,0
0.290418,0,0,0,0,1446147,0
0.291787,0,0,0,0,1453590,0
0.293208,0,0,0,0,2774769,0
0.294625,0,0,0,0,1121031,0
0.295886,0,0,0,0,1449123,0
0.297255,0,0,0,0,1120746,0
0.298516,0,0,0,0,1118805,0
0.299776,0,0,0,0,1444779,0
0.301147,0,0,0,0,1442922,0
0.302564,0,0,0,0,1447209,0
0.303946,0,0,0,0,1445616,0
0.305387,0,0,0,0,2398614,0
0.306741,0,0,0,0,1288773,0
0.308108,0,0,0,0,1259544,0
0.309460,0,0,0,0,1273455,0
0.310818,0,0,0,0,1275003,0
0.312235,0,0,0,0,1273491,0
0.313589,0,0,0,0,1274895,0
0.314945,0,0,0,0,1276107,0
0.316301,0,0,0,0,1275294,0
0.317655,0,0,0,0,1260240,0
0.319004,0,0,0,0,1257462,0
0.320368,0,0,0,0,1266513,0
0.321774,0,0,0,0,1202394,0
0.323312,0,0,0,0,1567518,0
0.324703,0,0,0,0,1188963,0
0.326172,0,0,0,0,1213179,0
0.327607,0,0,0,0,6142725,0
0.332143,0,0,0,0,1204128,0
0.333553,0,0,0,0,1198461,0
0.334945,0,0,0,0,1198719,0
0.336385,0,0,0,0,1193694,0
0.337776,0,0,0,0,1191117,0
0.339245,0,0,0,0,1377507,0
0.340643,0,0,0,0,1209135,0
0.342040,0,0,0,0,1634754,0
0.343590,0,0,0,0,1221426,0
0.344959,0,0,0,0,1206585,0
0.346313,0,0,0,0,1208679,0
0.347665,0,0,0,0,1207281,0
0.349014,0,0,0,0,1201026,0
0.350369,0,0,0,0,1207836,0
0.351853,0,0,0,0,1281765,0
0.353300,0,0,0,0,1211196,0
0.354848,0,0,0,0,1246782,0
0.356413,0,0,0,0,1239453,0
0.357975,0,0,0,0,1262130,0
0.359544,0,0,0,0,1244097,0
0.361107,0,0,0,0,1240149,0
0.362673,0,0,0,0,1247328,0
0.364238,0,0,0,0,1241394,0
0.365811,0,0,0,0,1255998,0
0.367378,0,0,0,0,1386417,0
0.368987,0,0,0,0,1244550,0
0.370463,0,0,0,0,1248369,0
0.372027,0,0,0,0,1245630,0
0.373590,0,0,0,0,1243467,0
0.375154,0,0,0,0,1227840,0
0.376722,0,0,0,0,1229853,0
0.378406,0,0,0,0,1685406,0
0.380002,0,0,0,0,1236402,0
0.381408,0,0,0,0,1179291,0
0.382809,0,0,0,0,1153587,0
0.384253,0,0,0,0,1189146,0
0.385649,0,0,0,0,1190424,0
0.387056,0,0,0,0,1192758,0
0.388583,0,0,0,0,1241355,0
0.390146,0,0,0,0,1239597,0
0.391610,0,0,0,0,1434591,0
0.393086,0,0,0,0,1239282,0
0.394489,0,0,0,0,1161411,0
0.395886,0,0,0,0,1140855,0
0.397295,0,0,0,0,1201659,0
0.398693,0,0,0,0,1170444,0
0.400140,0,0,0,0,1355463,0
0.401716,0,0,0,0,1624401,0
0.403323,0,0,0,0,1288491,0
0.404887,0,0,0,0,1279836,0
0.406449,0,0,0,0,1268319,0
0.407954,0,0,0,0,1215582,0
0.409547,0,0,0,0,1247235,0
0.411111,0,0,0,0,1243248,0
0.412673,0,0,0,0,1241901,0
0.414236,0,0,0,0,1241898,0
0.415842,0,0,0,0,1232856,0
0.417403,0,0,0,0,1243569,0
0.418976,0,0,0,0,1243209,0
0.420441,0,0,0,0,1663278,0
0.421987,0,0,0,0,1274301,0
0.423366,0,0,0,0,1203684,0
0.424717,0,0,0,0,1231191,0
0.426064,0,0,0,0,1436607,0
0.427489,0,0,0,0,1197357,0
0.428856,0,0,0,0,1203933,0
0.430204,0,0,0,0,1237662,0
0.431555,0,0,0,0,1343952,0
0.432947,0,0,0,0,1197537,0
0.434349,0,0,0,0,1191933,0
0.435711,0,0,0,0,1204416,0
0.437058,0,0,0,0,1195278,0
0.438406,0,0,0,0,1210671,0
0.439765,0,0,0,0,1180182,0
0.441110,0,0,0,0,1168704,0
0.442455,0,0,0,0,1200435,0
0.443803,0,0,0,0,1206453,0
0.445152,0,0,0,0,1195938,0
0.446563,0,0,0,0,1239462,0
0.448045,0,0,0,0,1154433,0
0.449444,0,0,0,0,1143825,0
0.450825,0,0,0,0,1105746,0
0.452191,0,0,0,0,1149021,0
0.453555,0,0,0,0,1143660,0
0.454920,0,0,0,0,1176642,0
0.456287,0,0,0,0,1148217,0
0.457651,0,0,0,0,1148079,0
0.459017,0,0,0,0,1146960,0
0.460383,0,0,0,0,1147614,0
0.461756,0,0,0,0,1147791,0
0.463122,0,0,0,0,1146066,0
0.464525,0,0,0,0,1126146,0
0.465875,0,0,0,0,1088073,0
0.467217,0,0,0,0,1148190,0
0.468567,0,0,0,0,1119663,0
0.469916,0,0,0,0,1436595,0
0.471368,0,0,0,0,1114065,0
0.472723,0,0,0,0,1114881,0
0.474138,0,0,0,0,1109139,0
0.475486,0,0,0,0,1120284,0
0.476836,0,0,0,0,1115016,0
0.478431,0,0,0,0,1108566,0
0.479810,0,0,0,0,1360341,0
0.481229,0,0,0,0,1382781,0
0.482647,0,0,0,0,1068768,0
0.483963,0,0,0,0,1379649,0
0.485379,0,0,0,0,1379241,0
0.486797,0,0,0,0,1381119,0
0.488223,0,0,0,0,1394757,0
0.489655,0,0,0,0,1379319,0
0.491078,0,0,0,0,1391556,0
0.492499,0,0,0,0,1385373,0
0.493918,0,0,0,0,1382373,0
0.495338,0,0,0,0,1426119,0
0.496770,0,0,0,0,1385064,0
0.498245,0,0,0,0,6619368,0
0.501698,0,0,0,0,1803222,0
0.503474,0,0,0,0,1215018,0
0.504876,0,0,0,0,1234743,0
0.506326,0,0,0,0,1196715,0
0.507718,0,0,0,0,1197840,0
0.509109,0,0,0,0,1197513,0
0.510500,0,0,0,0,1194432,0
0.511987,0,0,0,0,1245537,0
0.513559,0,0,0,0,1624413,0
0.514958,0,0,0,0,1262772,0
0.516374,0,0,0,0,1264947,0
0.517769,0,0,0,0,1260159,0
0.519243,0,0,0,0,1276107,0
0.520645,0,0,0,0,1221525,0
0.522045,0,0,0,0,1593870,0
0.523548,0,0,0,0,1282524,0
0.524917,0,0,0,0,1263090,0
0.526270,0,0,0,0,1258401,0
0.527651,0,0,0,0,1255449,0
0.529045,0,0,0,0,1242417,0
0.530434,0,0,0,0,1244586,0
0.531822,0,0,0,0,1244355,0
0.533210,0,0,0,0,1253931,0
0.534602,0,0,0,0,1276080,0
0.535993,0,0,0,0,1249803,0
0.537383,0,0,0,0,1830198,0
0.538964,0,0,0,0,1209744,0
0.540355,0,0,0,0,1257444,0
0.541746,0,0,0,0,1248687,0
0.543137,0,0,0,0,1252134,0
0.544576,0,0,0,0,1256604,0
0.545966,0,0,0,0,1735020,0
0.547503,0,0,0,0,1284777,0
0.548897,0,0,0,0,1253742,0
0.550432,0,0,0,0,1306542,0
0.551993,0,0,0,0,1295448,0
0.553553,0,0,0,0,1292139,0
0.555114,0,0,0,0,1302072,0
0.556675,0,0,0,0,1299273,0
0.558238,0,0,0,0,1302651,0
0.559845,0,0,0,0,1292907,0
0.561418,0,0,0,0,1325175,0
0.562978,0,0,0,0,1295379,0
0.564536,0,0,0,0,1296687,0
0.566105,0,0,0,0,1325982,0
0.567668,0,0,0,0,1309857,0
0.569231,0,0,0,0,1299327,0
0.570798,0,0,0,0,1299018,0
0.572375,0,0,0,0,1301298,0
0.573937,0,0,0,0,1312755,0
0.575498,0,0,0,0,1437762,0
0.577097,0,0,0,0,1284663,0
0.578524,0,0,0,0,1252683,0
0.580055,0,0,0,0,1295652,0
0.581616,0,0,0,0,1299018,0
0.583191,0,0,0,0,1297374,0
0.584754,0,0,0,0,1296018,0
0.586319,0,0,0,0,1298199,0
0.587881,0,0,0,0,1299219,0
0.589442,0,0,0,0,1289334,0
0.591004,0,0,0,0,1292154,0
0.592442,0,0,0,0,1264983,0
0.593864,0,0,0,0,1265691,0
0.595391,0,0,0,0,1279584,0
0.596942,0,0,0,0,1282686,0
0.598463,0,0,0,0,1250517,0
0.599986,0,0,0,0,1284429,0
0.601538,0,0,0,0,1282752,0
0.602969,0,0,0,0,1258413,0
0.604512,0,0,0,0,1299549,0
0.606130,0,0,0,0,1293363,0
0.607733,0,0,0,0,1299525,0
0.609293,0,0,0,0,1296270,0
0.610857,0,0,0,0,1299369,0
0.612419,0,0,0,0,1296009,0
0.613979,0,0,0,0,1310418,0
0.615433,0,0,0,0,1173483,0
0.616964,0,0,0,0,1241235,0
0.618528,0,0,0,0,1245480,0
0.620090,0,0,0,0,1238451,0
0.621649,0,0,0,0,1268850,0
0.623210,0,0,0,0,1236606,0
0.625364,0,0,0,0,1231788,0
0.627104,0,0,0,0,1253253,0
0.628524,0,0,0,0,1168926,0
0.629918,0,0,0,0,1493613,0
0.631422,0,0,0,0,1192758,0
0.632810,0,0,0,0,1189143,0
0.634203,0,0,0,0,1275186,0
0.635621,0,0,0,0,1131573,0
0.637020,0,0,0,0,1162656,0
0.638454,0,0,0,0,1366728,0
0.639953,0,0,0,0,1372632,0
0.641387,0,0,0,0,1142748,0
0.642752,0,0,0,0,1143909,0
0.644116,0,0,0,0,1143711,0
0.645479,0,0,0,0,1142727,0
0.646843,0,0,0,0,1144521,0
0.648213,0,0,0,0,1146522,0
0.649576,0,0,0,0,1144383,0
0.650940,0,0,0,0,1146948,0
0.652303,0,0,0,0,1140360,0
0.653664,0,0,0,0,1144887,0
0.655027,0,0,0,0,1148625,0
0.656381,0,0,0,0,1390419,0
0.657799,0,0,0,0,1460457,0
0.659219,0,0,0,0,1409868,0
0.660593,0,0,0,0,1384239,0
0.661969,0,0,0,0,1401672,0
0.663375,0,0,0,0,1113948,0
0.664636,0,0,0,0,1385922,0
0.666005,0,0,0,0,1381500,0
0.667374,0,0,0,0,1384230,0
0.668743,0,0,0,0,1383009,0
0.670121,0,0,0,0,1380837,0
0.671489,0,0,0,0,1093719,0
0.672860,0,0,0,0,1254261,0
0.674218,0,0,0,0,1265433,0
0.675584,0,0,0,0,1224114,0
0.676938,0,0,0,0,1217382,0
0.678291,0,0,0,0,1644357,0
0.679827,0,0,0,0,1243848,0
0.681233,0,0,0,0,1214046,0
0.682589,0,0,0,0,1210425,0
0.683954,0,0,0,0,2054136,0
0.685523,0,0,0,0,1222830,0
0.686877,0,0,0,0,1203813,0
0.688244,0,0,0,0,1208172,0
0.689648,0,0,0,0,1226418,0
0.691042,0,0,0,0,1211205,0
0.692449,0,0,0,0,1179549,0
0.693848,0,0,0,0,1571751,0
0.695353,0,0,0,0,3086436,0
0.696637,0,0,0,0,1223547,0
0.698034,0,0,0,0,1178748,0
0.699405,0,0,0,0,1262577,0
0.700801,0,0,0,0,1260687,0
0.702197,0,0,0,0,1269924,0
0.703648,0,0,0,0,1250103,0
0.705044,0,0,0,0,1289850,0
0.706438,0,0,0,0,1248660,0
0.707826,0,0,0,0,1283196,0
0.709232,0,0,0,0,2687346,0
0.711074,0,0,0,0,1275624,0
0.712465,0,0,0,0,1247673,0
0.713866,0,0,0,0,1375596,0
0.715305,0,0,0,0,1184943,0
0.716692,0,0,0,0,1239681,0
0.718130,0,0,0,0,1243878,0
0.719523,0,0,0,0,1433994,0
0.720970,0,0,0,0,1276992,0
0.722359,0,0,0,0,1561947,0
0.723916,0,0,0,0,1251861,0
0.725305,0,0,0,0,1242369,0
0.726694,0,0,0,0,1251009,0
0.728083,0,0,0,0,1281141,0
0.729473,0,0,0,0,1245303,0
0.730864,0,0,0,0,1280031,0
0.732291,0,0,0,0,1279149,0
0.733681,0,0,0,0,1244445,0
0.735081,0,0,0,0,1235067,0
0.736480,0,0,0,0,1206741,0
0.738007,0,0,0,0,1317078,0
0.739575,0,0,0,0,1299063,0
0.741136,0,0,0,0,1298565,0
0.742700,0,0,0,0,1296786,0
0.744156,0,0,0,0,1298304,0
0.745726,0,0,0,0,1333371,0
0.747239,0,0,0,0,1264332,0
0.748773,0,0,0,0,1336593,0
0.750339,0,0,0,0,1304664,0
0.751946,0,0,0,0,1300197,0
0.753507,0,0,0,0,1307589,0
0.755072,0,0,0,0,1281534,0
0.756522,0,0,0,0,1259583,0
0.758056,0,0,0,0,1284453,0
0.759664,0,0,0,0,1282044,0
0.761216,0,0,0,0,1282116,0
0.762643,0,0,0,0,1238826,0
0.764175,0,0,0,0,1300659,0
0.765736,0,0,0,0,1298898,0
0.767366,0,0,0,0,1445121,0
0.768973,0,0,0,0,1300812,0
0.770537,0,0,0,0,1308123,0
0.772101,0,0,0,0,1297872,0
0.773663,0,0,0,0,1297902,0
0.775226,0,0,0,0,1301670,0
0.776789,0,0,0,0,1306365,0
0.778366,0,0,0,0,1306446,0
0.779930,0,0,0,0,1295973,0
0.781491,0,0,0,0,1305588,0
0.783055,0,0,0,0,1284696,0
0.784610,0,0,0,0,1280208,0
0.786269,0,0,0,0,1204014,0
0.787674,0,0,0,0,1261437,0
0.789085,0,0,0,0,1284237,0
0.790615,0,0,0,0,1290402,0
0.792174,0,0,0,0,1604304,0
0.793705,0,0,0,0,1306746,0
0.795242,0,0,0,0,1300260,0
0.796803,0,0,0,0,1290114,0
0.798364,0,0,0,0,1299177,0
0.799980,0,0,0,0,1305288,0
0.801539,0,0,0,0,1299534,0
0.803164,0,0,0,0,1307613,0
0.804727,0,0,0,0,1300662,0
0.806289,0,0,0,0,1288281,0
0.807847,0,0,0,0,1296015,0
0.809286,0,0,0,0,1277349,0
0.810706,0,0,0,0,1249707,0
0.812101,0,0,0,0,1243626,0
0.813490,0,0,0,0,1247088,0
0.814905,0,0,0,0,1311555,0
0.816342,0,0,0,0,1261524,0
0.817695,0,0,0,0,1242489,0
0.819091,0,0,0,0,1208250,0
0.820442,0,0,0,0,1241397,0
0.821804,0,0,0,0,1439775,0
0.823210,0,0,0,0,1261287,0
0.824559,0,0,0,0,1256019,0
0.825907,0,0,0,0,1256622,0
0.827307,0,0,0,0,1256643,0
0.828652,0,0,0,0,1259349,0
0.829997,0,0,0,0,1273725,0
0.831398,0,0,0,0,1411410,0
0.832791,0,0,0,0,1197993,0
0.834108,0,0,0,0,1236438,0
0.835427,0,0,0,0,1205139,0
0.836746,0,0,0,0,1233399,0
0.838065,0,0,0,0,1344462,0
0.839453,0,0,0,0,1187082,0
0.840783,0,0,0,0,1191510,0
0.842157,0,0,0,0,1198356,0
0.843486,0,0,0,0,1184805,0
0.844802,0,0,0,0,1196142,0
0.846164,0,0,0,0,1200624,0
0.847485,0,0,0,0,1309479,0
0.848809,0,0,0,0,1443354,0
0.850226,0,0,0,0,1438587,0
0.851593,0,0,0,0,1438926,0
0.852959,0,0,0,0,1442694,0
0.854379,0,0,0,0,1448721,0
0.855750,0,0,0,0,1443939,0
0.857117,0,0,0,0,1449774,0
0.858535,0,0,0,0,1440300,0
0.859902,0,0,0,0,1439700,0
0.861269,0,0,0,0,1442655,0
0.862686,0,0,0,0,1451031,0
0.864113,0,0,0,0,1458069,0
0.865493,0,0,0,0,1120986,0
0.866796,0,0,0,0,1318620,0
0.868223,0,0,0,0,1292154,0
0.869620,0,0,0,0,1217484,0
0.871887,0,0,0,0,1263912,0
0.873295,0,0,0,0,2348397,0
0.875091,0,0,0,0,2679120,0
0.876513,0,0,0,0,1283238,0
0.877920,0,0,0,0,1240026,0
0.879390,0,0,0,0,1411209,0
0.880828,0,0,0,0,1260261,0
0.882223,0,0,0,0,1287102,0
0.883620,0,0,0,0,1208208,0
0.885084,0,0,0,0,3422265,0
0.886502,0,0,0,0,1234422,0
0.887913,0,0,0,0,1173645,0
0.889310,0,0,0,0,1209444,0
0.890828,0,0,0,0,1202640,0
0.892228,0,0,0,0,1162773,0
0.893665,0,0,0,0,1210086,0
0.895060,0,0,0,0,1193856,0
0.896455,0,0,0,0,3579822,0
0.898631,0,0,0,0,1205370,0
0.902115,0,0,0,0,1200630,0
0.903509,0,0,0,0,1226199,0
0.904900,0,0,0,0,1199058,0
0.906324,0,0,0,0,1289889,0
0.907759,0,0,0,0,1232154,0
0.909164,0,0,0,0,1235313,0
0.910558,0,0,0,0,1200342,0
0.912002,0,0,0,0,1185129,0
0.913394,0,0,0,0,1195932,0
0.914787,0,0,0,0,1223664,0
0.916177,0,0,0,0,1192020,0
0.917566,0,0,0,0,1192701,0
0.918958,0,0,0,0,1194435,0
0.920368,0,0,0,0,1190031,0
0.921759,0,0,0,0,1203282,0
0.923223,0,0,0,0,1196055,0
0.924618,0,0,0,0,1209471,0
0.926013,0,0,0,0,1640565,0
0.927543,0,0,0,0,1242108,0
0.928973,0,0,0,0,1209363,0
0.930382,0,0,0,0,1180341,0
0.931778,0,0,0,0,1234722,0
0.933172,0,0,0,0,1206510,0
0.934569,0,0,0,0,1142223,0
0.936094,0,0,0,0,1270431,0
0.937654,0,0,0,0,1239948,0
0.939215,0,0,0,0,1242558,0
0.940789,0,0,0,0,1243794,0
0.942353,0,0,0,0,1240653,0
0.943959,0,0,0,0,1238520,0
0.945518,0,0,0,0,1244097,0
0.947080,0,0,0,0,1240296,0
0.948642,0,0,0,0,1241874,0
0.950204,0,0,0,0,1241118,0
0.951779,0,0,0,0,1267986,0
0.953338,0,0,0,0,1271016,0
0.954901,0,0,0,0,1245288,0
0.956462,0,0,0,0,1240890,0
0.958022,0,0,0,0,1247223,0
0.959586,0,0,0,0,1241151,0
0.961147,0,0,0,0,1236516,0
0.962724,0,0,0,0,1245330,0
0.964285,0,0,0,0,1240866,0
0.965846,0,0,0,0,1252611,0
0.967411,0,0,0,0,1232922,0
0.968866,0,0,0,0,1233372,0
0.970429,0,0,0,0,1273728,0
0.971992,0,0,0,0,1238751,0
0.973438,0,0,0,0,1206573,0
0.974971,0,0,0,0,1239570,0
0.976533,0,0,0,0,1240986,0
0.978185,0,0,0,0,1104672,0
0.979590,0,0,0,0,1200462,0
0.980992,0,0,0,0,1136739,0
0.982521,0,0,0,0,1243044,0
0.984095,0,0,0,0,1235616,0
0.985654,0,0,0,0,1237092,0
0.987215,0,0,0,0,1236702,0
0.988653,0,0,0,0,1203855,0
0.990188,0,0,0,0,1238244,0
0.991794,0,0,0,0,1236603,0
0.993267,0,0,0,0,1216917,0
0.994715,0,0,0,0,1268598,0
0.996273,0,0,0,0,1242180,0
0.997835,0,0,0,0,1278744,0
0.999415,0,0,0,0,1258551,0
1.000977,0,0,0,0,1251243,0
1.002545,0,0,0,0,1248315,0
1.004109,0,0,0,0,1238430,0
1.005681,0,0,0,0,1245321,0
1.007244,0,0,0,0,1242990,0
1.008808,0,0,0,0,1243893,0
1.010373,0,0,0,0,1249083,0
1.011937,0,0,0,0,1244184,0
1.013498,0,0,0,0,1242582,0
1.015062,0,0,0,0,1234416,0
1.016631,0,0,0,0,1231803,0
1.018270,0,0,0,0,1215729,0
1.019699,0,0,0,0,1235385,0
1.021117,0,0,0,0,1194090,0
1.022655,0,0,0,0,1230624,0
1.024251,0,0,0,0,1221258,0
1.025804,0,0,0,0,1511859,0
1.027344,0,0,0,0,1214892,0
1.028870,0,0,0,0,1228824,0
1.030301,0,0,0,0,1203864,0
1.031832,0,0,0,0,1241523,0
1.033392,0,0,0,0,1243614,0
1.034955,0,0,0,0,1244406,0
1.036517,0,0,0,0,1241928,0
1.038157,0,0,0,0,1436280,0
1.039702,0,0,0,0,1250535,0
1.041115,0,0,0,0,1179087,0
1.042515,0,0,0,0,1147215,0
1.043913,0,0,0,0,1209423,0
1.045309,0,0,0,0,1138728,0
1.046707,0,0,0,0,1143732,0
1.048703,0,0,0,0,1408044,0
1.050407,0,0,0,0,2664423,0
1.052629,0,0,0,0,1666362,0
1.054246,0,0,0,0,1210338,0
1.055684,0,0,0,0,1203516,0
1.057078,0,0,0,0,1196343,0
1.058556,0,0,0,0,1195791,0
1.059950,0,0,0,0,1195224,0
1.061339,0,0,0,0,1197345,0
1.062730,0,0,0,0,1202367,0
1.064248,0,0,0,0,1255215,0
1.065799,0,0,0,0,1532844,0
1.067448,0,0,0,0,1231770,0
1.069011,0,0,0,0,1260099,0
1.070439,0,0,0,0,1190823,0
1.072006,0,0,0,0,1188705,0
1.073558,0,0,0,0,1228125,0
1.074988,0,0,0,0,1210341,0
1.076521,0,0,0,0,1241724,0
1.078139,0,0,0,0,1239672,0
1.079712,0,0,0,0,1246110,0
1.081274,0,0,0,0,1246104,0
1.082838,0,0,0,0,1248048,0
1.084402,0,0,0,0,1247541,0
1.085964,0,0,0,0,1262196,0
1.087531,0,0,0,0,1391271,0
1.089138,0,0,0,0,1244085,0
1.090718,0,0,0,0,1241742,0
1.092282,0,0,0,0,1245438,0
1.093843,0,0,0,0,1259898,0
1.095406,0,0,0,0,1222467,0
1.096957,0,0,0,0,1259007,0
1.098407,0,0,0,0,1211646,0
1.099938,0,0,0,0,1234416,0
1.101508,0,0,0,0,1237737,0
1.102946,0,0,0,0,1214526,0
1.104480,0,0,0,0,1241490,0
1.106042,0,0,0,0,1462419,0
1.107675,0,0,0,0,1244766,0
1.109238,0,0,0,0,1242813,0
1.110803,0,0,0,0,1232175,0
1.112371,0,0,0,0,1228311,0
1.113922,0,0,0,0,1440915,0
1.115424,0,0,0,0,1217868,0
1.116827,0,0,0,0,1136946,0
1.118360,0,0,0,0,1241361,0
1.119966,0,0,0,0,1234683,0
1.121528,0,0,0,0,1244202,0
1.123104,0,0,0,0,1272492,0
1.124665,0,0,0,0,1238811,0
1.126269,0,0,0,0,1239066,0
1.127830,0,0,0,0,1242432,0
1.129391,0,0,0,0,1242171,0
1.130954,0,0,0,0,1242546,0
1.132517,0,0,0,0,1262826,0
1.134158,0,0,0,0,1439784,0
1.135825,0,0,0,0,1267902,0
1.137385,0,0,0,0,1244748,0
1.138948,0,0,0,0,1238490,0
1.140510,0,0,0,0,1245597,0
1.142143,0,0,0,0,1667955,0
1.143711,0,0,0,0,1206174,0
1.145121,0,0,0,0,1193463,0
1.146649,0,0,0,0,1267185,0
1.148216,0,0,0,0,1250424,0
1.149777,0,0,0,0,1485807,0
1.151315,0,0,0,0,1209318,0
1.152848,0,0,0,0,1247628,0
1.154413,0,0,0,0,1240995,0
1.155987,0,0,0,0,1240812,0
1.157546,0,0,0,0,1239825,0
1.159107,0,0,0,0,1245213,0
1.160675,0,0,0,0,1232829,0
1.162235,0,0,0,0,1250100,0
1.163799,0,0,0,0,1241319,0
1.165359,0,0,0,0,1238640,0
1.166933,0,0,0,0,1241397,0
1.168495,0,0,0,0,1239687,0
1.170055,0,0,0,0,1151355,0
1.171657,0,0,0,0,1238205,0
1.173215,0,0,0,0,1239546,0
1.174779,0,0,0,0,1240230,0
1.176340,0,0,0,0,1238718,0
1.177912,0,0,0,0,1398639,0
1.179523,0,0,0,0,1238028,0
1.181082,0,0,0,0,1238817,0
1.182645,0,0,0,0,1245351,0
1.184250,0,0,0,0,1273161,0
1.185810,0,0,0,0,1255677,0
1.187376,0,0,0,0,1239117,0
1.188949,0,0,0,0,1242027,0
1.190512,0,0,0,0,1266180,0
1.192070,0,0,0,0,1230594,0
1.193651,0,0,0,0,1222224,0
1.195189,0,0,0,0,1271838,0
1.196749,0,0,0,0,1239732,0
1.198313,0,0,0,0,1245894,0
1.199931,0,0,0,0,1244127,0
1.201491,0,0,0,0,1236474,0
1.203052,0,0,0,0,1244352,0
1.204613,0,0,0,0,1267257,0
1.206176,0,0,0,0,1274202,0
1.207737,0,0,0,0,1238076,0
1.209296,0,0,0,0,1239930,0
1.210749,0,0,0,0,1201878,0
1.212281,0,0,0,0,1193190,0
1.213840,0,0,0,0,1202580,0
1.215405,0,0,0,0,1321884,0
1.217008,0,0,0,0,1194150,0
1.218571,0,0,0,0,1191285,0
1.220133,0,0,0,0,1188993,0
1.221705,0,0,0,0,1193481,0
1.223138,0,0,0,0,1159674,0
1.224668,0,0,0,0,1187880,0
1.226231,0,0,0,0,1190232,0
1.227792,0,0,0,0,1189626,0
1.229351,0,0,0,0,1182261,0
1.230786,0,0,0,0,1171830,0
1.232376,0,0,0,0,1196742,0
1.233936,0,0,0,0,1203927,0
1.235512,0,0,0,0,1272162,0
1.236974,0,0,0,0,1340442,0
1.238570,0,0,0,0,1184976,0
1.240043,0,0,0,0,1192146,0
1.241454,0,0,0,0,1468650,0
1.242994,0,0,0,0,1168506,0
1.244438,0,0,0,0,1166625,0
1.245839,0,0,0,0,1176198,0
1.247241,0,0,0,0,1162545,0
1.248639,0,0,0,0,1162593,0
1.250037,0,0,0,0,1173408,0
1.251438,0,0,0,0,1137924,0
1.252957,0,0,0,0,1192515,0
1.254536,0,0,0,0,1199745,0
1.256101,0,0,0,0,1199583,0
1.257664,0,0,0,0,1194180,0
1.259228,0,0,0,0,1198614,0
1.260792,0,0,0,0,1192365,0
1.262357,0,0,0,0,1197168,0
1.263966,0,0,0,0,1194762,0
1.265542,0,0,0,0,1198233,0
1.267106,0,0,0,0,1197471,0
1.268670,0,0,0,0,1195905,0
1.270237,0,0,0,0,1185552,0
1.271792,0,0,0,0,1183659,0
1.273344,0,0,0,0,1179429,0
1.274776,0,0,0,0,1164603,0
1.276319,0,0,0,0,1198260,0
1.277883,0,0,0,0,1209333,0
1.279451,0,0,0,0,1330581,0
1.281059,0,0,0,0,1195014,0
1.282625,0,0,0,0,1193544,0
1.284189,0,0,0,0,1197027,0
1.285752,0,0,0,0,1197390,0
1.287386,0,0,0,0,1351671,0
1.288949,0,0,0,0,1197222,0
1.290511,0,0,0,0,1198965,0
1.292075,0,0,0,0,1192515,0
1.293637,0,0,0,0,1196169,0
1.295201,0,0,0,0,1199217,0
1.296767,0,0,0,0,1195293,0
1.298345,0,0,0,0,1197846,0
1.299909,0,0,0,0,1194198,0
1.301470,0,0,0,0,1192437,0
1.303032,0,0,0,0,1195374,0
1.304595,0,0,0,0,1190991,0
1.306160,0,0,0,0,1191966,0
1.307723,0,0,0,0,1187340,0
1.309295,0,0,0,0,1191609,0
1.310860,0,0,0,0,1192446,0
1.312465,0,0,0,0,1196289,0
1.314027,0,0,0,0,1162080,0
1.315453,0,0,0,0,1165737,0
1.316855,0,0,0,0,1162032,0
1.318385,0,0,0,0,1200042,0
1.319961,0,0,0,0,1188642,0
1.321521,0,0,0,0,1196874,0
1.323083,0,0,0,0,1193790,0
1.324646,0,0,0,0,1188951,0
1.326211,0,0,0,0,1194672,0
1.327818,0,0,0,0,1200306,0
1.329378,0,0,0,0,1191846,0
1.330955,0,0,0,0,1196070,0
1.332517,0,0,0,0,1192425,0
1.334145,0,0,0,0,1380540,0
1.335772,0,0,0,0,1190271,0
1.337332,0,0,0,0,1194297,0
1.338898,0,0,0,0,1191750,0
1.340461,0,0,0,0,1193763,0
1.342033,0,0,0,0,1018713,0
1.343407,0,0,0,0,1288998,0
1.344849,0,0,0,0,1157580,0
1.346376,0,0,0,0,1192353,0
1.347938,0,0,0,0,1192248,0
1.349498,0,0,0,0,1185900,0
1.351060,0,0,0,0,1189404,0
1.352636,0,0,0,0,1195686,0
1.354201,0,0,0,0,1194210,0
1.355762,0,0,0,0,1196301,0
1.357322,0,0,0,0,1192203,0
1.358885,0,0,0,0,1196706,0
1.360446,0,0,0,0,1196604,0
1.362044,0,0,0,0,1243395,0
1.363496,0,0,0,0,1164846,0
1.364899,0,0,0,0,1157094,0
1.366430,0,0,0,0,1190574,0
1.367993,0,0,0,0,1195506,0
1.369450,0,0,0,0,1195092,0
1.371012,0,0,0,0,1190097,0
1.372585,0,0,0,0,1189890,0
1.374161,0,0,0,0,1194462,0
1.375770,0,0,0,0,1191858,0
1.377331,0,0,0,0,1193511,0
1.378894,0,0,0,0,1187661,0
1.380458,0,0,0,0,1194144,0
1.382020,0,0,0,0,1194861,0
1.383584,0,0,0,0,1190310,0
1.385158,0,0,0,0,1190823,0
1.386723,0,0,0,0,1196883,0
1.388286,0,0,0,0,1189626,0
1.389847,0,0,0,0,1202235,0
1.391412,0,0,0,0,1320570,0
1.393015,0,0,0,0,1190790,0
1.394458,0,0,0,0,1174485,0
1.396011,0,0,0,0,1201998,0
1.397574,0,0,0,0,1198401,0
1.399138,0,0,0,0,1199193,0
1.400702,0,0,0,0,1196424,0
1.402268,0,0,0,0,1200519,0
1.403832,0,0,0,0,1198191,0
1.405395,0,0,0,0,1199427,0
1.406971,0,0,0,0,1196832,0
1.408537,0,0,0,0,1195452,0
1.410103,0,0,0,0,1195344,0
1.411665,0,0,0,0,1194798,0
1.413228,0,0,0,0,1194786,0
1.414794,0,0,0,0,1199199,0
1.416359,0,0,0,0,1194321,0
1.417934,0,0,0,0,1210818,0
1.419503,0,0,0,0,1198644,0
1.421066,0,0,0,0,1193490,0
1.422632,0,0,0,0,1201503,0
1.424241,0,0,0,0,1196163,0
1.425803,0,0,0,0,1210005,0
1.427372,0,0,0,0,1194054,0
1.428948,0,0,0,0,1194141,0
1.430513,0,0,0,0,1194276,0
1.432076,0,0,0,0,1193331,0
1.433638,0,0,0,0,1193301,0
1.435200,0,0,0,0,1195080,0
1.436764,0,0,0,0,1200291,0
1.438328,0,0,0,0,1197093,0
1.439947,0,0,0,0,1192764,0
1.441508,0,0,0,0,1186092,0
1.443072,0,0,0,0,1191852,0
1.444634,0,0,0,0,1189908,0
1.446197,0,0,0,0,1194978,0
1.447761,0,0,0,0,1193403,0
1.449322,0,0,0,0,1189101,0
1.450901,0,0,0,0,1194162,0
1.452464,0,0,0,0,1196121,0
1.454026,0,0,0,0,1031295,0
1.455407,0,0,0,0,1285335,0
1.456852,0,0,0,0,1154484,0
1.458383,0,0,0,0,1199394,0
1.459946,0,0,0,0,1194513,0
1.461521,0,0,0,0,1185921,0
1.463083,0,0,0,0,1194789,0
1.464645,0,0,0,0,1190634,0
1.466210,0,0,0,0,1193337,0
1.467774,0,0,0,0,1192152,0
1.469334,0,0,0,0,1191693,0
1.470898,0,0,0,0,1198440,0
1.472476,0,0,0,0,1189137,0
1.474036,0,0,0,0,1294932,0
1.475641,0,0,0,0,1197522,0
1.477203,0,0,0,0,1191279,0
1.478767,0,0,0,0,1195719,0
1.480330,0,0,0,0,1192344,0
1.481891,0,0,0,0,1201209,0
1.483469,0,0,0,0,1195701,0
1.485030,0,0,0,0,1191852,0
1.486596,0,0,0,0,1192491,0
1.488202,0,0,0,0,1196184,0
1.489765,0,0,0,0,1367322,0
1.491417,0,0,0,0,1195323,0
1.492979,0,0,0,0,1190937,0
1.494557,0,0,0,0,1198314,0
1.496120,0,0,0,0,1193178,0
1.497682,0,0,0,0,1200048,0
1.499245,0,0,0,0,1192917,0
1.500810,0,0,0,0,1189779,0
1.502373,0,0,0,0,1192776,0
1.503978,0,0,0,0,1194417,0
1.505550,0,0,0,0,1356369,0
1.507170,0,0,0,0,1195032,0
1.508734,0,0,0,0,1193970,0
1.510300,0,0,0,0,1200438,0
1.511865,0,0,0,0,1195767,0
1.513427,0,0,0,0,1197684,0
1.514991,0,0,0,0,1192641,0
1.516566,0,0,0,0,1194633,0
1.518130,0,0,0,0,1191687,0
1.519736,0,0,0,0,1195977,0
1.521298,0,0,0,0,1195068,0
1.522862,0,0,0,0,1194429,0
1.524424,0,0,0,0,1191060,0
1.525984,0,0,0,0,1208958,0
1.527440,0,0,0,0,1107858,0
1.528974,0,0,0,0,1108167,0
1.530538,0,0,0,0,1112391,0
1.532101,0,0,0,0,1108629,0
1.533662,0,0,0,0,1106406,0
1.535225,0,0,0,0,1113678,0
1.536789,0,0,0,0,1113879,0
1.538375,0,0,0,0,1113219,0
1.539937,0,0,0,0,1101288,0
1.541497,0,0,0,0,1105176,0
1.543060,0,0,0,0,1108581,0
1.544623,0,0,0,0,1103745,0
1.546187,0,0,0,0,1110954,0
1.547750,0,0,0,0,1108305,0
1.549323,0,0,0,0,1108419,0
1.550889,0,0,0,0,1107879,0
1.552453,0,0,0,0,1107501,0
1.554015,0,0,0,0,1123173,0
1.555582,0,0,0,0,1106967,0
1.557142,0,0,0,0,1111266,0
1.558708,0,0,0,0,1108986,0
1.560284,0,0,0,0,1108836,0
1.561846,0,0,0,0,1117407,0
1.563413,0,0,0,0,1108788,0
1.564974,0,0,0,0,1104147,0
1.566540,0,0,0,0,1109202,0
1.568147,0,0,0,0,1114263,0
1.569709,0,0,0,0,1111539,0
1.571230,0,0,0,0,1063905,0
1.572765,0,0,0,0,1111773,0
1.574330,0,0,0,0,1112088,0
1.575895,0,0,0,0,1109040,0
1.577457,0,0,0,0,1108146,0
1.579021,0,0,0,0,1113144,0
1.580586,0,0,0,0,1112007,0
1.582165,0,0,0,0,1111911,0
1.583772,0,0,0,0,1106955,0
1.585334,0,0,0,0,1109697,0
1.586900,0,0,0,0,1108608,0
1.588464,0,0,0,0,1106682,0
1.590025,0,0,0,0,1225269,0
1.591631,0,0,0,0,1106448,0
1.593205,0,0,0,0,1105524,0
1.594644,0,0,0,0,1090392,0
1.596183,0,0,0,0,1012065,0
1.597588,0,0,0,0,1096344,0
1.599041,0,0,0,0,1083123,0
1.600488,0,0,0,0,1079583,0
1.601887,0,0,0,0,1082790,0
1.603427,0,0,0,0,1096629,0
1.604830,0,0,0,0,1068333,0
1.606242,0,0,0,0,1078137,0
1.607770,0,0,0,0,1102761,0
1.609330,0,0,0,0,1107807,0
1.610895,0,0,0,0,1110921,0
1.612460,0,0,0,0,1108137,0
1.614033,0,0,0,0,1254579,0
1.615524,0,0,0,0,1197234,0
1.616969,0,0,0,0,1074330,0
1.618499,0,0,0,0,1109616,0
1.620062,0,0,0,0,1106115,0
1.621622,0,0,0,0,1112499,0
1.623185,0,0,0,0,1111278,0
1.624637,0,0,0,0,1082160,0
1.626177,0,0,0,0,1113288,0
1.627744,0,0,0,0,1111542,0
1.629309,0,0,0,0,1108272,0
1.630877,0,0,0,0,1109889,0
1.632445,0,0,0,0,1110756,0
1.634009,0,0,0,0,1123464,0
1.635594,0,0,0,0,1109997,0
1.637158,0,0,0,0,1114323,0
1.638725,0,0,0,0,1110861,0
1.640162,0,0,0,0,1089798,0
1.641697,0,0,0,0,1109838,0
1.643265,0,0,0,0,1113924,0
1.644834,0,0,0,0,1114941,0
1.646416,0,0,0,0,1120797,0
1.648030,0,0,0,0,1117242,0
1.649597,0,0,0,0,1115277,0
1.651165,0,0,0,0,1114749,0
1.652732,0,0,0,0,1118475,0
1.654303,0,0,0,0,1117401,0
1.655872,0,0,0,0,1116051,0
1.657452,0,0,0,0,1111530,0
1.659019,0,0,0,0,1117146,0
1.660587,0,0,0,0,1112733,0
1.662156,0,0,0,0,1116162,0
1.663770,0,0,0,0,1115412,0
1.665336,0,0,0,0,1115193,0
1.666906,0,0,0,0,1114686,0
1.668488,0,0,0,0,1115211,0
1.670054,0,0,0,0,1187697,0
1.671619,0,0,0,0,1093248,0
1.673026,0,0,0,0,1088895,0
1.674562,0,0,0,0,1114449,0
1.676131,0,0,0,0,1118460,0
1.677698,0,0,0,0,1114791,0
1.679150,0,0,0,0,1082151,0
1.680691,0,0,0,0,1105026,0
1.682259,0,0,0,0,1120245,0
1.683829,0,0,0,0,1111116,0
1.685395,0,0,0,0,1108254,0
1.686963,0,0,0,0,1111614,0
1.688531,0,0,0,0,1115367,0
1.690115,0,0,0,0,1120179,0
1.691683,0,0,0,0,1115658,0
1.693250,0,0,0,0,1110285,0
1.694819,0,0,0,0,1112253,0
1.696431,0,0,0,0,1114329,0
1.697998,0,0,0,0,1131444,0
1.699571,0,0,0,0,1111305,0
1.701152,0,0,0,0,1114413,0
1.702723,0,0,0,0,1111752,0
1.704291,0,0,0,0,1112787,0
1.705856,0,0,0,0,1127916,0
1.707430,0,0,0,0,1115025,0
1.708997,0,0,0,0,1112442,0
1.710567,0,0,0,0,1114032,0
1.712193,0,0,0,0,1113681,0
1.713761,0,0,0,0,1323495,0
1.715292,0,0,0,0,1080567,0
1.716916,0,0,0,0,1137966,0
1.718564,0,0,0,0,1148724,0
1.720128,0,0,0,0,1114677,0
1.721566,0,0,0,0,1085697,0
1.723118,0,0,0,0,1115526,0
1.724686,0,0,0,0,1112634,0
1.726256,0,0,0,0,1118604,0
1.727869,0,0,0,0,1112391,0
1.729436,0,0,0,0,1113501,0
1.731004,0,0,0,0,1116618,0
1.732573,0,0,0,0,1109439,0
1.734155,0,0,0,0,1115511,0
1.735725,0,0,0,0,1113969,0
1.737291,0,0,0,0,1109742,0
1.738862,0,0,0,0,1117113,0
1.740430,0,0,0,0,1112529,0
1.741996,0,0,0,0,1130118,0
1.743570,0,0,0,0,1112994,0
1.745150,0,0,0,0,1117437,0
1.746720,0,0,0,0,1115244,0
1.748289,0,0,0,0,1118667,0
1.749855,0,0,0,0,1127331,0
1.751423,0,0,0,0,1099389,0
1.752980,0,0,0,0,1099449,0
1.754472,0,0,0,0,1084557,0
1.756080,0,0,0,0,1110657,0
1.757644,0,0,0,0,1111089,0
1.759210,0,0,0,0,1114569,0
1.760778,0,0,0,0,1106985,0
1.762345,0,0,0,0,1106298,0
1.763912,0,0,0,0,1115310,0
1.765477,0,0,0,0,1107315,0
1.767056,0,0,0,0,1113210,0
1.768622,0,0,0,0,1110258,0
1.770190,0,0,0,0,1106571,0
1.771754,0,0,0,0,1104852,0
1.773317,0,0,0,0,1109352,0
1.774756,0,0,0,0,1085592,0
1.776336,0,0,0,0,1113198,0
1.777916,0,0,0,0,1221405,0
1.779527,0,0,0,0,1119054,0
1.781094,0,0,0,0,1110108,0
1.782664,0,0,0,0,1100643,0
1.784224,0,0,0,0,1101069,0
1.785782,0,0,0,0,1277976,0
1.787411,0,0,0,0,1110396,0
1.788989,0,0,0,0,1110669,0
1.790559,0,0,0,0,1114632,0
1.792170,0,0,0,0,1109952,0
1.793734,0,0,0,0,1109622,0
1.795256,0,0,0,0,1097307,0
1.796797,0,0,0,0,1111635,0
1.798364,0,0,0,0,1118574,0
1.799817,0,0,0,0,1030089,0
1.801351,0,0,0,0,1025928,0
1.802916,0,0,0,0,1028175,0
1.804482,0,0,0,0,1027359,0
1.806045,0,0,0,0,877185,0
1.807421,0,0,0,0,1111746,0
1.808867,0,0,0,0,997749,0
1.810420,0,0,0,0,1029558,0
1.811984,0,0,0,0,1026936,0
1.813546,0,0,0,0,1024461,0
1.815109,0,0,0,0,1027194,0
1.816674,0,0,0,0,1026858,0
1.818239,0,0,0,0,1031226,0
1.819804,0,0,0,0,1029483,0
1.821378,0,0,0,0,1034109,0
1.822942,0,0,0,0,1027383,0
1.824506,0,0,0,0,1023411,0
1.826067,0,0,0,0,1020792,0
1.827828,0,0,0,0,1024806,0
1.829390,0,0,0,0,1023564,0
1.830954,0,0,0,0,1026291,0
1.832530,0,0,0,0,1026243,0
1.834164,0,0,0,0,1183842,0
1.835697,0,0,0,0,1000971,0
1.837099,0,0,0,0,993006,0
1.838629,0,0,0,0,1020207,0
1.840235,0,0,0,0,1021953,0
1.841795,0,0,0,0,1034478,0
1.843252,0,0,0,0,999906,0
1.844784,0,0,0,0,1022412,0
1.846349,0,0,0,0,1025889,0
1.847912,0,0,0,0,1023981,0
1.849473,0,0,0,0,1025148,0
1.851036,0,0,0,0,1023264,0
1.852599,0,0,0,0,1028355,0
1.854176,0,0,0,0,1028148,0
1.855783,0,0,0,0,1024884,0
1.857345,0,0,0,0,1022931,0
1.858910,0,0,0,0,1024290,0
1.860472,0,0,0,0,1022961,0
1.862032,0,0,0,0,1137996,0
1.863639,0,0,0,0,1020069,0
1.865212,0,0,0,0,1023096,0
1.866777,0,0,0,0,1014537,0
1.868204,0,0,0,0,926805,0
1.869577,0,0,0,0,995901,0
1.870998,0,0,0,0,993804,0
1.872399,0,0,0,0,997020,0
1.873797,0,0,0,0,1155264,0
1.875261,0,0,0,0,995418,0
1.876789,0,0,0,0,1024347,0
1.878352,0,0,0,0,1025133,0
1.879915,0,0,0,0,1021794,0
1.881510,0,0,0,0,1024182,0
1.883072,0,0,0,0,1021506,0
1.884635,0,0,0,0,1024020,0
1.886212,0,0,0,0,1023801,0
1.887817,0,0,0,0,1028967,0
1.889380,0,0,0,0,1020402,0
1.890942,0,0,0,0,1026180,0
1.892844,0,0,0,0,1336098,0
1.894912,0,0,0,0,968760,0
1.896462,0,0,0,0,1005267,0
1.897875,0,0,0,0,1096578,0
1.899376,0,0,0,0,1322418,0
1.900910,0,0,0,0,1221093,0
1.902403,0,0,0,0,1299327,0
1.903976,0,0,0,0,1000950,0
1.905510,0,0,0,0,1019994,0
1.906965,0,0,0,0,997710,0
1.908372,0,0,0,0,995040,0
1.910314,0,0,0,0,1178580,0
1.912563,0,0,0,0,1245507,0
1.914262,0,0,0,0,899910,0
1.915645,0,0,0,0,1015785,0
1.917074,0,0,0,0,996498,0
1.918474,0,0,0,0,991164,0
1.919914,0,0,0,0,993204,0
1.921310,0,0,0,0,990288,0
1.922707,0,0,0,0,997590,0
1.924107,0,0,0,0,994686,0
1.925637,0,0,0,0,1026552,0
1.927092,0,0,0,0,1000353,0
1.928499,0,0,0,0,998682,0
1.929901,0,0,0,0,1003407,0
1.931304,0,0,0,0,999114,0
1.932704,0,0,0,0,998607,0
1.934106,0,0,0,0,993930,0
1.935682,0,0,0,0,1027863,0
1.937261,0,0,0,0,1028751,0
1.938832,0,0,0,0,1026000,0
1.940399,0,0,0,0,1026762,0
1.941965,0,0,0,0,1036740,0
1.943535,0,0,0,0,1023645,0
1.944977,0,0,0,0,1005417,0
1.946520,0,0,0,0,1028874,0
1.947974,0,0,0,0,997923,0
1.949510,0,0,0,0,1026285,0
1.951077,0,0,0,0,1027683,0
1.952645,0,0,0,0,1021914,0
1.954215,0,0,0,0,1025895,0
1.955782,0,0,0,0,1024620,0
1.957348,0,0,0,0,1023831,0
1.958928,0,0,0,0,1025556,0
1.960496,0,0,0,0,1024116,0
1.962061,0,0,0,0,1289976,0
1.963689,0,0,0,0,1000173,0
1.965093,0,0,0,0,996606,0
1.966628,0,0,0,0,1028331,0
1.968239,0,0,0,0,1025670,0
1.969819,0,0,0,0,1035204,0
1.971390,0,0,0,0,1025160,0
1.972956,0,0,0,0,1026420,0
1.974526,0,0,0,0,1025418,0
1.976094,0,0,0,0,1020972,0
1.977658,0,0,0,0,1026117,0
1.979227,0,0,0,0,1028493,0
1.980808,0,0,0,0,1020747,0
1.982378,0,0,0,0,1025751,0
1.983992,0,0,0,0,1029375,0
1.985559,0,0,0,0,1023441,0
1.987127,0,0,0,0,1024086,0
1.988695,0,0,0,0,1024200,0
1.990264,0,0,0,0,1025583,0
1.991844,0,0,0,0,1027230,0
1.993410,0,0,0,0,1025817,0
1.994986,0,0,0,0,1192539,0
1.996498,0,0,0,0,1017201,0
1.997912,0,0,0,0,1007166,0
1.999448,0,0,0,0,1141653,0
2.001061,0,0,0,0,1026681,0
2.002643,0,0,0,0,1027392,0
2.004210,0,0,0,0,1023363,0
2.005777,0,0,0,0,1217070,0
2.007307,0,0,0,0,1028085,0
2.008841,0,0,0,0,1027281,0
2.010409,0,0,0,0,1025121,0
2.011974,0,0,0,0,1021599,0
2.013549,0,0,0,0,1049595,0
2.015005,0,0,0,0,1005306,0
2.016547,0,0,0,0,1024095,0
2.018116,0,0,0,0,1119855,0
2.019588,0,0,0,0,1009653,0
2.020994,0,0,0,0,996192,0
2.022398,0,0,0,0,998088,0
2.023814,0,0,0,0,999291,0
2.025215,0,0,0,0,998052,0
2.026616,0,0,0,0,1158195,0
2.028212,0,0,0,0,1025211,0
2.029802,0,0,0,0,1040889,0
2.031372,0,0,0,0,1142121,0
2.032984,0,0,0,0,1025028,0
2.034565,0,0,0,0,1029504,0
2.036133,0,0,0,0,1024944,0
2.037697,0,0,0,0,1027938,0
2.039264,0,0,0,0,1028082,0
2.040833,0,0,0,0,1026654,0
2.042401,0,0,0,0,895278,0
2.043916,0,0,0,0,1028634,0
2.045493,0,0,0,0,1026924,0
2.047062,0,0,0,0,1027050,0
2.048630,0,0,0,0,1021212,0
2.050198,0,0,0,0,1029798,0
2.051643,0,0,0,0,1004685,0
2.053182,0,0,0,0,1022556,0
2.055386,0,0,0,0,1090425,0
2.056865,0,0,0,0,997485,0
2.058413,0,0,0,0,994782,0
2.059940,0,0,0,0,1015671,0
2.061496,0,0,0,0,1014291,0
2.063286,0,0,0,0,1044015,0
2.064715,0,0,0,0,995736,0
2.066340,0,0,0,0,1017468,0
2.067786,0,0,0,0,915765,0
2.069315,0,0,0,0,894963,0
2.070750,0,0,0,0,884622,0
2.072327,0,0,0,0,907140,0
2.073894,0,0,0,0,915117,0
2.075466,0,0,0,0,904863,0
2.077033,0,0,0,0,907011,0
2.078624,0,0,0,0,907950,0
2.080237,0,0,0,0,906285,0
2.081806,0,0,0,0,913911,0
2.083378,0,0,0,0,906948,0
2.084945,0,0,0,0,906660,0
2.086516,0,0,0,0,911001,0
2.088085,0,0,0,0,905397,0
2.089664,0,0,0,0,905817,0
2.091231,0,0,0,0,905670,0
2.092800,0,0,0,0,907479,0
2.094371,0,0,0,0,906855,0
2.095984,0,0,0,0,907074,0
2.097550,0,0,0,0,903483,0
2.099118,0,0,0,0,905010,0
2.100700,0,0,0,0,908760,0
2.102271,0,0,0,0,908001,0
2.103839,0,0,0,0,904248,0
2.105406,0,0,0,0,903078,0
2.106975,0,0,0,0,907830,0
2.108543,0,0,0,0,906771,0
2.110113,0,0,0,0,906477,0
2.111568,0,0,0,0,979056,0
2.113150,0,0,0,0,904284,0
2.114719,0,0,0,0,906708,0
2.116287,0,0,0,0,906858,0
2.117854,0,0,0,0,918081,0
2.119423,0,0,0,0,898248,0
2.120981,0,0,0,0,897909,0
2.122493,0,0,0,0,883050,0
2.124033,0,0,0,0,906189,0
2.125600,0,0,0,0,906885,0
2.127169,0,0,0,0,905316,0
2.128738,0,0,0,0,903600,0
2.130308,0,0,0,0,906138,0
2.131875,0,0,0,0,905364,0
2.133456,0,0,0,0,906762,0
2.135025,0,0,0,0,892467,0
2.136584,0,0,0,0,895323,0
2.138286,0,0,0,0,908628,0
2.139850,0,0,0,0,902097,0
2.141415,0,0,0,0,899616,0
2.142982,0,0,0,0,902784,0
2.144560,0,0,0,0,904782,0
2.146131,0,0,0,0,903183,0
2.147696,0,0,0,0,903147,0
2.149261,0,0,0,0,898254,0
2.150828,0,0,0,0,900873,0
2.152395,0,0,0,0,912174,0
2.153963,0,0,0,0,929580,0
2.155564,0,0,0,0,911904,0
2.157130,0,0,0,0,904995,0
2.158698,0,0,0,0,904275,0
2.160309,0,0,0,0,903330,0
2.161874,0,0,0,0,915153,0
2.163444,0,0,0,0,900849,0
2.165007,0,0,0,0,903033,0
2.166469,0,0,0,0,1059126,0
2.167993,0,0,0,0,935955,0
2.169576,0,0,0,0,948819,0
2.171188,0,0,0,0,950484,0
2.172801,0,0,0,0,948966,0
2.174507,0,0,0,0,1666467,0
2.176466,0,0,0,0,1200261,0
2.178184,0,0,0,0,947925,0
2.179646,0,0,0,0,924084,0
2.181085,0,0,0,0,918450,0
2.182522,0,0,0,0,924489,0
2.183964,0,0,0,0,916017,0
2.185400,0,0,0,0,919011,0
2.186836,0,0,0,0,894999,0
2.188407,0,0,0,0,974331,0
2.189914,0,0,0,0,1019901,0
2.191515,0,0,0,0,1057263,0
2.193172,0,0,0,0,939621,0
2.194644,0,0,0,0,922932,0
2.196091,0,0,0,0,925590,0
2.197668,0,0,0,0,938763,0
2.199553,0,0,0,0,952509,0
2.201168,0,0,0,0,949587,0
2.202784,0,0,0,0,950550,0
2.204400,0,0,0,0,954360,0
2.206014,0,0,0,0,962922,0
2.207682,0,0,0,0,952827,0
2.209310,0,0,0,0,950271,0
2.210928,0,0,0,0,950811,0
2.212543,0,0,0,0,953304,0
2.214161,0,0,0,0,957225,0
2.215777,0,0,0,0,948690,0
2.217390,0,0,0,0,951813,0
2.219005,0,0,0,0,950556,0
2.220631,0,0,0,0,949221,0
2.222248,0,0,0,0,943146,0
2.223905,0,0,0,0,942315,0
2.225509,0,0,0,0,937797,0
2.226982,0,0,0,0,927066,0
2.228565,0,0,0,0,951834,0
2.230180,0,0,0,0,947367,0
2.231806,0,0,0,0,947085,0
2.233417,0,0,0,0,946866,0
2.235029,0,0,0,0,943260,0
2.236512,0,0,0,0,934764,0
2.238104,0,0,0,0,954273,0
2.239770,0,0,0,0,955728,0
2.241385,0,0,0,0,948828,0
2.243015,0,0,0,0,952512,0
2.244630,0,0,0,0,951489,0
2.246247,0,0,0,0,952695,0
2.247862,0,0,0,0,951816,0
2.249474,0,0,0,0,951690,0
2.251090,0,0,0,0,947091,0
2.252704,0,0,0,0,949452,0
2.254334,0,0,0,0,952524,0
2.255998,0,0,0,0,950574,0
2.257612,0,0,0,0,950919,0
2.259227,0,0,0,0,953610,0
2.260843,0,0,0,0,950232,0
2.262788,0,0,0,0,1000242,0
2.264996,0,0,0,0,968259,0
2.266497,0,0,0,0,945546,0
2.268089,0,0,0,0,929859,0
2.269535,0,0,0,0,930633,0
2.270981,0,0,0,0,928170,0
2.272472,0,0,0,0,930321,0
2.273915,0,0,0,0,927627,0
2.275368,0,0,0,0,927162,0
2.276810,0,0,0,0,927078,0
2.278253,0,0,0,0,928896,0
2.279695,0,0,0,0,928479,0
2.281137,0,0,0,0,931665,0
2.282581,0,0,0,0,852972,0
2.284124,0,0,0,0,942411,0
2.285614,0,0,0,0,920682,0
2.287062,0,0,0,0,930072,0
2.288546,0,0,0,0,895053,0
2.289949,0,0,0,0,881061,0
2.291349,0,0,0,0,885333,0
2.292746,0,0,0,0,880251,0
2.294277,0,0,0,0,894051,0
2.295845,0,0,0,0,892467,0
2.297408,0,0,0,0,924504,0
2.298880,0,0,0,0,929820,0
2.300461,0,0,0,0,942204,0
2.302127,0,0,0,0,946080,0
2.303785,0,0,0,0,946440,0
2.305396,0,0,0,0,948720,0
2.306887,0,0,0,0,874575,0
2.308473,0,0,0,0,852657,0
2.310144,0,0,0,0,878079,0
2.311618,0,0,0,0,835203,0
2.313202,0,0,0,0,886329,0
2.314704,0,0,0,0,876849,0
2.316313,0,0,0,0,850686,0
2.317939,0,0,0,0,896481,0
2.319599,0,0,0,0,851508,0
2.321214,0,0,0,0,853119,0
2.322831,0,0,0,0,854115,0
2.324447,0,0,0,0,853224,0
2.326060,0,0,0,0,875274,0
2.327720,0,0,0,0,880104,0
2.329209,0,0,0,0,819993,0
2.330652,0,0,0,0,861093,0
2.332232,0,0,0,0,851580,0
2.333845,0,0,0,0,854517,0
2.335462,0,0,0,0,950733,0
2.337126,0,0,0,0,880581,0
2.338741,0,0,0,0,886233,0
2.340369,0,0,0,0,881850,0
2.341980,0,0,0,0,889248,0
2.343598,0,0,0,0,882939,0
2.345210,0,0,0,0,849999,0
2.346826,0,0,0,0,854208,0
2.348440,0,0,0,0,881886,0
2.350052,0,0,0,0,926367,0
2.351581,0,0,0,0,866604,0
2.353030,0,0,0,0,858798,0
2.354610,0,0,0,0,883257,0
2.356223,0,0,0,0,883446,0
2.357835,0,0,0,0,890976,0
2.359451,0,0,0,0,846765,0
2.361062,0,0,0,0,882450,0
2.362692,0,0,0,0,884280,0
2.364305,0,0,0,0,847839,0
2.365916,0,0,0,0,934821,0
2.367577,0,0,0,0,852096,0
2.369189,0,0,0,0,881217,0
2.370804,0,0,0,0,884763,0
2.372417,0,0,0,0,883059,0
2.374044,0,0,0,0,799215,0
2.375480,0,0,0,0,859158,0
2.377060,0,0,0,0,880275,0
2.378674,0,0,0,0,850524,0
2.380288,0,0,0,0,881205,0
2.381899,0,0,0,0,906990,0
2.383539,0,0,0,0,950202,0
2.385081,0,0,0,0,858675,0
2.386665,0,0,0,0,889893,0
2.388276,0,0,0,0,854613,0
2.389883,0,0,0,0,855702,0
2.391497,0,0,0,0,853941,0
2.393107,0,0,0,0,853524,0
2.394720,0,0,0,0,847782,0
2.396230,0,0,0,0,873423,0
2.397817,0,0,0,0,893913,0
2.399433,0,0,0,0,986691,0
2.401097,0,0,0,0,879273,0
2.402589,0,0,0,0,876765,0
2.404057,0,0,0,0,828633,0
2.405496,0,0,0,0,828945,0
2.406947,0,0,0,0,829962,0
2.408387,0,0,0,0,858027,0
2.409824,0,0,0,0,1037262,0
2.411371,0,0,0,0,863025,0
2.412810,0,0,0,0,864663,0
2.414297,0,0,0,0,865737,0
2.416188,0,0,0,0,868179,0
2.417648,0,0,0,0,866538,0
2.419092,0,0,0,0,836037,0
2.420533,0,0,0,0,830229,0
2.421972,0,0,0,0,836907,0
2.423414,0,0,0,0,832362,0
2.424990,0,0,0,0,856308,0
2.426607,0,0,0,0,858825,0
2.428235,0,0,0,0,883500,0
2.429848,0,0,0,0,891093,0
2.431462,0,0,0,0,979716,0
2.433116,0,0,0,0,845640,0
2.434589,0,0,0,0,860325,0
2.436172,0,0,0,0,882864,0
2.437781,0,0,0,0,858648,0
2.439410,0,0,0,0,849432,0
2.441021,0,0,0,0,883119,0
2.442636,0,0,0,0,850305,0
2.444247,0,0,0,0,848310,0
2.445722,0,0,0,0,865494,0
2.447236,0,0,0,0,827658,0
2.448816,0,0,0,0,881475,0
2.450445,0,0,0,0,850359,0
2.452055,0,0,0,0,885348,0
2.453684,0,0,0,0,848865,0
2.455368,0,0,0,0,852618,0
2.456985,0,0,0,0,855132,0
2.458602,0,0,0,0,855717,0
2.460218,0,0,0,0,884205,0
2.461844,0,0,0,0,861837,0
2.463463,0,0,0,0,985665,0
2.465128,0,0,0,0,887445,0
2.466746,0,0,0,0,887193,0
2.468362,0,0,0,0,887022,0
2.469976,0,0,0,0,863820,0
2.471598,0,0,0,0,881625,0
2.473226,0,0,0,0,854988,0
2.474845,0,0,0,0,889215,0
2.476460,0,0,0,0,854925,0
2.478143,0,0,0,0,754104,0
2.479555,0,0,0,0,932751,0
2.481051,0,0,0,0,864027,0
2.482633,0,0,0,0,885711,0
2.484130,0,0,0,0,784548,0
2.485715,0,0,0,0,787320,0
2.487277,0,0,0,0,901344,0
2.488860,0,0,0,0,784944,0
2.490477,0,0,0,0,783261,0
2.492093,0,0,0,0,781818,0
2.493707,0,0,0,0,787866,0
2.495290,0,0,0,0,761844,0
2.496877,0,0,0,0,786747,0
2.498496,0,0,0,0,784557,0
2.500112,0,0,0,0,783519,0
2.501726,0,0,0,0,783843,0
2.503402,0,0,0,0,886641,0
2.505016,0,0,0,0,780027,0
2.506648,0,0,0,0,784872,0
2.508264,0,0,0,0,781401,0
2.509878,0,0,0,0,789846,0
2.511498,0,0,0,0,879438,0
2.513163,0,0,0,0,784800,0
2.514780,0,0,0,0,784245,0
2.516396,0,0,0,0,781050,0
2.518025,0,0,0,0,856071,0
2.519683,0,0,0,0,783564,0
2.521297,0,0,0,0,782982,0
2.522916,0,0,0,0,782271,0
2.524533,0,0,0,0,779091,0
2.526150,0,0,0,0,785499,0
2.527817,0,0,0,0,780030,0
2.529444,0,0,0,0,786429,0
2.531060,0,0,0,0,785007,0
2.532675,0,0,0,0,782745,0
2.534292,0,0,0,0,773514,0
2.535898,0,0,0,0,772278,0
2.537501,0,0,0,0,774450,0
2.538977,0,0,0,0,762168,0
2.540570,0,0,0,0,778731,0
2.542187,0,0,0,0,780330,0
2.543852,0,0,0,0,783048,0
2.545465,0,0,0,0,781464,0
2.547080,0,0,0,0,781206,0
2.548695,0,0,0,0,779313,0
2.550312,0,0,0,0,780432,0
2.551807,0,0,0,0,761382,0
2.553393,0,0,0,0,783234,0
2.555007,0,0,0,0,780096,0
2.556620,0,0,0,0,782676,0
2.558236,0,0,0,0,784761,0
2.559900,0,0,0,0,780213,0
2.561512,0,0,0,0,776379,0
2.563139,0,0,0,0,782325,0
2.564753,0,0,0,0,784206,0
2.566369,0,0,0,0,779715,0
2.567983,0,0,0,0,779049,0
2.569630,0,0,0,0,781062,0
2.571245,0,0,0,0,780525,0
2.572859,0,0,0,0,779091,0
2.574489,0,0,0,0,780675,0
2.576153,0,0,0,0,780126,0
2.577765,0,0,0,0,958863,0
2.579481,0,0,0,0,783291,0
2.581092,0,0,0,0,785067,0
2.582710,0,0,0,0,784422,0
2.584324,0,0,0,0,780726,0
2.585947,0,0,0,0,786627,0
2.587565,0,0,0,0,781050,0
2.589176,0,0,0,0,781377,0
2.590790,0,0,0,0,784002,0
2.592454,0,0,0,0,780819,0
2.594066,0,0,0,0,907014,0
2.595821,0,0,0,0,778656,0
2.597316,0,0,0,0,769308,0
2.598907,0,0,0,0,781623,0
2.600521,0,0,0,0,781653,0
2.602138,0,0,0,0,779337,0
2.603752,0,0,0,0,780330,0
2.605365,0,0,0,0,779601,0
2.606980,0,0,0,0,782685,0
2.608608,0,0,0,0,780741,0
2.610224,0,0,0,0,783471,0
2.611838,0,0,0,0,779508,0
2.613451,0,0,0,0,780489,0
2.615065,0,0,0,0,785244,0
2.616680,0,0,0,0,779268,0
2.618295,0,0,0,0,780894,0
2.619924,0,0,0,0,778707,0
2.621536,0,0,0,0,780666,0
2.623150,0,0,0,0,779904,0
2.624766,0,0,0,0,777075,0
2.626381,0,0,0,0,782784,0
2.627996,0,0,0,0,783183,0
2.629609,0,0,0,0,780411,0
2.631101,0,0,0,0,759351,0
2.632685,0,0,0,0,781329,0
2.634301,0,0,0,0,782691,0
2.635916,0,0,0,0,781791,0
2.637529,0,0,0,0,780531,0
2.639143,0,0,0,0,777918,0
2.640624,0,0,0,0,766503,0
2.642193,0,0,0,0,780447,0
2.643784,0,0,0,0,778449,0
2.645395,0,0,0,0,780555,0
2.647007,0,0,0,0,780693,0
2.648621,0,0,0,0,777663,0
2.650236,0,0,0,0,779484,0
2.651848,0,0,0,0,782100,0
2.653340,0,0,0,0,707871,0
2.654927,0,0,0,0,674670,0
2.656542,0,0,0,0,675456,0
2.658158,0,0,0,0,676470,0
2.659773,0,0,0,0,675513,0
2.661385,0,0,0,0,670512,0
2.662999,0,0,0,0,673518,0
2.664500,0,0,0,0,684012,0
2.666180,0,0,0,0,756264,0
2.667889,0,0,0,0,749274,0
2.669595,0,0,0,0,750672,0
2.671154,0,0,0,0,733422,0
2.672830,0,0,0,0,749022,0
2.674540,0,0,0,0,751914,0
2.676266,0,0,0,0,752931,0
2.677973,0,0,0,0,758733,0
2.679686,0,0,0,0,752055,0
2.681392,0,0,0,0,748656,0
2.683100,0,0,0,0,750561,0
2.684808,0,0,0,0,747912,0
2.686384,0,0,0,0,735261,0
2.688122,0,0,0,0,748665,0
2.689828,0,0,0,0,757191,0
2.691540,0,0,0,0,751647,0
2.693248,0,0,0,0,751236,0
2.694957,0,0,0,0,751011,0
2.696680,0,0,0,0,747441,0
2.698390,0,0,0,0,750156,0
2.700097,0,0,0,0,750132,0
2.701803,0,0,0,0,757485,0
2.703516,0,0,0,0,853458,0
2.705288,0,0,0,0,751323,0
2.707011,0,0,0,0,751854,0
2.708719,0,0,0,0,750735,0
2.710429,0,0,0,0,747117,0
2.712135,0,0,0,0,747171,0
2.713729,0,0,0,0,936561,0
2.715580,0,0,0,0,754671,0
2.717156,0,0,0,0,729870,0
2.718839,0,0,0,0,756267,0
2.720552,0,0,0,0,748725,0
2.722263,0,0,0,0,749106,0
2.723972,0,0,0,0,749289,0
2.725680,0,0,0,0,752388,0
2.727476,0,0,0,0,851016,0
2.729185,0,0,0,0,748647,0
2.730897,0,0,0,0,749883,0
2.732607,0,0,0,0,751809,0
2.734319,0,0,0,0,749811,0
2.736091,0,0,0,0,748872,0
2.737813,0,0,0,0,756675,0
2.739526,0,0,0,0,748530,0
2.741234,0,0,0,0,749835,0
2.742947,0,0,0,0,745944,0
2.744648,0,0,0,0,742311,0
2.746385,0,0,0,0,753381,0
2.748104,0,0,0,0,748536,0
2.749812,0,0,0,0,757947,0
2.751526,0,0,0,0,854685,0
2.753300,0,0,0,0,750297,0
2.755009,0,0,0,0,750801,0
2.756713,0,0,0,0,745383,0
2.758410,0,0,0,0,694752,0
2.760043,0,0,0,0,723861,0
2.761749,0,0,0,0,942111,0
2.763600,0,0,0,0,768924,0
2.765307,0,0,0,0,752373,0
2.767012,0,0,0,0,750036,0
2.768734,0,0,0,0,713700,0
2.770446,0,0,0,0,752223,0
2.772156,0,0,0,0,751383,0
2.773865,0,0,0,0,758931,0
2.775575,0,0,0,0,741318,0
2.777275,0,0,0,0,743538,0
2.778843,0,0,0,0,740271,0
2.780405,0,0,0,0,732069,0
2.781927,0,0,0,0,828120,0
2.783521,0,0,0,0,837123,0
2.785103,0,0,0,0,732618,0
2.786623,0,0,0,0,734940,0
2.788142,0,0,0,0,730209,0
2.789821,0,0,0,0,753777,0
2.791533,0,0,0,0,746544,0
2.793239,0,0,0,0,748320,0
2.794949,0,0,0,0,747555,0
2.796811,0,0,0,0,830745,0
2.798422,0,0,0,0,741405,0
2.800178,0,0,0,0,742545,0
2.801737,0,0,0,0,912615,0
2.803408,0,0,0,0,798873,0
2.805012,0,0,0,0,879849,0
2.806649,0,0,0,0,732708,0
2.808319,0,0,0,0,742245,0
2.810017,0,0,0,0,741831,0
2.811751,0,0,0,0,691002,0
2.813202,0,0,0,0,553755,0
2.814647,0,0,0,0,552633,0
2.816139,0,0,0,0,554118,0
2.817581,0,0,0,0,553284,0
2.819022,0,0,0,0,552135,0
2.820599,0,0,0,0,564258,0
2.822101,0,0,0,0,598086,0
2.823775,0,0,0,0,635709,0
2.825484,0,0,0,0,629364,0
2.827145,0,0,0,0,685656,0
2.828742,0,0,0,0,701313,0
2.830364,0,0,0,0,619368,0
2.831955,0,0,0,0,618951,0
2.833494,0,0,0,0,615192,0
2.835015,0,0,0,0,617061,0
2.836534,0,0,0,0,617886,0
2.838050,0,0,0,0,653178,0
2.839746,0,0,0,0,630594,0
2.841453,0,0,0,0,629412,0
2.843160,0,0,0,0,632679,0
2.844735,0,0,0,0,618711,0
2.846413,0,0,0,0,624228,0
2.847968,0,0,0,0,611628,0
2.849634,0,0,0,0,626223,0
2.851465,0,0,0,0,630468,0
2.853173,0,0,0,0,632232,0
2.854900,0,0,0,0,633039,0
2.856611,0,0,0,0,632484,0
2.858323,0,0,0,0,635364,0
2.860034,0,0,0,0,633690,0
2.861743,0,0,0,0,787539,0
2.863591,0,0,0,0,674391,0
2.865338,0,0,0,0,624948,0
2.867049,0,0,0,0,631050,0
2.868760,0,0,0,0,631977,0
2.870472,0,0,0,0,632937,0
2.872183,0,0,0,0,633777,0
2.873892,0,0,0,0,632214,0
2.875470,0,0,0,0,614970,0
2.877148,0,0,0,0,634182,0
2.878860,0,0,0,0,630057,0
2.880570,0,0,0,0,630312,0
2.882282,0,0,0,0,630651,0
2.883992,0,0,0,0,628641,0
2.885716,0,0,0,0,788226,0
2.887565,0,0,0,0,635604,0
2.889273,0,0,0,0,632088,0
2.890984,0,0,0,0,630468,0
2.892693,0,0,0,0,631770,0
2.894405,0,0,0,0,634008,0
2.896192,0,0,0,0,630165,0
2.897901,0,0,0,0,745668,0
2.899557,0,0,0,0,627471,0
2.901234,0,0,0,0,631044,0
2.902945,0,0,0,0,632163,0
2.904654,0,0,0,0,629769,0
2.906232,0,0,0,0,617865,0
2.907912,0,0,0,0,631833,0
2.909620,0,0,0,0,632520,0
2.911414,0,0,0,0,635976,0
2.913126,0,0,0,0,633039,0
2.914838,0,0,0,0,635931,0
2.916564,0,0,0,0,626991,0
2.918273,0,0,0,0,629925,0
2.919983,0,0,0,0,628758,0
2.921691,0,0,0,0,705825,0
2.923465,0,0,0,0,640821,0
2.925173,0,0,0,0,629496,0
2.926897,0,0,0,0,632679,0
2.928609,0,0,0,0,630357,0
2.930320,0,0,0,0,630420,0
2.932029,0,0,0,0,631041,0
2.933738,0,0,0,0,775845,0
2.935559,0,0,0,0,632022,0
2.937133,0,0,0,0,617142,0
2.938813,0,0,0,0,629883,0
2.940521,0,0,0,0,629409,0
2.942232,0,0,0,0,629907,0
2.944004,0,0,0,0,632853,0
2.945714,0,0,0,0,737475,0
2.947357,0,0,0,0,620040,0
2.949034,0,0,0,0,630159,0
2.950746,0,0,0,0,627237,0
2.952447,0,0,0,0,624366,0
2.954284,0,0,0,0,627267,0
2.955990,0,0,0,0,628146,0
2.957710,0,0,0,0,715002,0
2.959484,0,0,0,0,716037,0
2.961255,0,0,0,0,632211,0
2.962967,0,0,0,0,631920,0
2.964675,0,0,0,0,631248,0
2.966386,0,0,0,0,630534,0
2.968116,0,0,0,0,570120,0
2.969701,0,0,0,0,514332,0
2.971385,0,0,0,0,512811,0
2.972997,0,0,0,0,493830,0
2.974612,0,0,0,0,496836,0
2.976275,0,0,0,0,495531,0
2.977887,0,0,0,0,499482,0
2.979391,0,0,0,0,522375,0
2.981066,0,0,0,0,569592,0
2.982626,0,0,0,0,560457,0
2.984301,0,0,0,0,570447,0
2.986008,0,0,0,0,576792,0
2.987722,0,0,0,0,572463,0
2.989430,0,0,0,0,571719,0
2.991154,0,0,0,0,569997,0
2.992862,0,0,0,0,569703,0
2.994573,0,0,0,0,571365,0
2.996281,0,0,0,0,570582,0
2.997842,0,0,0,0,569556,0
2.999530,0,0,0,0,572709,0
3.001106,0,0,0,0,561966,0
3.002785,0,0,0,0,556083,0
3.004496,0,0,0,0,571173,0
3.006207,0,0,0,0,572058,0
3.007981,0,0,0,0,573753,0
3.009546,0,0,0,0,561756,0
3.011076,0,0,0,0,541956,0
3.012616,0,0,0,0,543525,0
3.014141,0,0,0,0,560574,0
3.015664,0,0,0,0,561336,0
3.017184,0,0,0,0,560928,0
3.018705,0,0,0,0,560337,0
3.020377,0,0,0,0,572103,0
3.022211,0,0,0,0,771522,0
3.024029,0,0,0,0,563508,0
3.025556,0,0,0,0,560145,0
3.027232,0,0,0,0,576291,0
3.028943,0,0,0,0,573303,0
3.030654,0,0,0,0,565803,0
3.032356,0,0,0,0,565554,0
3.034055,0,0,0,0,574428,0
3.035711,0,0,0,0,557526,0
3.037390,0,0,0,0,572733,0
3.039101,0,0,0,0,569355,0
3.040813,0,0,0,0,572910,0
3.042525,0,0,0,0,550617,0
3.044235,0,0,0,0,569466,0
3.045957,0,0,0,0,577329,0
3.047672,0,0,0,0,573057,0
3.049381,0,0,0,0,570510,0
3.051093,0,0,0,0,573153,0
3.052802,0,0,0,0,554883,0
3.054517,0,0,0,0,568869,0
3.056291,0,0,0,0,565305,0
3.057991,0,0,0,0,663777,0
3.059779,0,0,0,0,569790,0
3.061486,0,0,0,0,569472,0
3.063193,0,0,0,0,567777,0
3.064902,0,0,0,0,570135,0
3.066479,0,0,0,0,558681,0
3.068156,0,0,0,0,551652,0
3.069863,0,0,0,0,573912,0
3.071575,0,0,0,0,596505,0
3.073305,0,0,0,0,572244,0
3.075014,0,0,0,0,553986,0
3.076739,0,0,0,0,568839,0
3.078451,0,0,0,0,571074,0
3.080159,0,0,0,0,569703,0
3.081866,0,0,0,0,576123,0
3.083579,0,0,0,0,568590,0
3.085285,0,0,0,0,569115,0
3.087008,0,0,0,0,570243,0
3.088718,0,0,0,0,571566,0
3.090429,0,0,0,0,570255,0
3.092138,0,0,0,0,571287,0
3.093845,0,0,0,0,574491,0
3.095596,0,0,0,0,571002,0
3.097171,0,0,0,0,556674,0
3.098850,0,0,0,0,569802,0
3.100558,0,0,0,0,570255,0
3.102268,0,0,0,0,553512,0
3.104039,0,0,0,0,569460,0
3.105746,0,0,0,0,706632,0
3.107445,0,0,0,0,568068,0
3.109121,0,0,0,0,569721,0
3.110832,0,0,0,0,569748,0
3.112541,0,0,0,0,570165,0
3.114250,0,0,0,0,568998,0
3.115957,0,0,0,0,521430,0
3.117640,0,0,0,0,568485,0
3.119414,0,0,0,0,575109,0
3.121125,0,0,0,0,569406,0
3.122838,0,0,0,0,570486,0
3.124547,0,0,0,0,549396,0
3.126257,0,0,0,0,572997,0
3.127835,0,0,0,0,531231,0
3.129514,0,0,0,0,502110,0
3.131224,0,0,0,0,486558,0
3.132935,0,0,0,0,486753,0
3.134647,0,0,0,0,503667,0
3.136421,0,0,0,0,483891,0
3.138008,0,0,0,0,475392,0
3.139691,0,0,0,0,503220,0
3.141400,0,0,0,0,484575,0
3.143109,0,0,0,0,483909,0
3.144819,0,0,0,0,484749,0
3.146531,0,0,0,0,487959,0
3.148256,0,0,0,0,488394,0
3.149965,0,0,0,0,489327,0
3.151732,0,0,0,0,488958,0
3.153445,0,0,0,0,485547,0
3.155156,0,0,0,0,485484,0
3.156866,0,0,0,0,484881,0
3.158448,0,0,0,0,466872,0
3.160116,0,0,0,0,480813,0
3.161815,0,0,0,0,684711,0
3.163571,0,0,0,0,472902,0
3.165247,0,0,0,0,483822,0
3.166958,0,0,0,0,486501,0
3.168683,0,0,0,0,485097,0
3.170394,0,0,0,0,485460,0
3.172103,0,0,0,0,484704,0
3.173811,0,0,0,0,490173,0
3.175525,0,0,0,0,485460,0
3.177232,0,0,0,0,483582,0
3.178811,0,0,0,0,477450,0
3.180338,0,0,0,0,474366,0
3.181859,0,0,0,0,475704,0
3.183381,0,0,0,0,539451,0
3.184964,0,0,0,0,491163,0
3.186484,0,0,0,0,473241,0
3.188154,0,0,0,0,485199,0
3.189728,0,0,0,0,562650,0
3.191531,0,0,0,0,514119,0
3.193240,0,0,0,0,486894,0
3.194951,0,0,0,0,483774,0
3.196659,0,0,0,0,483837,0
3.198226,0,0,0,0,477873,0
3.199986,0,0,0,0,486348,0
3.201695,0,0,0,0,559731,0
3.203485,0,0,0,0,491502,0
3.205192,0,0,0,0,483138,0
3.206902,0,0,0,0,484539,0
3.208612,0,0,0,0,483921,0
3.210337,0,0,0,0,487626,0
3.212047,0,0,0,0,484587,0
3.213755,0,0,0,0,604890,0
3.215597,0,0,0,0,518649,0
3.217326,0,0,0,0,480795,0
3.219036,0,0,0,0,488175,0
3.220613,0,0,0,0,476166,0
3.222293,0,0,0,0,487020,0
3.224002,0,0,0,0,484890,0
3.225712,0,0,0,0,568410,0
3.227478,0,0,0,0,490131,0
3.229137,0,0,0,0,440358,0
3.230752,0,0,0,0,419697,0
3.232362,0,0,0,0,424947,0
3.233924,0,0,0,0,412071,0
3.235491,0,0,0,0,406986,0
3.237071,0,0,0,0,435852,0
3.238547,0,0,0,0,455736,0
3.240072,0,0,0,0,472878,0
3.241757,0,0,0,0,622746,0
3.243450,0,0,0,0,485154,0
3.245124,0,0,0,0,482826,0
3.246832,0,0,0,0,486528,0
3.248544,0,0,0,0,486099,0
3.250255,0,0,0,0,518544,0
3.251849,0,0,0,0,476019,0
3.253525,0,0,0,0,486699,0
3.255237,0,0,0,0,486918,0
3.256949,0,0,0,0,486444,0
3.258661,0,0,0,0,487704,0
3.260372,0,0,0,0,503235,0
3.262099,0,0,0,0,482634,0
3.263862,0,0,0,0,481065,0
3.265563,0,0,0,0,482211,0
3.267119,0,0,0,0,476310,0
3.268796,0,0,0,0,485553,0
3.270509,0,0,0,0,485514,0
3.272234,0,0,0,0,485154,0
3.273944,0,0,0,0,491853,0
3.275658,0,0,0,0,486798,0
3.277368,0,0,0,0,486006,0
3.279079,0,0,0,0,487917,0
3.280791,0,0,0,0,489744,0
3.282393,0,0,0,0,430980,0
3.284074,0,0,0,0,322083,0
3.285783,0,0,0,0,324831,0
3.287494,0,0,0,0,318384,0
3.289193,0,0,0,0,317904,0
3.290745,0,0,0,0,330099,0
3.292375,0,0,0,0,406338,0
3.294031,0,0,0,0,318084,0
3.295558,0,0,0,0,354615,0
3.297141,0,0,0,0,314757,0
3.298665,0,0,0,0,313644,0
3.300186,0,0,0,0,641598,0
3.302313,0,0,0,0,348534,0
3.304347,0,0,0,0,316260,0
3.305893,0,0,0,0,324882,0
3.307515,0,0,0,0,363447,0
3.309031,0,0,0,0,311154,0
3.310547,0,0,0,0,311454,0
3.312059,0,0,0,0,311727,0
3.313574,0,0,0,0,311067,0
3.315095,0,0,0,0,313449,0
3.316610,0,0,0,0,309729,0
3.318255,0,0,0,0,310359,0
3.319768,0,0,0,0,312492,0
3.321283,0,0,0,0,312045,0
3.322817,0,0,0,0,310962,0
3.324333,0,0,0,0,311049,0
3.325858,0,0,0,0,332982,0
3.327409,0,0,0,0,353661,0
3.328991,0,0,0,0,314481,0
3.330515,0,0,0,0,313896,0
3.332036,0,0,0,0,313803,0
3.333558,0,0,0,0,313557,0
3.335232,0,0,0,0,321543,0
3.336960,0,0,0,0,321876,0
3.338674,0,0,0,0,321933,0
3.340386,0,0,0,0,320319,0
3.342100,0,0,0,0,321114,0
3.343874,0,0,0,0,321171,0
3.345586,0,0,0,0,320898,0
3.347249,0,0,0,0,311544,0
3.348920,0,0,0,0,317070,0
3.350477,0,0,0,0,314082,0
3.352157,0,0,0,0,320988,0
3.353867,0,0,0,0,324009,0
3.355583,0,0,0,0,321090,0
3.357293,0,0,0,0,320637,0
3.359060,0,0,0,0,321678,0
3.360773,0,0,0,0,320619,0
3.362486,0,0,0,0,322302,0
3.364198,0,0,0,0,322422,0
3.365908,0,0,0,0,322896,0
3.367617,0,0,0,0,316791,0
3.369186,0,0,0,0,310977,0
3.370709,0,0,0,0,313479,0
3.372383,0,0,0,0,320949,0
3.374154,0,0,0,0,319791,0
3.375922,0,0,0,0,319992,0
3.377630,0,0,0,0,319713,0
3.379412,0,0,0,0,321627,0
3.381122,0,0,0,0,320715,0
3.382834,0,0,0,0,321489,0
3.384543,0,0,0,0,295146,0
3.386216,0,0,0,0,321015,0
3.387927,0,0,0,0,319155,0
3.389649,0,0,0,0,320583,0
3.391476,0,0,0,0,365031,0
3.393251,0,0,0,0,320508,0
3.394962,0,0,0,0,318735,0
3.396670,0,0,0,0,319011,0
3.398286,0,0,0,0,318792,0
3.399836,0,0,0,0,281895,0
3.401514,0,0,0,0,220434,0
3.403227,0,0,0,0,219045,0
3.404941,0,0,0,0,219306,0
3.406656,0,0,0,0,221223,0
3.408432,0,0,0,0,219969,0
3.410162,0,0,0,0,220344,0
3.411876,0,0,0,0,219663,0
3.413588,0,0,0,0,220446,0
3.415149,0,0,0,0,214815,0
3.416829,0,0,0,0,220209,0
3.418545,0,0,0,0,219909,0
3.420124,0,0,0,0,215715,0
3.421803,0,0,0,0,221562,0
3.423520,0,0,0,0,252012,0
3.425297,0,0,0,0,219105,0
3.427010,0,0,0,0,220329,0
3.428723,0,0,0,0,219882,0
3.430454,0,0,0,0,221223,0
3.432168,0,0,0,0,219720,0
3.433879,0,0,0,0,235242,0
3.435622,0,0,0,0,219999,0
3.437334,0,0,0,0,220215,0
3.439047,0,0,0,0,219663,0
3.440627,0,0,0,0,215580,0
3.442310,0,0,0,0,219960,0
3.444023,0,0,0,0,220095,0
3.445735,0,0,0,0,250581,0
3.447520,0,0,0,0,220002,0
3.449230,0,0,0,0,219081,0
3.450957,0,0,0,0,220275,0
3.452672,0,0,0,0,220572,0
3.454387,0,0,0,0,221244,0
3.456163,0,0,0,0,220137,0
3.457876,0,0,0,0,220629,0
3.459590,0,0,0,0,219471,0
3.461316,0,0,0,0,219483,0
3.463029,0,0,0,0,219993,0
3.464742,0,0,0,0,220095,0
3.466457,0,0,0,0,220560,0
3.468169,0,0,0,0,220026,0
3.469881,0,0,0,0,241419,0
3.471498,0,0,0,0,243516,0
3.473232,0,0,0,0,217518,0
3.474791,0,0,0,0,214995,0
3.476471,0,0,0,0,218985,0
3.478185,0,0,0,0,219225,0
3.479895,0,0,0,0,220776,0
3.481605,0,0,0,0,219402,0
3.483242,0,0,0,0,213780,0
3.484920,0,0,0,0,218346,0
3.486633,0,0,0,0,219825,0
3.488407,0,0,0,0,220155,0
3.490121,0,0,0,0,219816,0
3.491834,0,0,0,0,219594,0
3.493558,0,0,0,0,219231,0
3.495270,0,0,0,0,219087,0
3.496981,0,0,0,0,219378,0
3.498694,0,0,0,0,220719,0
3.500406,0,0,0,0,219405,0
3.502120,0,0,0,0,219597,0
3.503762,0,0,0,0,214461,0
3.505440,0,0,0,0,219126,0
3.507151,0,0,0,0,218919,0
3.508861,0,0,0,0,303429,0
3.510600,0,0,0,0,215808,0
3.512281,0,0,0,0,218379,0
3.513856,0,0,0,0,215538,0
3.515538,0,0,0,0,219240,0
3.517247,0,0,0,0,218943,0
3.518964,0,0,0,0,221325,0
3.520680,0,0,0,0,219966,0
3.522397,0,0,0,0,220170,0
3.523977,0,0,0,0,214083,0
3.525655,0,0,0,0,218961,0
3.527332,0,0,0,0,214470,0
3.529010,0,0,0,0,219198,0
3.530724,0,0,0,0,220308,0
3.532437,0,0,0,0,219537,0
3.534166,0,0,0,0,219369,0
3.535939,0,0,0,0,219324,0
3.537650,0,0,0,0,219282,0
3.539431,0,0,0,0,219399,0
3.541141,0,0,0,0,219579,0
3.542855,0,0,0,0,220623,0
3.544435,0,0,0,0,214497,0
3.546118,0,0,0,0,220023,0
3.547829,0,0,0,0,219579,0
3.549538,0,0,0,0,219135,0
3.551250,0,0,0,0,218754,0
3.552962,0,0,0,0,219258,0
3.554691,0,0,0,0,220911,0
3.556403,0,0,0,0,219345,0
3.558117,0,0,0,0,218265,0
3.559827,0,0,0,0,219192,0
3.561536,0,0,0,0,219180,0
3.563247,0,0,0,0,220389,0
3.564825,0,0,0,0,214371,0
3.566506,0,0,0,0,218577,0
3.568277,0,0,0,0,219069,0
3.569988,0,0,0,0,222168,0
3.571704,0,0,0,0,218907,0
3.573414,0,0,0,0,218703,0
3.575141,0,0,0,0,218892,0
3.576852,0,0,0,0,219207,0
3.578567,0,0,0,0,220227,0
3.580279,0,0,0,0,219090,0
3.581988,0,0,0,0,221538,0
3.583766,0,0,0,0,219168,0
3.585341,0,0,0,0,213972,0
3.587022,0,0,0,0,219834,0
3.588734,0,0,0,0,219345,0
3.590447,0,0,0,0,220068,0
3.592160,0,0,0,0,219411,0
3.593870,0,0,0,0,221145,0
3.595600,0,0,0,0,219882,0
3.597310,0,0,0,0,218946,0
3.598873,0,0,0,0,215922,0
3.600560,0,0,0,0,219681,0
3.602272,0,0,0,0,220272,0
3.603983,0,0,0,0,218985,0
3.605557,0,0,0,0,215217,0
3.607239,0,0,0,0,219741,0
3.608951,0,0,0,0,219441,0
3.610663,0,0,0,0,219792,0
3.612375,0,0,0,0,218577,0
3.614218,0,0,0,0,249993,0
3.615912,0,0,0,0,214998,0
3.617440,0,0,0,0,214248,0
3.619115,0,0,0,0,219060,0
3.620826,0,0,0,0,219489,0
3.622539,0,0,0,0,219519,0
3.624250,0,0,0,0,219219,0
3.625996,0,0,0,0,221016,0
3.627712,0,0,0,0,235908,0
3.629458,0,0,0,0,226545,0
3.631034,0,0,0,0,235005,0
3.632608,0,0,0,0,212601,0
3.634385,0,0,0,0,217986,0
3.636085,0,0,0,0,217827,0
3.637800,0,0,0,0,264081,0
3.639606,0,0,0,0,219378,0
3.641317,0,0,0,0,219267,0
3.643027,0,0,0,0,219018,0
3.644737,0,0,0,0,219456,0
3.646450,0,0,0,0,219501,0
3.648090,0,0,0,0,213504,0
3.649767,0,0,0,0,220455,0
3.651479,0,0,0,0,218964,0
3.653191,0,0,0,0,218892,0
3.654905,0,0,0,0,220167,0
3.656619,0,0,0,0,220620,0
3.658348,0,0,0,0,221148,0
3.660063,0,0,0,0,219831,0
3.661773,0,0,0,0,222513,0
3.663490,0,0,0,0,251394,0
3.665267,0,0,0,0,220617,0
3.666980,0,0,0,0,219984,0
3.668559,0,0,0,0,215640,0
3.670242,0,0,0,0,220380,0
3.671954,0,0,0,0,218964,0
3.673664,0,0,0,0,219645,0
3.675347,0,0,0,0,271995,0
3.677027,0,0,0,0,219240,0
3.678749,0,0,0,0,219420,0
3.680484,0,0,0,0,203163,0
3.682106,0,0,0,0,196563,0
3.683743,0,0,0,0,214080,0
3.685454,0,0,0,0,221142,0
3.687166,0,0,0,0,220332,0
3.688745,0,0,0,0,215823,0
3.690426,0,0,0,0,218379,0
3.692135,0,0,0,0,220461,0
3.693845,0,0,0,0,221337,0
3.695561,0,0,0,0,231123,0
3.697295,0,0,0,0,220815,0
3.699017,0,0,0,0,219783,0
3.700730,0,0,0,0,219687,0
3.702439,0,0,0,0,218235,0
3.704141,0,0,0,0,217659,0
3.705838,0,0,0,0,243534,0
3.707445,0,0,0,0,214509,0
3.709130,0,0,0,0,220824,0
3.710845,0,0,0,0,221616,0
3.712560,0,0,0,0,219351,0
3.714272,0,0,0,0,219897,0
3.715984,0,0,0,0,219051,0
3.717693,0,0,0,0,253731,0
3.719334,0,0,0,0,218913,0
3.721000,0,0,0,0,222192,0
3.722562,0,0,0,0,223008,0
3.724114,0,0,0,0,219642,0
3.725638,0,0,0,0,214983,0
3.727245,0,0,0,0,213483,0
3.728768,0,0,0,0,213990,0
3.730303,0,0,0,0,215367,0
3.731977,0,0,0,0,219615,0
3.733685,0,0,0,0,219348,0
3.735448,0,0,0,0,245031,0
3.737157,0,0,0,0,219210,0
3.738869,0,0,0,0,220086,0
3.740596,0,0,0,0,219189,0
3.742308,0,0,0,0,220206,0
3.744081,0,0,0,0,218583,0
3.745788,0,0,0,0,221373,0
3.747503,0,0,0,0,219201,0
3.749212,0,0,0,0,219396,0
3.750792,0,0,0,0,215295,0
3.752470,0,0,0,0,220146,0
3.754183,0,0,0,0,219069,0
3.755894,0,0,0,0,218766,0
3.757602,0,0,0,0,219345,0
3.759264,0,0,0,0,214767,0
3.761010,0,0,0,0,219894,0
3.762722,0,0,0,0,219807,0
3.764433,0,0,0,0,218775,0
3.766145,0,0,0,0,220026,0
3.767855,0,0,0,0,219378,0
3.769565,0,0,0,0,220035,0
3.771142,0,0,0,0,214386,0
3.772823,0,0,0,0,219330,0
3.774535,0,0,0,0,219651,0
3.776307,0,0,0,0,219732,0
3.778014,0,0,0,0,222390,0
3.779728,0,0,0,0,216165,0
3.781452,0,0,0,0,219120,0
3.783164,0,0,0,0,219075,0
3.784875,0,0,0,0,219753,0
3.786588,0,0,0,0,219768,0
3.788149,0,0,0,0,213552,0
3.789827,0,0,0,0,220701,0
3.791408,0,0,0,0,246129,0
3.793152,0,0,0,0,220359,0
3.794864,0,0,0,0,219918,0
3.796575,0,0,0,0,218526,0
3.798287,0,0,0,0,218541,0
3.799873,0,0,0,0,224553,0
3.801561,0,0,0,0,216897,0
3.803119,0,0,0,0,215907,0
3.804720,0,0,0,0,215871,0
3.806249,0,0,0,0,215799,0
3.807835,0,0,0,0,214578,0
3.809359,0,0,0,0,214929,0
3.810884,0,0,0,0,214953,0
3.812419,0,0,0,0,215340,0
3.814156,0,0,0,0,220923,0
3.815866,0,0,0,0,220680,0
3.817579,0,0,0,0,220374,0
3.819293,0,0,0,0,220707,0
3.821009,0,0,0,0,219114,0
3.822737,0,0,0,0,220374,0
3.824514,0,0,0,0,220491,0
3.826230,0,0,0,0,221859,0
3.827944,0,0,0,0,219534,0
3.829655,0,0,0,0,220188,0
3.831472,0,0,0,0,255192,0
3.833042,0,0,0,0,212760,0
3.834576,0,0,0,0,215901,0
3.836277,0,0,0,0,218892,0
3.837987,0,0,0,0,221553,0
3.839764,0,0,0,0,219951,0
3.841475,0,0,0,0,219132,0
3.843201,0,0,0,0,219861,0
3.844913,0,0,0,0,218937,0
3.846626,0,0,0,0,220257,0
3.848338,0,0,0,0,219699,0
3.850047,0,0,0,0,237246,0
3.851645,0,0,0,0,215418,0
3.853334,0,0,0,0,219519,0
3.855046,0,0,0,0,219462,0
3.856759,0,0,0,0,220023,0
3.858473,0,0,0,0,220614,0
3.860184,0,0,0,0,219045,0
3.861893,0,0,0,0,218667,0
3.863618,0,0,0,0,219201,0
3.865327,0,0,0,0,220101,0
3.867039,0,0,0,0,219747,0
3.868750,0,0,0,0,218613,0
3.870464,0,0,0,0,219780,0
3.872239,0,0,0,0,218838,0
3.873815,0,0,0,0,217002,0
3.875500,0,0,0,0,218241,0
3.877208,0,0,0,0,219417,0
3.878921,0,0,0,0,219624,0
3.880633,0,0,0,0,219489,0
3.882346,0,0,0,0,219039,0
3.884074,0,0,0,0,219006,0
3.885785,0,0,0,0,221439,0
3.887501,0,0,0,0,251181,0
3.889275,0,0,0,0,218481,0
3.891419,0,0,0,0,221088,0
3.893167,0,0,0,0,219561,0
3.894746,0,0,0,0,214284,0
3.896425,0,0,0,0,218295,0
3.898137,0,0,0,0,218703,0
3.899847,0,0,0,0,219678,0
3.901555,0,0,0,0,219282,0
3.903265,0,0,0,0,218928,0
3.905049,0,0,0,0,218718,0
3.906762,0,0,0,0,219597,0
3.908472,0,0,0,0,219822,0
3.910185,0,0,0,0,219045,0
3.911896,0,0,0,0,219087,0
3.913605,0,0,0,0,219306,0
3.915269,0,0,0,0,215223,0
3.916947,0,0,0,0,219138,0
3.918659,0,0,0,0,219327,0
3.920429,0,0,0,0,214260,0
3.921987,0,0,0,0,218022,0
3.923672,0,0,0,0,220005,0
3.925399,0,0,0,0,220026,0
3.927011,0,0,0,0,227274,0
3.928611,0,0,0,0,238113,0
3.930189,0,0,0,0,258636,0
3.931842,0,0,0,0,215001,0
3.933392,0,0,0,0,214443,0
3.934917,0,0,0,0,214935,0
3.936515,0,0,0,0,214350,0
3.938196,0,0,0,0,220407,0
3.939909,0,0,0,0,219693,0
3.941622,0,0,0,0,224457,0
3.943324,0,0,0,0,215454,0
3.944853,0,0,0,0,215268,0
3.946379,0,0,0,0,215316,0
3.947916,0,0,0,0,215787,0
3.949439,0,0,0,0,214284,0
3.950961,0,0,0,0,214032,0
3.952635,0,0,0,0,220014,0
3.954416,0,0,0,0,270066,0
3.956076,0,0,0,0,221937,0
3.957620,0,0,0,0,216630,0
3.959235,0,0,0,0,213354,0
3.960754,0,0,0,0,213738,0
3.962273,0,0,0,0,213930,0
3.963795,0,0,0,0,214644,0
3.965315,0,0,0,0,213312,0
3.966988,0,0,0,0,219198,0
3.968701,0,0,0,0,218841,0
3.970428,0,0,0,0,219480,0
3.972140,0,0,0,0,218976,0
3.973848,0,0,0,0,221730,0
3.975564,0,0,0,0,219402,0
3.977275,0,0,0,0,219294,0
3.978985,0,0,0,0,220269,0
3.980561,0,0,0,0,215412,0
3.982245,0,0,0,0,218967,0
3.984018,0,0,0,0,219351,0
3.985728,0,0,0,0,274965,0
3.987582,0,0,0,0,222369,0
3.989291,0,0,0,0,217473,0
3.991014,0,0,0,0,219687,0
3.992726,0,0,0,0,219249,0
3.994440,0,0,0,0,219999,0
3.996152,0,0,0,0,218853,0
3.997862,0,0,0,0,221706,0
3.999483,0,0,0,0,247518,0
