elapsed_s,PC_US_BV_STALLED_BY_UCHE_FEEDBACK,PC_US_VSD_RARB_DVIZ_FULL,PC_US_VSD_RARB_PVIZ_FULL,PC_US_VSD_RARB_TVIZ_FULL,PC_US_DP0_RARB_FULL,PC_US_DP1_RARB_FULL,PC_US_DP0_LIVE_PRIM,PC_US_DP1_LIVE_PRIM
0.001103,0,0,0,0,0,0,0,0
0.002933,0,0,0,0,0,0,0,0
0.004465,0,0,0,0,0,0,0,0
0.005975,0,0,0,0,0,0,0,0
0.007528,0,0,0,0,0,0,0,0
0.009130,0,0,0,0,0,0,0,0
0.010638,0,0,0,0,0,0,0,0
0.012194,0,0,0,0,0,0,0,0
0.013700,0,0,0,0,0,0,0,0
0.015309,0,0,0,0,0,0,0,0
0.016866,0,0,0,0,0,0,0,0
0.018404,0,0,0,0,0,0,0,0
0.020027,0,0,0,0,0,0,0,0
0.021542,0,0,0,0,0,0,0,0
0.023088,0,0,0,0,0,0,0,0
0.024609,0,0,0,0,0,0,0,0
0.026081,0,0,0,0,0,0,0,0
0.027603,0,0,0,0,0,0,0,0
0.029089,0,0,0,0,0,0,0,0
0.030572,0,0,0,0,0,0,0,0
0.032213,0,0,0,0,0,0,0,0
0.033731,0,0,0,0,0,0,0,0
0.035208,0,0,0,0,0,0,0,0
0.036683,0,0,0,0,0,0,0,0
0.038157,0,0,0,0,0,0,0,0
0.039633,0,0,0,0,0,0,0,0
0.041112,0,0,0,0,0,0,0,0
0.042643,0,0,0,0,0,0,0,0
0.044274,0,0,0,0,0,0,0,0
0.045809,0,0,0,0,0,0,0,0
0.047334,0,0,0,0,0,0,0,0
0.048718,0,0,0,0,0,0,0,0
0.050103,0,0,0,0,0,0,0,0
0.051493,0,0,0,0,0,0,0,0
0.052880,0,0,0,0,0,0,0,0
0.054266,0,0,0,0,0,0,0,0
0.055651,0,0,0,0,0,0,0,0
0.057051,0,0,0,0,0,0,0,0
0.058437,0,0,0,0,0,0,0,0
0.059845,0,0,0,0,0,0,0,0
0.061214,0,0,0,0,0,0,0,0
0.062609,0,0,0,0,0,0,0,0
0.063992,0,0,0,0,0,0,0,0
0.065496,0,0,0,0,0,0,0,0
0.066891,0,0,0,0,0,0,0,0
0.068266,0,0,0,0,0,0,0,0
0.069633,0,0,0,0,0,0,0,0
0.071044,0,0,0,0,0,0,0,0
0.072469,0,0,0,0,0,0,0,0
0.073908,0,0,0,0,0,0,0,0
0.075308,0,0,0,0,0,0,0,0
0.076684,0,0,0,0,0,0,0,0
0.078055,0,0,0,0,0,0,0,0
0.079424,0,0,0,0,0,0,0,0
0.080791,0,0,0,0,0,0,0,0
0.082159,0,0,0,0,0,0,0,0
0.083531,0,0,0,0,0,0,0,0
0.084990,0,0,0,0,0,0,0,0
0.086232,0,0,0,0,0,0,0,0
0.087601,0,0,0,0,0,0,0,0
0.089034,0,0,0,0,0,0,0,0
0.090511,0,0,0,0,0,0,0,0
0.092054,0,0,0,0,0,0,0,0
0.093473,0,0,0,0,0,0,0,0
0.094937,0,0,0,0,0,0,0,0
0.097436,0,0,0,0,0,0,0,0
0.099083,0,0,0,0,0,0,0,0
0.100641,0,0,0,0,0,0,0,0
0.102185,0,0,0,0,0,0,0,0
0.103673,0,0,0,0,0,0,0,0
0.105319,0,0,0,0,0,0,0,0
0.106661,0,0,0,0,0,0,0,0
0.108088,0,0,0,0,0,0,0,0
0.111164,0,0,0,0,0,0,0,0
0.112724,0,0,0,0,0,0,0,0
0.114512,0,0,0,0,0,0,0,0
0.116073,0,0,0,0,0,0,0,0
0.117703,0,0,0,0,0,0,0,0
0.119172,0,0,0,0,0,0,0,0
0.120625,0,0,0,0,0,0,0,0
0.122027,0,0,0,0,0,0,0,0
0.123430,0,0,0,0,0,0,0,0
0.124831,0,0,0,0,0,0,0,0
0.126232,0,0,0,0,0,0,0,0
0.127634,0,0,0,0,0,0,0,0
0.129036,0,0,0,0,0,0,0,0
0.130455,0,0,0,0,0,0,0,0
0.131859,0,0,0,0,0,0,0,0
0.133309,0,0,0,0,0,0,0,0
0.134734,0,0,0,0,0,0,0,0
0.136143,0,0,0,0,0,0,0,0
0.137585,0,0,0,0,0,0,0,0
0.138994,0,0,0,0,0,0,0,0
0.140400,0,0,0,0,0,0,0,0
0.141821,0,0,0,0,0,0,0,0
0.143230,0,0,0,0,0,0,0,0
0.144636,0,0,0,0,0,0,0,0
0.146172,0,0,0,0,0,0,0,0
0.147747,0,0,0,0,0,0,0,0
0.149320,0,0,0,0,0,0,0,0
0.150895,0,0,0,0,0,0,0,0
0.152538,0,0,0,0,0,0,0,0
0.154004,0,0,0,0,0,0,0,0
0.155423,0,0,0,0,0,0,0,0
0.156963,0,0,0,0,0,0,0,0
0.158534,0,0,0,0,0,0,0,0
0.160162,0,0,0,0,0,0,0,0
0.161732,0,0,0,0,0,0,0,0
0.163319,0,0,0,0,0,0,0,0
0.164891,0,0,0,0,0,0,0,0
0.166462,0,0,0,0,0,0,0,0
0.168034,0,0,0,0,0,0,0,0
0.169607,0,0,0,0,0,0,0,0
0.171432,0,0,0,0,0,0,0,0
0.172974,0,0,0,0,0,0,0,0
0.174549,0,0,0,0,0,0,0,0
0.176126,0,0,0,0,0,0,0,0
0.177674,0,0,0,0,0,0,0,0
0.179251,0,0,0,0,0,0,0,0
0.180825,0,0,0,0,0,0,0,0
0.182398,0,0,0,0,0,0,0,0
0.183973,0,0,0,0,0,0,0,0
0.185561,0,0,0,0,0,0,0,0
0.187136,0,0,0,0,0,0,0,0
0.188710,0,0,0,0,0,0,0,0
0.190283,0,0,0,0,0,0,0,0
0.191858,0,0,0,0,0,0,0,0
0.193433,0,0,0,0,0,0,0,0
0.195014,0,0,0,0,0,0,0,0
0.196514,0,0,0,0,0,0,0,0
0.197983,0,0,0,0,0,0,0,0
0.199567,0,0,0,0,0,0,0,0
0.200994,0,0,0,0,0,0,0,0
0.202351,0,0,0,0,0,0,0,0
0.203965,0,0,0,0,0,0,0,0
0.205467,0,0,0,0,0,0,0,0
0.206956,0,0,0,0,0,0,0,0
0.208326,0,0,0,0,0,0,0,0
0.209691,0,0,0,0,0,0,0,0
0.211161,0,0,0,0,0,0,0,0
0.212586,0,0,0,0,0,0,0,0
0.213953,0,0,0,0,0,0,0,0
0.215361,0,0,0,0,0,0,0,0
0.216784,0,0,0,0,0,0,0,0
0.218127,0,0,0,0,0,0,0,0
0.219459,0,0,0,0,0,0,0,0
0.220786,0,0,0,0,0,0,0,0
0.222111,0,0,0,0,0,0,0,0
0.223486,0,0,0,0,0,0,0,0
0.224818,0,0,0,0,0,0,0,0
0.226147,0,0,0,0,0,0,0,0
0.227524,0,0,0,0,0,0,0,0
0.228859,0,0,0,0,0,0,0,0
0.230183,0,0,0,0,0,0,0,0
0.231559,0,0,0,0,0,0,0,0
0.232887,0,0,0,0,0,0,0,0
0.234199,0,0,0,0,0,0,0,0
0.235512,0,0,0,0,0,0,0,0
0.236823,0,0,0,0,0,0,0,0
0.238134,0,0,0,0,0,0,0,0
0.239501,0,0,0,0,0,0,0,0
0.240814,0,0,0,0,0,0,0,0
0.242129,0,0,0,0,0,0,0,0
0.243444,0,0,0,0,0,0,0,0
0.244785,0,0,0,0,0,0,0,0
0.246095,0,0,0,0,0,0,0,0
0.247453,0,0,0,0,0,0,0,0
0.248795,0,0,0,0,0,0,0,0
0.250177,0,0,0,0,0,0,0,0
0.251553,0,0,0,0,0,0,0,0
0.252933,0,0,0,0,0,0,0,0
0.254201,0,0,0,0,0,0,0,0
0.255626,0,0,0,0,0,0,0,0
0.257002,0,0,0,0,0,0,0,0
0.258429,0,0,0,0,0,0,0,0
0.259858,0,0,0,0,0,0,0,0
0.261285,0,0,0,0,0,0,0,0
0.262670,0,0,0,0,0,0,0,0
0.264048,0,0,0,0,0,0,0,0
0.265439,0,0,0,0,0,0,0,0
0.266709,0,0,0,0,0,0,0,0
0.267993,0,0,0,0,0,0,0,0
0.269265,0,0,0,0,0,0,0,0
0.270645,0,0,0,0,0,0,0,0
0.272050,0,0,0,0,0,0,0,0
0.273425,0,0,0,0,0,0,0,0
0.274801,0,0,0,0,0,0,0,0
0.276159,0,0,0,0,0,0,0,0
0.277535,0,0,0,0,0,0,0,0
0.278913,0,0,0,0,0,0,0,0
0.280291,0,0,0,0,0,0,0,0
0.281574,0,0,0,0,0,0,0,0
0.282975,0,0,0,0,0,0,0,0
0.284334,0,0,0,0,0,0,0,0
0.285712,0,0,0,0,0,0,0,0
0.287087,0,0,0,0,0,0,0,0
0.288457,0,0,0,0,0,0,0,0
0.289824,0,0,0,0,0,0,0,0
0.291193,0,0,0,0,0,0,0,0
0.292560,0,0,0,0,0,0,0,0
0.293941,0,0,0,0,0,0,0,0
0.295505,0,0,0,0,0,0,0,0
0.296945,0,0,0,0,0,0,0,0
0.298378,0,0,0,0,0,0,0,0
0.299782,0,0,0,0,0,0,0,0
0.301279,0,0,0,0,0,0,0,0
0.302682,0,0,0,0,0,0,0,0
0.304195,0,0,0,0,0,0,0,0
0.305595,0,0,0,0,0,0,0,0
0.307027,0,0,0,0,0,0,0,0
0.308426,0,0,0,0,0,0,0,0
0.309827,0,0,0,0,0,0,0,0
0.311229,0,0,0,0,0,0,0,0
0.312634,0,0,0,0,0,0,0,0
0.314041,0,0,0,0,0,0,0,0
0.315569,0,0,0,0,0,0,0,0
0.316973,0,0,0,0,0,0,0,0
0.318375,0,0,0,0,0,0,0,0
0.319777,0,0,0,0,0,0,0,0
0.321180,0,0,0,0,0,0,0,0
0.322709,0,0,0,0,0,0,0,0
0.324178,0,0,0,0,0,0,0,0
0.325612,0,0,0,0,0,0,0,0
0.327026,0,0,0,0,0,0,0,0
0.328479,0,0,0,0,0,0,0,0
0.329891,0,0,0,0,0,0,0,0
0.331303,0,0,0,0,0,0,0,0
0.332840,0,0,0,0,0,0,0,0
0.334413,0,0,0,0,0,0,0,0
0.336001,0,0,0,0,0,0,0,0
0.337576,0,0,0,0,0,0,0,0
0.339153,0,0,0,0,0,0,0,0
0.340728,0,0,0,0,0,0,0,0
0.342300,0,0,0,0,0,0,0,0
0.343876,0,0,0,0,0,0,0,0
0.345441,0,0,0,0,0,0,0,0
0.347083,0,0,0,0,0,0,0,0
0.348656,0,0,0,0,0,0,0,0
0.350229,0,0,0,0,0,0,0,0
0.351805,0,0,0,0,0,0,0,0
0.353369,0,0,0,0,0,0,0,0
0.354976,0,0,0,0,0,0,0,0
0.356550,0,0,0,0,0,0,0,0
0.358132,0,0,0,0,0,0,0,0
0.359707,0,0,0,0,0,0,0,0
0.361282,0,0,0,0,0,0,0,0
0.362929,0,0,0,0,0,0,0,0
0.364567,0,0,0,0,0,0,0,0
0.366138,0,0,0,0,0,0,0,0
0.367713,0,0,0,0,0,0,0,0
0.369299,0,0,0,0,0,0,0,0
0.370943,0,0,0,0,0,0,0,0
0.372519,0,0,0,0,0,0,0,0
0.373939,0,0,0,0,0,0,0,0
0.375343,0,0,0,0,0,0,0,0
0.376754,0,0,0,0,0,0,0,0
0.378298,0,0,0,0,0,0,0,0
0.379887,0,0,0,0,0,0,0,0
0.381451,0,0,0,0,0,0,0,0
0.383129,0,0,0,0,0,0,0,0
0.384692,0,0,0,0,0,0,0,0
0.386254,0,0,0,0,0,0,0,0
0.387696,0,0,0,0,0,0,0,0
0.389241,0,0,0,0,0,0,0,0
0.390827,0,0,0,0,0,0,0,0
0.392516,0,0,0,0,0,0,0,0
0.394089,0,0,0,0,0,0,0,0
0.395665,0,0,0,0,0,0,0,0
0.397238,0,0,0,0,0,0,0,0
0.398812,0,0,0,0,0,0,0,0
0.400329,0,0,0,0,0,0,0,0
0.401757,0,0,0,0,0,0,0,0
0.403125,0,0,0,0,0,0,0,0
0.404488,0,0,0,0,0,0,0,0
0.405846,0,0,0,0,0,0,0,0
0.407215,0,0,0,0,0,0,0,0
0.408619,0,0,0,0,0,0,0,0
0.409977,0,0,0,0,0,0,0,0
0.411333,0,0,0,0,0,0,0,0
0.412705,0,0,0,0,0,0,0,0
0.414062,0,0,0,0,0,0,0,0
0.415465,0,0,0,0,0,0,0,0
0.416823,0,0,0,0,0,0,0,0
0.418179,0,0,0,0,0,0,0,0
0.419536,0,0,0,0,0,0,0,0
0.420892,0,0,0,0,0,0,0,0
0.422249,0,0,0,0,0,0,0,0
0.423664,0,0,0,0,0,0,0,0
0.425069,0,0,0,0,0,0,0,0
0.426399,0,0,0,0,0,0,0,0
0.427728,0,0,0,0,0,0,0,0
0.429062,0,0,0,0,0,0,0,0
0.430390,0,0,0,0,0,0,0,0
0.431767,0,0,0,0,0,0,0,0
0.433098,0,0,0,0,0,0,0,0
0.434434,0,0,0,0,0,0,0,0
0.435763,0,0,0,0,0,0,0,0
0.437098,0,0,0,0,0,0,0,0
0.438428,0,0,0,0,0,0,0,0
0.439806,0,0,0,0,0,0,0,0
0.441145,0,0,0,0,0,0,0,0
0.442458,0,0,0,0,0,0,0,0
0.443771,0,0,0,0,0,0,0,0
0.445092,0,0,0,0,0,0,0,0
0.446406,0,0,0,0,0,0,0,0
0.447768,0,0,0,0,0,0,0,0
0.449080,0,0,0,0,0,0,0,0
0.450392,0,0,0,0,0,0,0,0
0.451704,0,0,0,0,0,0,0,0
0.453022,0,0,0,0,0,0,0,0
0.454333,0,0,0,0,0,0,0,0
0.455701,0,0,0,0,0,0,0,0
0.457045,0,0,0,0,0,0,0,0
0.458315,0,0,0,0,0,0,0,0
0.459691,0,0,0,0,0,0,0,0
0.460964,0,0,0,0,0,0,0,0
0.462341,0,0,0,0,0,0,0,0
0.463717,0,0,0,0,0,0,0,0
0.465143,0,0,0,0,0,0,0,0
0.466579,0,0,0,0,0,0,0,0
0.467932,0,0,0,0,0,0,0,0
0.469360,0,0,0,0,0,0,0,0
0.470788,0,0,0,0,0,0,0,0
0.472215,0,0,0,0,0,0,0,0
0.473547,0,0,0,0,0,0,0,0
0.474975,0,0,0,0,0,0,0,0
0.476404,0,0,0,0,0,0,0,0
0.477833,0,0,0,0,0,0,0,0
0.479170,0,0,0,0,0,0,0,0
0.480596,0,0,0,0,0,0,0,0
0.482021,0,0,0,0,0,0,0,0
0.483339,0,0,0,0,0,0,0,0
0.484765,0,0,0,0,0,0,0,0
0.486191,0,0,0,0,0,0,0,0
0.487617,0,0,0,0,0,0,0,0
0.488955,0,0,0,0,0,0,0,0
0.490404,0,0,0,0,0,0,0,0
0.493233,0,0,0,0,0,0,0,0
0.494842,0,0,0,0,0,0,0,0
0.496320,0,0,0,0,0,0,0,0
0.497696,0,0,0,0,0,0,0,0
0.499081,0,0,0,0,0,0,0,0
0.500447,0,0,0,0,0,0,0,0
0.501814,0,0,0,0,0,0,0,0
0.503180,0,0,0,0,0,0,0,0
0.504550,0,0,0,0,0,0,0,0
0.505963,0,0,0,0,0,0,0,0
0.508274,0,0,0,0,0,0,0,0
0.509690,0,0,0,0,0,0,0,0
0.511267,0,0,0,0,0,0,0,0
0.512709,0,0,0,0,0,0,0,0
0.514105,0,0,0,0,0,0,0,0
0.517857,0,0,0,0,0,0,0,0
0.519663,0,0,0,0,0,0,0,0
0.521129,0,0,0,0,0,0,0,0
0.522584,0,0,0,0,0,0,0,0
0.524054,0,0,0,0,0,0,0,0
0.525457,0,0,0,0,0,0,0,0
0.526923,0,0,0,0,0,0,0,0
0.528404,0,0,0,0,0,0,0,0
0.529779,0,0,0,0,0,0,0,0
0.531159,0,0,0,0,0,0,0,0
0.532522,0,0,0,0,0,0,0,0
0.533882,0,0,0,0,0,0,0,0
0.535244,0,0,0,0,0,0,0,0
0.536739,0,0,0,0,0,0,0,0
0.538195,0,0,0,0,0,0,0,0
0.539736,0,0,0,0,0,0,0,0
0.541309,0,0,0,0,0,0,0,0
0.542769,0,0,0,0,0,0,0,0
0.544187,0,0,0,0,0,0,0,0
0.545596,0,0,0,0,0,0,0,0
0.547005,0,0,0,0,0,0,0,0
0.548412,0,0,0,0,0,0,0,0
0.549818,0,0,0,0,0,0,0,0
0.551357,0,0,0,0,0,0,0,0
0.552861,0,0,0,0,0,0,0,0
0.554275,0,0,0,0,0,0,0,0
0.555685,0,0,0,0,0,0,0,0
0.557093,0,0,0,0,0,0,0,0
0.558500,0,0,0,0,0,0,0,0
0.559908,0,0,0,0,0,0,0,0
0.561445,0,0,0,0,0,0,0,0
0.563033,0,0,0,0,0,0,0,0
0.564608,0,0,0,0,0,0,0,0
0.566180,0,0,0,0,0,0,0,0
0.567752,0,0,0,0,0,0,0,0
0.569327,0,0,0,0,0,0,0,0
0.570902,0,0,0,0,0,0,0,0
0.572476,0,0,0,0,0,0,0,0
0.574061,0,0,0,0,0,0,0,0
0.575636,0,0,0,0,0,0,0,0
0.577081,0,0,0,0,0,0,0,0
0.578620,0,0,0,0,0,0,0,0
0.580205,0,0,0,0,0,0,0,0
0.581748,0,0,0,0,0,0,0,0
0.583324,0,0,0,0,0,0,0,0
0.584829,0,0,0,0,0,0,0,0
0.586575,0,0,0,0,0,0,0,0
0.588153,0,0,0,0,0,0,0,0
0.589725,0,0,0,0,0,0,0,0
0.591302,0,0,0,0,0,0,0,0
0.592877,0,0,0,0,0,0,0,0
0.594448,0,0,0,0,0,0,0,0
0.595908,0,0,0,0,0,0,0,0
0.597450,0,0,0,0,0,0,0,0
0.599026,0,0,0,0,0,0,0,0
0.600642,0,0,0,0,0,0,0,0
0.602215,0,0,0,0,0,0,0,0
0.603788,0,0,0,0,0,0,0,0
0.605333,0,0,0,0,0,0,0,0
0.606771,0,0,0,0,0,0,0,0
0.608191,0,0,0,0,0,0,0,0
0.609592,0,0,0,0,0,0,0,0
0.611001,0,0,0,0,0,0,0,0
0.612402,0,0,0,0,0,0,0,0
0.613953,0,0,0,0,0,0,0,0
0.616060,0,0,0,0,0,0,0,0
0.617522,0,0,0,0,0,0,0,0
0.619040,0,0,0,0,0,0,0,0
0.620478,0,0,0,0,0,0,0,0
0.621877,0,0,0,0,0,0,0,0
0.623277,0,0,0,0,0,0,0,0
0.624675,0,0,0,0,0,0,0,0
0.626073,0,0,0,0,0,0,0,0
0.627480,0,0,0,0,0,0,0,0
0.628880,0,0,0,0,0,0,0,0
0.630279,0,0,0,0,0,0,0,0
0.631678,0,0,0,0,0,0,0,0
0.633130,0,0,0,0,0,0,0,0
0.634506,0,0,0,0,0,0,0,0
0.635880,0,0,0,0,0,0,0,0
0.637253,0,0,0,0,0,0,0,0
0.638633,0,0,0,0,0,0,0,0
0.640041,0,0,0,0,0,0,0,0
0.641415,0,0,0,0,0,0,0,0
0.642788,0,0,0,0,0,0,0,0
0.644224,0,0,0,0,0,0,0,0
0.645629,0,0,0,0,0,0,0,0
0.647004,0,0,0,0,0,0,0,0
0.648416,0,0,0,0,0,0,0,0
0.649781,0,0,0,0,0,0,0,0
0.651140,0,0,0,0,0,0,0,0
0.652500,0,0,0,0,0,0,0,0
0.653860,0,0,0,0,0,0,0,0
0.655217,0,0,0,0,0,0,0,0
0.656575,0,0,0,0,0,0,0,0
0.657934,0,0,0,0,0,0,0,0
0.659292,0,0,0,0,0,0,0,0
0.660655,0,0,0,0,0,0,0,0
0.662013,0,0,0,0,0,0,0,0
0.663379,0,0,0,0,0,0,0,0
0.664766,0,0,0,0,0,0,0,0
0.666192,0,0,0,0,0,0,0,0
0.667617,0,0,0,0,0,0,0,0
0.669042,0,0,0,0,0,0,0,0
0.670467,0,0,0,0,0,0,0,0
0.671898,0,0,0,0,0,0,0,0
0.673323,0,0,0,0,0,0,0,0
0.674755,0,0,0,0,0,0,0,0
0.676044,0,0,0,0,0,0,0,0
0.677421,0,0,0,0,0,0,0,0
0.678796,0,0,0,0,0,0,0,0
0.680152,0,0,0,0,0,0,0,0
0.681435,0,0,0,0,0,0,0,0
0.682815,0,0,0,0,0,0,0,0
0.684170,0,0,0,0,0,0,0,0
0.685528,0,0,0,0,0,0,0,0
0.687029,0,0,0,0,0,0,0,0
0.688652,0,0,0,0,0,0,0,0
0.690079,0,0,0,0,0,0,0,0
0.691491,0,0,0,0,0,0,0,0
0.692918,0,0,0,0,0,0,0,0
0.694327,0,0,0,0,0,0,0,0
0.695734,0,0,0,0,0,0,0,0
0.697141,0,0,0,0,0,0,0,0
0.698565,0,0,0,0,0,0,0,0
0.700235,0,0,0,0,0,0,0,0
0.701644,0,0,0,0,0,0,0,0
0.703070,0,0,0,0,0,0,0,0
0.704479,0,0,0,0,0,0,0,0
0.705886,0,0,0,0,0,0,0,0
0.707292,0,0,0,0,0,0,0,0
0.708698,0,0,0,0,0,0,0,0
0.710097,0,0,0,0,0,0,0,0
0.711518,0,0,0,0,0,0,0,0
0.712965,0,0,0,0,0,0,0,0
0.714377,0,0,0,0,0,0,0,0
0.715778,0,0,0,0,0,0,0,0
0.717178,0,0,0,0,0,0,0,0
0.718575,0,0,0,0,0,0,0,0
0.720053,0,0,0,0,0,0,0,0
0.721485,0,0,0,0,0,0,0,0
0.722951,0,0,0,0,0,0,0,0
0.724434,0,0,0,0,0,0,0,0
0.725959,0,0,0,0,0,0,0,0
0.727362,0,0,0,0,0,0,0,0
0.728767,0,0,0,0,0,0,0,0
0.730169,0,0,0,0,0,0,0,0
0.731571,0,0,0,0,0,0,0,0
0.732974,0,0,0,0,0,0,0,0
0.734374,0,0,0,0,0,0,0,0
0.735786,0,0,0,0,0,0,0,0
0.737192,0,0,0,0,0,0,0,0
0.738728,0,0,0,0,0,0,0,0
0.740308,0,0,0,0,0,0,0,0
0.741880,0,0,0,0,0,0,0,0
0.743456,0,0,0,0,0,0,0,0
0.745074,0,0,0,0,0,0,0,0
0.746661,0,0,0,0,0,0,0,0
0.748238,0,0,0,0,0,0,0,0
0.749810,0,0,0,0,0,0,0,0
0.751386,0,0,0,0,0,0,0,0
0.752959,0,0,0,0,0,0,0,0
0.754531,0,0,0,0,0,0,0,0
0.756168,0,0,0,0,0,0,0,0
0.757627,0,0,0,0,0,0,0,0
0.759174,0,0,0,0,0,0,0,0
0.760791,0,0,0,0,0,0,0,0
0.762362,0,0,0,0,0,0,0,0
0.763936,0,0,0,0,0,0,0,0
0.765510,0,0,0,0,0,0,0,0
0.767084,0,0,0,0,0,0,0,0
0.768671,0,0,0,0,0,0,0,0
0.770322,0,0,0,0,0,0,0,0
0.771791,0,0,0,0,0,0,0,0
0.773364,0,0,0,0,0,0,0,0
0.774937,0,0,0,0,0,0,0,0
0.776547,0,0,0,0,0,0,0,0
0.778068,0,0,0,0,0,0,0,0
0.779493,0,0,0,0,0,0,0,0
0.781025,0,0,0,0,0,0,0,0
0.782588,0,0,0,0,0,0,0,0
0.784251,0,0,0,0,0,0,0,0
0.785823,0,0,0,0,0,0,0,0
0.787399,0,0,0,0,0,0,0,0
0.788972,0,0,0,0,0,0,0,0
0.790557,0,0,0,0,0,0,0,0
0.792185,0,0,0,0,0,0,0,0
0.793801,0,0,0,0,0,0,0,0
0.795377,0,0,0,0,0,0,0,0
0.796951,0,0,0,0,0,0,0,0
0.798524,0,0,0,0,0,0,0,0
0.800159,0,0,0,0,0,0,0,0
0.801742,0,0,0,0,0,0,0,0
0.803319,0,0,0,0,0,0,0,0
0.804892,0,0,0,0,0,0,0,0
0.806464,0,0,0,0,0,0,0,0
0.808036,0,0,0,0,0,0,0,0
0.809607,0,0,0,0,0,0,0,0
0.811592,0,0,0,0,0,0,0,0
0.813030,0,0,0,0,0,0,0,0
0.814442,0,0,0,0,0,0,0,0
0.815847,0,0,0,0,0,0,0,0
0.817248,0,0,0,0,0,0,0,0
0.818647,0,0,0,0,0,0,0,0
0.820080,0,0,0,0,0,0,0,0
0.821481,0,0,0,0,0,0,0,0
0.822973,0,0,0,0,0,0,0,0
0.824444,0,0,0,0,0,0,0,0
0.825819,0,0,0,0,0,0,0,0
0.827193,0,0,0,0,0,0,0,0
0.828565,0,0,0,0,0,0,0,0
0.829977,0,0,0,0,0,0,0,0
0.831371,0,0,0,0,0,0,0,0
0.832744,0,0,0,0,0,0,0,0
0.834123,0,0,0,0,0,0,0,0
0.835529,0,0,0,0,0,0,0,0
0.836903,0,0,0,0,0,0,0,0
0.838276,0,0,0,0,0,0,0,0
0.839649,0,0,0,0,0,0,0,0
0.841057,0,0,0,0,0,0,0,0
0.842382,0,0,0,0,0,0,0,0
0.843808,0,0,0,0,0,0,0,0
0.845234,0,0,0,0,0,0,0,0
0.846554,0,0,0,0,0,0,0,0
0.847991,0,0,0,0,0,0,0,0
0.849417,0,0,0,0,0,0,0,0
0.850842,0,0,0,0,0,0,0,0
0.852268,0,0,0,0,0,0,0,0
0.853693,0,0,0,0,0,0,0,0
0.855062,0,0,0,0,0,0,0,0
0.856440,0,0,0,0,0,0,0,0
0.857831,0,0,0,0,0,0,0,0
0.859198,0,0,0,0,0,0,0,0
0.860574,0,0,0,0,0,0,0,0
0.861937,0,0,0,0,0,0,0,0
0.863313,0,0,0,0,0,0,0,0
0.864677,0,0,0,0,0,0,0,0
0.866030,0,0,0,0,0,0,0,0
0.867450,0,0,0,0,0,0,0,0
0.868897,0,0,0,0,0,0,0,0
0.870323,0,0,0,0,0,0,0,0
0.871750,0,0,0,0,0,0,0,0
0.873223,0,0,0,0,0,0,0,0
0.874897,0,0,0,0,0,0,0,0
0.876335,0,0,0,0,0,0,0,0
0.877740,0,0,0,0,0,0,0,0
0.879251,0,0,0,0,0,0,0,0
0.881106,0,0,0,0,0,0,0,0
0.882549,0,0,0,0,0,0,0,0
0.884012,0,0,0,0,0,0,0,0
0.885422,0,0,0,0,0,0,0,0
0.886829,0,0,0,0,0,0,0,0
0.888255,0,0,0,0,0,0,0,0
0.889728,0,0,0,0,0,0,0,0
0.891139,0,0,0,0,0,0,0,0
0.892538,0,0,0,0,0,0,0,0
0.894773,0,0,0,0,0,0,0,0
0.898526,0,0,0,0,0,0,0,0
0.900233,0,0,0,0,0,0,0,0
0.901637,0,0,0,0,0,0,0,0
0.903088,0,0,0,0,0,0,0,0
0.904629,0,0,0,0,0,0,0,0
0.906032,0,0,0,0,0,0,0,0
0.907453,0,0,0,0,0,0,0,0
0.908860,0,0,0,0,0,0,0,0
0.910284,0,0,0,0,0,0,0,0
0.911650,0,0,0,0,0,0,0,0
0.913010,0,0,0,0,0,0,0,0
0.914369,0,0,0,0,0,0,0,0
0.915728,0,0,0,0,0,0,0,0
0.917087,0,0,0,0,0,0,0,0
0.918444,0,0,0,0,0,0,0,0
0.919803,0,0,0,0,0,0,0,0
0.921299,0,0,0,0,0,0,0,0
0.922753,0,0,0,0,0,0,0,0
0.924300,0,0,0,0,0,0,0,0
0.925870,0,0,0,0,0,0,0,0
0.927443,0,0,0,0,0,0,0,0
0.929016,0,0,0,0,0,0,0,0
0.930585,0,0,0,0,0,0,0,0
0.932174,0,0,0,0,0,0,0,0
0.933744,0,0,0,0,0,0,0,0
0.935228,0,0,0,0,0,0,0,0
0.936683,0,0,0,0,0,0,0,0
0.938225,0,0,0,0,0,0,0,0
0.939797,0,0,0,0,0,0,0,0
0.941367,0,0,0,0,0,0,0,0
0.942955,0,0,0,0,0,0,0,0
0.944527,0,0,0,0,0,0,0,0
0.946096,0,0,0,0,0,0,0,0
0.947671,0,0,0,0,0,0,0,0
0.949243,0,0,0,0,0,0,0,0
0.950812,0,0,0,0,0,0,0,0
0.952475,0,0,0,0,0,0,0,0
0.954059,0,0,0,0,0,0,0,0
0.955633,0,0,0,0,0,0,0,0
0.957206,0,0,0,0,0,0,0,0
0.958778,0,0,0,0,0,0,0,0
0.960355,0,0,0,0,0,0,0,0
0.961926,0,0,0,0,0,0,0,0
0.963499,0,0,0,0,0,0,0,0
0.965084,0,0,0,0,0,0,0,0
0.966653,0,0,0,0,0,0,0,0
0.968230,0,0,0,0,0,0,0,0
0.969898,0,0,0,0,0,0,0,0
0.971473,0,0,0,0,0,0,0,0
0.973046,0,0,0,0,0,0,0,0
0.974617,0,0,0,0,0,0,0,0
0.976095,0,0,0,0,0,0,0,0
0.977711,0,0,0,0,0,0,0,0
0.979226,0,0,0,0,0,0,0,0
0.980645,0,0,0,0,0,0,0,0
0.982055,0,0,0,0,0,0,0,0
0.983468,0,0,0,0,0,0,0,0
0.984917,0,0,0,0,0,0,0,0
0.986338,0,0,0,0,0,0,0,0
0.987957,0,0,0,0,0,0,0,0
0.989530,0,0,0,0,0,0,0,0
0.991105,0,0,0,0,0,0,0,0
0.992678,0,0,0,0,0,0,0,0
0.994250,0,0,0,0,0,0,0,0
0.995823,0,0,0,0,0,0,0,0
0.997297,0,0,0,0,0,0,0,0
0.998943,0,0,0,0,0,0,0,0
1.000442,0,0,0,0,0,0,0,0
1.001858,0,0,0,0,0,0,0,0
1.003271,0,0,0,0,0,0,0,0
1.004681,0,0,0,0,0,0,0,0
1.006090,0,0,0,0,0,0,0,0
1.007512,0,0,0,0,0,0,0,0
1.009103,0,0,0,0,0,0,0,0
1.010674,0,0,0,0,0,0,0,0
1.012251,0,0,0,0,0,0,0,0
1.013823,0,0,0,0,0,0,0,0
1.015398,0,0,0,0,0,0,0,0
1.017016,0,0,0,0,0,0,0,0
1.018602,0,0,0,0,0,0,0,0
1.020180,0,0,0,0,0,0,0,0
1.021752,0,0,0,0,0,0,0,0
1.023327,0,0,0,0,0,0,0,0
1.024900,0,0,0,0,0,0,0,0
1.026472,0,0,0,0,0,0,0,0
1.028046,0,0,0,0,0,0,0,0
1.029631,0,0,0,0,0,0,0,0
1.031208,0,0,0,0,0,0,0,0
1.032825,0,0,0,0,0,0,0,0
1.034397,0,0,0,0,0,0,0,0
1.035971,0,0,0,0,0,0,0,0
1.037534,0,0,0,0,0,0,0,0
1.039260,0,0,0,0,0,0,0,0
1.040732,0,0,0,0,0,0,0,0
1.042144,0,0,0,0,0,0,0,0
1.043681,0,0,0,0,0,0,0,0
1.045167,0,0,0,0,0,0,0,0
1.046738,0,0,0,0,0,0,0,0
1.048316,0,0,0,0,0,0,0,0
1.049933,0,0,0,0,0,0,0,0
1.051522,0,0,0,0,0,0,0,0
1.053095,0,0,0,0,0,0,0,0
1.054666,0,0,0,0,0,0,0,0
1.056243,0,0,0,0,0,0,0,0
1.057814,0,0,0,0,0,0,0,0
1.059387,0,0,0,0,0,0,0,0
1.060960,0,0,0,0,0,0,0,0
1.062543,0,0,0,0,0,0,0,0
1.064205,0,0,0,0,0,0,0,0
1.065822,0,0,0,0,0,0,0,0
1.067397,0,0,0,0,0,0,0,0
1.068969,0,0,0,0,0,0,0,0
1.070539,0,0,0,0,0,0,0,0
1.072165,0,0,0,0,0,0,0,0
1.073750,0,0,0,0,0,0,0,0
1.075324,0,0,0,0,0,0,0,0
1.076895,0,0,0,0,0,0,0,0
1.078466,0,0,0,0,0,0,0,0
1.080038,0,0,0,0,0,0,0,0
1.081611,0,0,0,0,0,0,0,0
1.083185,0,0,0,0,0,0,0,0
1.084772,0,0,0,0,0,0,0,0
1.086344,0,0,0,0,0,0,0,0
1.087930,0,0,0,0,0,0,0,0
1.089399,0,0,0,0,0,0,0,0
1.090820,0,0,0,0,0,0,0,0
1.092364,0,0,0,0,0,0,0,0
1.093936,0,0,0,0,0,0,0,0
1.095524,0,0,0,0,0,0,0,0
1.097143,0,0,0,0,0,0,0,0
1.098716,0,0,0,0,0,0,0,0
1.100297,0,0,0,0,0,0,0,0
1.101869,0,0,0,0,0,0,0,0
1.103445,0,0,0,0,0,0,0,0
1.105020,0,0,0,0,0,0,0,0
1.106605,0,0,0,0,0,0,0,0
1.108185,0,0,0,0,0,0,0,0
1.109757,0,0,0,0,0,0,0,0
1.111335,0,0,0,0,0,0,0,0
1.112951,0,0,0,0,0,0,0,0
1.114525,0,0,0,0,0,0,0,0
1.116062,0,0,0,0,0,0,0,0
1.117614,0,0,0,0,0,0,0,0
1.119189,0,0,0,0,0,0,0,0
1.120763,0,0,0,0,0,0,0,0
1.122334,0,0,0,0,0,0,0,0
1.123779,0,0,0,0,0,0,0,0
1.125322,0,0,0,0,0,0,0,0
1.126897,0,0,0,0,0,0,0,0
1.128527,0,0,0,0,0,0,0,0
1.130100,0,0,0,0,0,0,0,0
1.131676,0,0,0,0,0,0,0,0
1.133251,0,0,0,0,0,0,0,0
1.134822,0,0,0,0,0,0,0,0
1.136439,0,0,0,0,0,0,0,0
1.138013,0,0,0,0,0,0,0,0
1.139601,0,0,0,0,0,0,0,0
1.141166,0,0,0,0,0,0,0,0
1.142728,0,0,0,0,0,0,0,0
1.144366,0,0,0,0,0,0,0,0
1.145940,0,0,0,0,0,0,0,0
1.147516,0,0,0,0,0,0,0,0
1.149090,0,0,0,0,0,0,0,0
1.150674,0,0,0,0,0,0,0,0
1.152249,0,0,0,0,0,0,0,0
1.153812,0,0,0,0,0,0,0,0
1.155256,0,0,0,0,0,0,0,0
1.156863,0,0,0,0,0,0,0,0
1.158434,0,0,0,0,0,0,0,0
1.160006,0,0,0,0,0,0,0,0
1.161466,0,0,0,0,0,0,0,0
1.163011,0,0,0,0,0,0,0,0
1.164582,0,0,0,0,0,0,0,0
1.166153,0,0,0,0,0,0,0,0
1.167726,0,0,0,0,0,0,0,0
1.169297,0,0,0,0,0,0,0,0
1.170945,0,0,0,0,0,0,0,0
1.172593,0,0,0,0,0,0,0,0
1.174164,0,0,0,0,0,0,0,0
1.175736,0,0,0,0,0,0,0,0
1.177306,0,0,0,0,0,0,0,0
1.178752,0,0,0,0,0,0,0,0
1.180304,0,0,0,0,0,0,0,0
1.181877,0,0,0,0,0,0,0,0
1.183465,0,0,0,0,0,0,0,0
1.185038,0,0,0,0,0,0,0,0
1.186610,0,0,0,0,0,0,0,0
1.188187,0,0,0,0,0,0,0,0
1.189759,0,0,0,0,0,0,0,0
1.195112,0,0,0,0,0,0,0,0
1.196728,0,0,0,0,0,0,0,0
1.198162,0,0,0,0,0,0,0,0
1.199573,0,0,0,0,0,0,0,0
1.200976,0,0,0,0,0,0,0,0
1.202378,0,0,0,0,0,0,0,0
1.203780,0,0,0,0,0,0,0,0
1.205183,0,0,0,0,0,0,0,0
1.206585,0,0,0,0,0,0,0,0
1.208120,0,0,0,0,0,0,0,0
1.209567,0,0,0,0,0,0,0,0
1.210976,0,0,0,0,0,0,0,0
1.212384,0,0,0,0,0,0,0,0
1.213790,0,0,0,0,0,0,0,0
1.215200,0,0,0,0,0,0,0,0
1.216607,0,0,0,0,0,0,0,0
1.218014,0,0,0,0,0,0,0,0
1.219433,0,0,0,0,0,0,0,0
1.220841,0,0,0,0,0,0,0,0
1.222248,0,0,0,0,0,0,0,0
1.223657,0,0,0,0,0,0,0,0
1.225099,0,0,0,0,0,0,0,0
1.226543,0,0,0,0,0,0,0,0
1.227997,0,0,0,0,0,0,0,0
1.229404,0,0,0,0,0,0,0,0
1.230822,0,0,0,0,0,0,0,0
1.232232,0,0,0,0,0,0,0,0
1.233768,0,0,0,0,0,0,0,0
1.235343,0,0,0,0,0,0,0,0
1.236917,0,0,0,0,0,0,0,0
1.238487,0,0,0,0,0,0,0,0
1.239933,0,0,0,0,0,0,0,0
1.241488,0,0,0,0,0,0,0,0
1.243063,0,0,0,0,0,0,0,0
1.244629,0,0,0,0,0,0,0,0
1.246191,0,0,0,0,0,0,0,0
1.247628,0,0,0,0,0,0,0,0
1.249163,0,0,0,0,0,0,0,0
1.250725,0,0,0,0,0,0,0,0
1.252351,0,0,0,0,0,0,0,0
1.253920,0,0,0,0,0,0,0,0
1.255493,0,0,0,0,0,0,0,0
1.257108,0,0,0,0,0,0,0,0
1.258679,0,0,0,0,0,0,0,0
1.260254,0,0,0,0,0,0,0,0
1.261824,0,0,0,0,0,0,0,0
1.263411,0,0,0,0,0,0,0,0
1.264982,0,0,0,0,0,0,0,0
1.266552,0,0,0,0,0,0,0,0
1.268212,0,0,0,0,0,0,0,0
1.269782,0,0,0,0,0,0,0,0
1.271355,0,0,0,0,0,0,0,0
1.272970,0,0,0,0,0,0,0,0
1.274554,0,0,0,0,0,0,0,0
1.276180,0,0,0,0,0,0,0,0
1.277752,0,0,0,0,0,0,0,0
1.279325,0,0,0,0,0,0,0,0
1.280896,0,0,0,0,0,0,0,0
1.282464,0,0,0,0,0,0,0,0
1.284036,0,0,0,0,0,0,0,0
1.285620,0,0,0,0,0,0,0,0
1.287193,0,0,0,0,0,0,0,0
1.288807,0,0,0,0,0,0,0,0
1.290377,0,0,0,0,0,0,0,0
1.291950,0,0,0,0,0,0,0,0
1.293522,0,0,0,0,0,0,0,0
1.295095,0,0,0,0,0,0,0,0
1.296679,0,0,0,0,0,0,0,0
1.298249,0,0,0,0,0,0,0,0
1.299819,0,0,0,0,0,0,0,0
1.301405,0,0,0,0,0,0,0,0
1.302983,0,0,0,0,0,0,0,0
1.304598,0,0,0,0,0,0,0,0
1.306169,0,0,0,0,0,0,0,0
1.307754,0,0,0,0,0,0,0,0
1.309326,0,0,0,0,0,0,0,0
1.310898,0,0,0,0,0,0,0,0
1.312468,0,0,0,0,0,0,0,0
1.313908,0,0,0,0,0,0,0,0
1.315449,0,0,0,0,0,0,0,0
1.317047,0,0,0,0,0,0,0,0
1.318503,0,0,0,0,0,0,0,0
1.320045,0,0,0,0,0,0,0,0
1.321617,0,0,0,0,0,0,0,0
1.323187,0,0,0,0,0,0,0,0
1.324656,0,0,0,0,0,0,0,0
1.326295,0,0,0,0,0,0,0,0
1.327739,0,0,0,0,0,0,0,0
1.329291,0,0,0,0,0,0,0,0
1.330923,0,0,0,0,0,0,0,0
1.333499,0,0,0,0,0,0,0,0
1.335165,0,0,0,0,0,0,0,0
1.336559,0,0,0,0,0,0,0,0
1.338010,0,0,0,0,0,0,0,0
1.339429,0,0,0,0,0,0,0,0
1.340836,0,0,0,0,0,0,0,0
1.342240,0,0,0,0,0,0,0,0
1.343643,0,0,0,0,0,0,0,0
1.345132,0,0,0,0,0,0,0,0
1.346661,0,0,0,0,0,0,0,0
1.348263,0,0,0,0,0,0,0,0
1.349836,0,0,0,0,0,0,0,0
1.351273,0,0,0,0,0,0,0,0
1.352848,0,0,0,0,0,0,0,0
1.354410,0,0,0,0,0,0,0,0
1.355847,0,0,0,0,0,0,0,0
1.357381,0,0,0,0,0,0,0,0
1.359060,0,0,0,0,0,0,0,0
1.360629,0,0,0,0,0,0,0,0
1.362191,0,0,0,0,0,0,0,0
1.363630,0,0,0,0,0,0,0,0
1.365173,0,0,0,0,0,0,0,0
1.366745,0,0,0,0,0,0,0,0
1.368322,0,0,0,0,0,0,0,0
1.369937,0,0,0,0,0,0,0,0
1.371524,0,0,0,0,0,0,0,0
1.373096,0,0,0,0,0,0,0,0
1.374667,0,0,0,0,0,0,0,0
1.376241,0,0,0,0,0,0,0,0
1.377810,0,0,0,0,0,0,0,0
1.379263,0,0,0,0,0,0,0,0
1.380804,0,0,0,0,0,0,0,0
1.382378,0,0,0,0,0,0,0,0
1.383817,0,0,0,0,0,0,0,0
1.385353,0,0,0,0,0,0,0,0
1.386942,0,0,0,0,0,0,0,0
1.388514,0,0,0,0,0,0,0,0
1.390083,0,0,0,0,0,0,0,0
1.391656,0,0,0,0,0,0,0,0
1.393242,0,0,0,0,0,0,0,0
1.394812,0,0,0,0,0,0,0,0
1.396384,0,0,0,0,0,0,0,0
1.397955,0,0,0,0,0,0,0,0
1.399527,0,0,0,0,0,0,0,0
1.401142,0,0,0,0,0,0,0,0
1.402713,0,0,0,0,0,0,0,0
1.404303,0,0,0,0,0,0,0,0
1.405873,0,0,0,0,0,0,0,0
1.407447,0,0,0,0,0,0,0,0
1.409019,0,0,0,0,0,0,0,0
1.410590,0,0,0,0,0,0,0,0
1.412165,0,0,0,0,0,0,0,0
1.413735,0,0,0,0,0,0,0,0
1.415298,0,0,0,0,0,0,0,0
1.416915,0,0,0,0,0,0,0,0
1.418484,0,0,0,0,0,0,0,0
1.420055,0,0,0,0,0,0,0,0
1.421626,0,0,0,0,0,0,0,0
1.423200,0,0,0,0,0,0,0,0
1.424772,0,0,0,0,0,0,0,0
1.426355,0,0,0,0,0,0,0,0
1.427926,0,0,0,0,0,0,0,0
1.429500,0,0,0,0,0,0,0,0
1.431073,0,0,0,0,0,0,0,0
1.432689,0,0,0,0,0,0,0,0
1.434260,0,0,0,0,0,0,0,0
1.435832,0,0,0,0,0,0,0,0
1.437416,0,0,0,0,0,0,0,0
1.438988,0,0,0,0,0,0,0,0
1.440560,0,0,0,0,0,0,0,0
1.442129,0,0,0,0,0,0,0,0
1.443702,0,0,0,0,0,0,0,0
1.445273,0,0,0,0,0,0,0,0
1.446843,0,0,0,0,0,0,0,0
1.448524,0,0,0,0,0,0,0,0
1.449938,0,0,0,0,0,0,0,0
1.451480,0,0,0,0,0,0,0,0
1.453044,0,0,0,0,0,0,0,0
1.454607,0,0,0,0,0,0,0,0
1.456225,0,0,0,0,0,0,0,0
1.457797,0,0,0,0,0,0,0,0
1.459386,0,0,0,0,0,0,0,0
1.460961,0,0,0,0,0,0,0,0
1.462533,0,0,0,0,0,0,0,0
1.464168,0,0,0,0,0,0,0,0
1.465786,0,0,0,0,0,0,0,0
1.467361,0,0,0,0,0,0,0,0
1.468934,0,0,0,0,0,0,0,0
1.470394,0,0,0,0,0,0,0,0
1.471940,0,0,0,0,0,0,0,0
1.473514,0,0,0,0,0,0,0,0
1.475090,0,0,0,0,0,0,0,0
1.476663,0,0,0,0,0,0,0,0
1.478235,0,0,0,0,0,0,0,0
1.479809,0,0,0,0,0,0,0,0
1.481396,0,0,0,0,0,0,0,0
1.483010,0,0,0,0,0,0,0,0
1.484584,0,0,0,0,0,0,0,0
1.486155,0,0,0,0,0,0,0,0
1.487729,0,0,0,0,0,0,0,0
1.489302,0,0,0,0,0,0,0,0
1.490969,0,0,0,0,0,0,0,0
1.492410,0,0,0,0,0,0,0,0
1.493826,0,0,0,0,0,0,0,0
1.495368,0,0,0,0,0,0,0,0
1.496986,0,0,0,0,0,0,0,0
1.498558,0,0,0,0,0,0,0,0
1.500187,0,0,0,0,0,0,0,0
1.501759,0,0,0,0,0,0,0,0
1.503350,0,0,0,0,0,0,0,0
1.504924,0,0,0,0,0,0,0,0
1.506497,0,0,0,0,0,0,0,0
1.508133,0,0,0,0,0,0,0,0
1.509707,0,0,0,0,0,0,0,0
1.511283,0,0,0,0,0,0,0,0
1.512901,0,0,0,0,0,0,0,0
1.514486,0,0,0,0,0,0,0,0
1.516058,0,0,0,0,0,0,0,0
1.517629,0,0,0,0,0,0,0,0
1.519204,0,0,0,0,0,0,0,0
1.520778,0,0,0,0,0,0,0,0
1.522351,0,0,0,0,0,0,0,0
1.523926,0,0,0,0,0,0,0,0
1.525511,0,0,0,0,0,0,0,0
1.527087,0,0,0,0,0,0,0,0
1.528705,0,0,0,0,0,0,0,0
1.530277,0,0,0,0,0,0,0,0
1.531852,0,0,0,0,0,0,0,0
1.533425,0,0,0,0,0,0,0,0
1.535001,0,0,0,0,0,0,0,0
1.536587,0,0,0,0,0,0,0,0
1.538159,0,0,0,0,0,0,0,0
1.539733,0,0,0,0,0,0,0,0
1.541307,0,0,0,0,0,0,0,0
1.542963,0,0,0,0,0,0,0,0
1.544447,0,0,0,0,0,0,0,0
1.545860,0,0,0,0,0,0,0,0
1.547411,0,0,0,0,0,0,0,0
1.548985,0,0,0,0,0,0,0,0
1.550557,0,0,0,0,0,0,0,0
1.552191,0,0,0,0,0,0,0,0
1.553762,0,0,0,0,0,0,0,0
1.555337,0,0,0,0,0,0,0,0
1.556903,0,0,0,0,0,0,0,0
1.558476,0,0,0,0,0,0,0,0
1.559914,0,0,0,0,0,0,0,0
1.561499,0,0,0,0,0,0,0,0
1.563071,0,0,0,0,0,0,0,0
1.564643,0,0,0,0,0,0,0,0
1.566214,0,0,0,0,0,0,0,0
1.567786,0,0,0,0,0,0,0,0
1.569370,0,0,0,0,0,0,0,0
1.570944,0,0,0,0,0,0,0,0
1.572515,0,0,0,0,0,0,0,0
1.574084,0,0,0,0,0,0,0,0
1.575657,0,0,0,0,0,0,0,0
1.577227,0,0,0,0,0,0,0,0
1.578805,0,0,0,0,0,0,0,0
1.580204,0,0,0,0,0,0,0,0
1.581753,0,0,0,0,0,0,0,0
1.583332,0,0,0,0,0,0,0,0
1.584907,0,0,0,0,0,0,0,0
1.586479,0,0,0,0,0,0,0,0
1.588051,0,0,0,0,0,0,0,0
1.589626,0,0,0,0,0,0,0,0
1.591215,0,0,0,0,0,0,0,0
1.592831,0,0,0,0,0,0,0,0
1.594403,0,0,0,0,0,0,0,0
1.595977,0,0,0,0,0,0,0,0
1.597550,0,0,0,0,0,0,0,0
1.599125,0,0,0,0,0,0,0,0
1.600689,0,0,0,0,0,0,0,0
1.602264,0,0,0,0,0,0,0,0
1.603706,0,0,0,0,0,0,0,0
1.605252,0,0,0,0,0,0,0,0
1.606822,0,0,0,0,0,0,0,0
1.608207,0,0,0,0,0,0,0,0
1.609662,0,0,0,0,0,0,0,0
1.611202,0,0,0,0,0,0,0,0
1.612789,0,0,0,0,0,0,0,0
1.614359,0,0,0,0,0,0,0,0
1.615932,0,0,0,0,0,0,0,0
1.617504,0,0,0,0,0,0,0,0
1.619077,0,0,0,0,0,0,0,0
1.620650,0,0,0,0,0,0,0,0
1.622220,0,0,0,0,0,0,0,0
1.623805,0,0,0,0,0,0,0,0
1.625378,0,0,0,0,0,0,0,0
1.626951,0,0,0,0,0,0,0,0
1.628549,0,0,0,0,0,0,0,0
1.630119,0,0,0,0,0,0,0,0
1.631695,0,0,0,0,0,0,0,0
1.633269,0,0,0,0,0,0,0,0
1.634937,0,0,0,0,0,0,0,0
1.636382,0,0,0,0,0,0,0,0
1.637924,0,0,0,0,0,0,0,0
1.639499,0,0,0,0,0,0,0,0
1.641117,0,0,0,0,0,0,0,0
1.642690,0,0,0,0,0,0,0,0
1.644264,0,0,0,0,0,0,0,0
1.645850,0,0,0,0,0,0,0,0
1.647426,0,0,0,0,0,0,0,0
1.649000,0,0,0,0,0,0,0,0
1.650573,0,0,0,0,0,0,0,0
1.652237,0,0,0,0,0,0,0,0
1.653811,0,0,0,0,0,0,0,0
1.655386,0,0,0,0,0,0,0,0
1.657016,0,0,0,0,0,0,0,0
1.658589,0,0,0,0,0,0,0,0
1.660162,0,0,0,0,0,0,0,0
1.661726,0,0,0,0,0,0,0,0
1.663165,0,0,0,0,0,0,0,0
1.664699,0,0,0,0,0,0,0,0
1.666262,0,0,0,0,0,0,0,0
1.667714,0,0,0,0,0,0,0,0
1.669165,0,0,0,0,0,0,0,0
1.670573,0,0,0,0,0,0,0,0
1.672027,0,0,0,0,0,0,0,0
1.673476,0,0,0,0,0,0,0,0
1.674885,0,0,0,0,0,0,0,0
1.676284,0,0,0,0,0,0,0,0
1.677828,0,0,0,0,0,0,0,0
1.679402,0,0,0,0,0,0,0,0
1.680974,0,0,0,0,0,0,0,0
1.682546,0,0,0,0,0,0,0,0
1.684203,0,0,0,0,0,0,0,0
1.685774,0,0,0,0,0,0,0,0
1.687348,0,0,0,0,0,0,0,0
1.688977,0,0,0,0,0,0,0,0
1.690549,0,0,0,0,0,0,0,0
1.692176,0,0,0,0,0,0,0,0
1.693746,0,0,0,0,0,0,0,0
1.695320,0,0,0,0,0,0,0,0
1.696892,0,0,0,0,0,0,0,0
1.698463,0,0,0,0,0,0,0,0
1.699920,0,0,0,0,0,0,0,0
1.701462,0,0,0,0,0,0,0,0
1.703037,0,0,0,0,0,0,0,0
1.704652,0,0,0,0,0,0,0,0
1.706223,0,0,0,0,0,0,0,0
1.707796,0,0,0,0,0,0,0,0
1.709370,0,0,0,0,0,0,0,0
1.710958,0,0,0,0,0,0,0,0
1.712530,0,0,0,0,0,0,0,0
1.714100,0,0,0,0,0,0,0,0
1.715674,0,0,0,0,0,0,0,0
1.717247,0,0,0,0,0,0,0,0
1.718819,0,0,0,0,0,0,0,0
1.720480,0,0,0,0,0,0,0,0
1.722066,0,0,0,0,0,0,0,0
1.723643,0,0,0,0,0,0,0,0
1.725217,0,0,0,0,0,0,0,0
1.726789,0,0,0,0,0,0,0,0
1.728367,0,0,0,0,0,0,0,0
1.729939,0,0,0,0,0,0,0,0
1.731407,0,0,0,0,0,0,0,0
1.732988,0,0,0,0,0,0,0,0
1.734560,0,0,0,0,0,0,0,0
1.736234,0,0,0,0,0,0,0,0
1.737888,0,0,0,0,0,0,0,0
1.739464,0,0,0,0,0,0,0,0
1.741038,0,0,0,0,0,0,0,0
1.742610,0,0,0,0,0,0,0,0
1.744077,0,0,0,0,0,0,0,0
1.745622,0,0,0,0,0,0,0,0
1.747197,0,0,0,0,0,0,0,0
1.748771,0,0,0,0,0,0,0,0
1.750343,0,0,0,0,0,0,0,0
1.751917,0,0,0,0,0,0,0,0
1.753493,0,0,0,0,0,0,0,0
1.755089,0,0,0,0,0,0,0,0
1.756664,0,0,0,0,0,0,0,0
1.758236,0,0,0,0,0,0,0,0
1.759810,0,0,0,0,0,0,0,0
1.761376,0,0,0,0,0,0,0,0
1.763001,0,0,0,0,0,0,0,0
1.764603,0,0,0,0,0,0,0,0
1.766187,0,0,0,0,0,0,0,0
1.767758,0,0,0,0,0,0,0,0
1.769331,0,0,0,0,0,0,0,0
1.770905,0,0,0,0,0,0,0,0
1.772478,0,0,0,0,0,0,0,0
1.774050,0,0,0,0,0,0,0,0
1.775624,0,0,0,0,0,0,0,0
1.777211,0,0,0,0,0,0,0,0
1.778782,0,0,0,0,0,0,0,0
1.780236,0,0,0,0,0,0,0,0
1.781784,0,0,0,0,0,0,0,0
1.783358,0,0,0,0,0,0,0,0
1.784975,0,0,0,0,0,0,0,0
1.786547,0,0,0,0,0,0,0,0
1.788211,0,0,0,0,0,0,0,0
1.789782,0,0,0,0,0,0,0,0
1.791356,0,0,0,0,0,0,0,0
1.792928,0,0,0,0,0,0,0,0
1.794499,0,0,0,0,0,0,0,0
1.796125,0,0,0,0,0,0,0,0
1.797698,0,0,0,0,0,0,0,0
1.799158,0,0,0,0,0,0,0,0
1.800744,0,0,0,0,0,0,0,0
1.802358,0,0,0,0,0,0,0,0
1.803798,0,0,0,0,0,0,0,0
1.805218,0,0,0,0,0,0,0,0
1.806652,0,0,0,0,0,0,0,0
1.808179,0,0,0,0,0,0,0,0
1.809959,0,0,0,0,0,0,0,0
1.811573,0,0,0,0,0,0,0,0
1.813167,0,0,0,0,0,0,0,0
1.814591,0,0,0,0,0,0,0,0
1.816202,0,0,0,0,0,0,0,0
1.817660,0,0,0,0,0,0,0,0
1.819430,0,0,0,0,0,0,0,0
1.820849,0,0,0,0,0,0,0,0
1.822250,0,0,0,0,0,0,0,0
1.823651,0,0,0,0,0,0,0,0
1.825051,0,0,0,0,0,0,0,0
1.826450,0,0,0,0,0,0,0,0
1.827850,0,0,0,0,0,0,0,0
1.829250,0,0,0,0,0,0,0,0
1.830648,0,0,0,0,0,0,0,0
1.832091,0,0,0,0,0,0,0,0
1.833485,0,0,0,0,0,0,0,0
1.834876,0,0,0,0,0,0,0,0
1.836249,0,0,0,0,0,0,0,0
1.837635,0,0,0,0,0,0,0,0
1.839126,0,0,0,0,0,0,0,0
1.840514,0,0,0,0,0,0,0,0
1.841994,0,0,0,0,0,0,0,0
1.843466,0,0,0,0,0,0,0,0
1.845111,0,0,0,0,0,0,0,0
1.846716,0,0,0,0,0,0,0,0
1.848177,0,0,0,0,0,0,0,0
1.849889,0,0,0,0,0,0,0,0
1.851285,0,0,0,0,0,0,0,0
1.852704,0,0,0,0,0,0,0,0
1.854126,0,0,0,0,0,0,0,0
1.855582,0,0,0,0,0,0,0,0
1.856969,0,0,0,0,0,0,0,0
1.858413,0,0,0,0,0,0,0,0
1.859762,0,0,0,0,0,0,0,0
1.861357,0,0,0,0,0,0,0,0
1.862843,0,0,0,0,0,0,0,0
1.864279,0,0,0,0,0,0,0,0
1.865682,0,0,0,0,0,0,0,0
1.867074,0,0,0,0,0,0,0,0
1.868417,0,0,0,0,0,0,0,0
1.869738,0,0,0,0,0,0,0,0
1.871059,0,0,0,0,0,0,0,0
1.872378,0,0,0,0,0,0,0,0
1.873696,0,0,0,0,0,0,0,0
1.875021,0,0,0,0,0,0,0,0
1.876341,0,0,0,0,0,0,0,0
1.877658,0,0,0,0,0,0,0,0
1.878976,0,0,0,0,0,0,0,0
1.880295,0,0,0,0,0,0,0,0
1.881832,0,0,0,0,0,0,0,0
1.883284,0,0,0,0,0,0,0,0
1.884832,0,0,0,0,0,0,0,0
1.886423,0,0,0,0,0,0,0,0
1.888002,0,0,0,0,0,0,0,0
1.889580,0,0,0,0,0,0,0,0
1.891160,0,0,0,0,0,0,0,0
1.892738,0,0,0,0,0,0,0,0
1.894315,0,0,0,0,0,0,0,0
1.895894,0,0,0,0,0,0,0,0
1.897486,0,0,0,0,0,0,0,0
1.899066,0,0,0,0,0,0,0,0
1.900646,0,0,0,0,0,0,0,0
1.902221,0,0,0,0,0,0,0,0
1.903800,0,0,0,0,0,0,0,0
1.905378,0,0,0,0,0,0,0,0
1.906959,0,0,0,0,0,0,0,0
1.908426,0,0,0,0,0,0,0,0
1.909976,0,0,0,0,0,0,0,0
1.911555,0,0,0,0,0,0,0,0
1.913179,0,0,0,0,0,0,0,0
1.914755,0,0,0,0,0,0,0,0
1.916338,0,0,0,0,0,0,0,0
1.917915,0,0,0,0,0,0,0,0
1.919509,0,0,0,0,0,0,0,0
1.921088,0,0,0,0,0,0,0,0
1.922665,0,0,0,0,0,0,0,0
1.924247,0,0,0,0,0,0,0,0
1.925824,0,0,0,0,0,0,0,0
1.927405,0,0,0,0,0,0,0,0
1.929029,0,0,0,0,0,0,0,0
1.930620,0,0,0,0,0,0,0,0
1.932202,0,0,0,0,0,0,0,0
1.933780,0,0,0,0,0,0,0,0
1.935361,0,0,0,0,0,0,0,0
1.936940,0,0,0,0,0,0,0,0
1.938517,0,0,0,0,0,0,0,0
1.940043,0,0,0,0,0,0,0,0
1.941600,0,0,0,0,0,0,0,0
1.943180,0,0,0,0,0,0,0,0
1.944803,0,0,0,0,0,0,0,0
1.946380,0,0,0,0,0,0,0,0
1.947959,0,0,0,0,0,0,0,0
1.949539,0,0,0,0,0,0,0,0
1.951118,0,0,0,0,0,0,0,0
1.952702,0,0,0,0,0,0,0,0
1.954270,0,0,0,0,0,0,0,0
1.955712,0,0,0,0,0,0,0,0
1.957259,0,0,0,0,0,0,0,0
1.958833,0,0,0,0,0,0,0,0
1.960222,0,0,0,0,0,0,0,0
1.961681,0,0,0,0,0,0,0,0
1.963239,0,0,0,0,0,0,0,0
1.964815,0,0,0,0,0,0,0,0
1.966388,0,0,0,0,0,0,0,0
1.967965,0,0,0,0,0,0,0,0
1.969541,0,0,0,0,0,0,0,0
1.971120,0,0,0,0,0,0,0,0
1.972697,0,0,0,0,0,0,0,0
1.974283,0,0,0,0,0,0,0,0
1.975860,0,0,0,0,0,0,0,0
1.977438,0,0,0,0,0,0,0,0
1.979015,0,0,0,0,0,0,0,0
1.980468,0,0,0,0,0,0,0,0
1.982021,0,0,0,0,0,0,0,0
1.983600,0,0,0,0,0,0,0,0
1.985061,0,0,0,0,0,0,0,0
1.986606,0,0,0,0,0,0,0,0
1.988232,0,0,0,0,0,0,0,0
1.989808,0,0,0,0,0,0,0,0
1.991386,0,0,0,0,0,0,0,0
1.993006,0,0,0,0,0,0,0,0
1.994582,0,0,0,0,0,0,0,0
1.996177,0,0,0,0,0,0,0,0
1.997753,0,0,0,0,0,0,0,0
1.999332,0,0,0,0,0,0,0,0
2.000909,0,0,0,0,0,0,0,0
2.002485,0,0,0,0,0,0,0,0
2.003932,0,0,0,0,0,0,0,0
2.005479,0,0,0,0,0,0,0,0
2.007070,0,0,0,0,0,0,0,0
2.008692,0,0,0,0,0,0,0,0
2.010267,0,0,0,0,0,0,0,0
2.011844,0,0,0,0,0,0,0,0
2.013422,0,0,0,0,0,0,0,0
2.015000,0,0,0,0,0,0,0,0
2.016577,0,0,0,0,0,0,0,0
2.018039,0,0,0,0,0,0,0,0
2.019585,0,0,0,0,0,0,0,0
2.021417,0,0,0,0,0,0,0,0
2.022867,0,0,0,0,0,0,0,0
2.024455,0,0,0,0,0,0,0,0
2.026029,0,0,0,0,0,0,0,0
2.027606,0,0,0,0,0,0,0,0
2.029202,0,0,0,0,0,0,0,0
2.030775,0,0,0,0,0,0,0,0
2.032355,0,0,0,0,0,0,0,0
2.033928,0,0,0,0,0,0,0,0
2.035505,0,0,0,0,0,0,0,0
2.037081,0,0,0,0,0,0,0,0
2.038654,0,0,0,0,0,0,0,0
2.040244,0,0,0,0,0,0,0,0
2.041863,0,0,0,0,0,0,0,0
2.043441,0,0,0,0,0,0,0,0
2.045018,0,0,0,0,0,0,0,0
2.046592,0,0,0,0,0,0,0,0
2.048170,0,0,0,0,0,0,0,0
2.049743,0,0,0,0,0,0,0,0
2.051334,0,0,0,0,0,0,0,0
2.052909,0,0,0,0,0,0,0,0
2.054482,0,0,0,0,0,0,0,0
2.055925,0,0,0,0,0,0,0,0
2.057462,0,0,0,0,0,0,0,0
2.059069,0,0,0,0,0,0,0,0
2.060643,0,0,0,0,0,0,0,0
2.062228,0,0,0,0,0,0,0,0
2.063802,0,0,0,0,0,0,0,0
2.065375,0,0,0,0,0,0,0,0
2.066951,0,0,0,0,0,0,0,0
2.068524,0,0,0,0,0,0,0,0
2.070097,0,0,0,0,0,0,0,0
2.071671,0,0,0,0,0,0,0,0
2.073177,0,0,0,0,0,0,0,0
2.074722,0,0,0,0,0,0,0,0
2.076301,0,0,0,0,0,0,0,0
2.077873,0,0,0,0,0,0,0,0
2.079450,0,0,0,0,0,0,0,0
2.081024,0,0,0,0,0,0,0,0
2.082596,0,0,0,0,0,0,0,0
2.084186,0,0,0,0,0,0,0,0
2.085758,0,0,0,0,0,0,0,0
2.087334,0,0,0,0,0,0,0,0
2.088952,0,0,0,0,0,0,0,0
2.090526,0,0,0,0,0,0,0,0
2.092162,0,0,0,0,0,0,0,0
2.093733,0,0,0,0,0,0,0,0
2.095321,0,0,0,0,0,0,0,0
2.096895,0,0,0,0,0,0,0,0
2.098466,0,0,0,0,0,0,0,0
2.100040,0,0,0,0,0,0,0,0
2.101613,0,0,0,0,0,0,0,0
2.103189,0,0,0,0,0,0,0,0
2.104808,0,0,0,0,0,0,0,0
2.106394,0,0,0,0,0,0,0,0
2.107967,0,0,0,0,0,0,0,0
2.109542,0,0,0,0,0,0,0,0
2.111118,0,0,0,0,0,0,0,0
2.112693,0,0,0,0,0,0,0,0
2.114265,0,0,0,0,0,0,0,0
2.115839,0,0,0,0,0,0,0,0
2.117422,0,0,0,0,0,0,0,0
2.118903,0,0,0,0,0,0,0,0
2.120500,0,0,0,0,0,0,0,0
2.122073,0,0,0,0,0,0,0,0
2.123650,0,0,0,0,0,0,0,0
2.125225,0,0,0,0,0,0,0,0
2.126798,0,0,0,0,0,0,0,0
2.128267,0,0,0,0,0,0,0,0
2.129815,0,0,0,0,0,0,0,0
2.131396,0,0,0,0,0,0,0,0
2.132973,0,0,0,0,0,0,0,0
2.134550,0,0,0,0,0,0,0,0
2.136219,0,0,0,0,0,0,0,0
2.137694,0,0,0,0,0,0,0,0
2.139290,0,0,0,0,0,0,0,0
2.140868,0,0,0,0,0,0,0,0
2.142445,0,0,0,0,0,0,0,0
2.144023,0,0,0,0,0,0,0,0
2.145602,0,0,0,0,0,0,0,0
2.147182,0,0,0,0,0,0,0,0
2.148761,0,0,0,0,0,0,0,0
2.150352,0,0,0,0,0,0,0,0
2.151931,0,0,0,0,0,0,0,0
2.153510,0,0,0,0,0,0,0,0
2.155091,0,0,0,0,0,0,0,0
2.156670,0,0,0,0,0,0,0,0
2.158247,0,0,0,0,0,0,0,0
2.159827,0,0,0,0,0,0,0,0
2.161411,0,0,0,0,0,0,0,0
2.163102,0,0,0,0,0,0,0,0
2.164677,0,0,0,0,0,0,0,0
2.166254,0,0,0,0,0,0,0,0
2.167834,0,0,0,0,0,0,0,0
2.169413,0,0,0,0,0,0,0,0
2.170993,0,0,0,0,0,0,0,0
2.172585,0,0,0,0,0,0,0,0
2.174163,0,0,0,0,0,0,0,0
2.175741,0,0,0,0,0,0,0,0
2.177311,0,0,0,0,0,0,0,0
2.178956,0,0,0,0,0,0,0,0
2.180462,0,0,0,0,0,0,0,0
2.181909,0,0,0,0,0,0,0,0
2.183340,0,0,0,0,0,0,0,0
2.184930,0,0,0,0,0,0,0,0
2.186508,0,0,0,0,0,0,0,0
2.188138,0,0,0,0,0,0,0,0
2.189713,0,0,0,0,0,0,0,0
2.191292,0,0,0,0,0,0,0,0
2.192870,0,0,0,0,0,0,0,0
2.194459,0,0,0,0,0,0,0,0
2.196037,0,0,0,0,0,0,0,0
2.197614,0,0,0,0,0,0,0,0
2.199193,0,0,0,0,0,0,0,0
2.200814,0,0,0,0,0,0,0,0
2.202390,0,0,0,0,0,0,0,0
2.203969,0,0,0,0,0,0,0,0
2.205560,0,0,0,0,0,0,0,0
2.207139,0,0,0,0,0,0,0,0
2.208718,0,0,0,0,0,0,0,0
2.210295,0,0,0,0,0,0,0,0
2.211873,0,0,0,0,0,0,0,0
2.213451,0,0,0,0,0,0,0,0
2.215031,0,0,0,0,0,0,0,0
2.216665,0,0,0,0,0,0,0,0
2.218240,0,0,0,0,0,0,0,0
2.219818,0,0,0,0,0,0,0,0
2.221395,0,0,0,0,0,0,0,0
2.222976,0,0,0,0,0,0,0,0
2.224555,0,0,0,0,0,0,0,0
2.226129,0,0,0,0,0,0,0,0
2.227720,0,0,0,0,0,0,0,0
2.229299,0,0,0,0,0,0,0,0
2.230965,0,0,0,0,0,0,0,0
2.232461,0,0,0,0,0,0,0,0
2.233877,0,0,0,0,0,0,0,0
2.235423,0,0,0,0,0,0,0,0
2.237001,0,0,0,0,0,0,0,0
2.238590,0,0,0,0,0,0,0,0
2.240172,0,0,0,0,0,0,0,0
2.241748,0,0,0,0,0,0,0,0
2.243328,0,0,0,0,0,0,0,0
2.244905,0,0,0,0,0,0,0,0
2.246519,0,0,0,0,0,0,0,0
2.248159,0,0,0,0,0,0,0,0
2.249794,0,0,0,0,0,0,0,0
2.251373,0,0,0,0,0,0,0,0
2.252949,0,0,0,0,0,0,0,0
2.254526,0,0,0,0,0,0,0,0
2.256160,0,0,0,0,0,0,0,0
2.257738,0,0,0,0,0,0,0,0
2.259319,0,0,0,0,0,0,0,0
2.260910,0,0,0,0,0,0,0,0
2.262488,0,0,0,0,0,0,0,0
2.264122,0,0,0,0,0,0,0,0
2.265735,0,0,0,0,0,0,0,0
2.267181,0,0,0,0,0,0,0,0
2.268730,0,0,0,0,0,0,0,0
2.270307,0,0,0,0,0,0,0,0
2.271899,0,0,0,0,0,0,0,0
2.273470,0,0,0,0,0,0,0,0
2.275112,0,0,0,0,0,0,0,0
2.276690,0,0,0,0,0,0,0,0
2.278266,0,0,0,0,0,0,0,0
2.279843,0,0,0,0,0,0,0,0
2.281422,0,0,0,0,0,0,0,0
2.283012,0,0,0,0,0,0,0,0
2.284591,0,0,0,0,0,0,0,0
2.286167,0,0,0,0,0,0,0,0
2.287745,0,0,0,0,0,0,0,0
2.289323,0,0,0,0,0,0,0,0
2.290902,0,0,0,0,0,0,0,0
2.292479,0,0,0,0,0,0,0,0
2.293940,0,0,0,0,0,0,0,0
2.295488,0,0,0,0,0,0,0,0
2.297109,0,0,0,0,0,0,0,0
2.298685,0,0,0,0,0,0,0,0
2.300293,0,0,0,0,0,0,0,0
2.301704,0,0,0,0,0,0,0,0
2.303253,0,0,0,0,0,0,0,0
2.304714,0,0,0,0,0,0,0,0
2.306259,0,0,0,0,0,0,0,0
2.307837,0,0,0,0,0,0,0,0
2.309414,0,0,0,0,0,0,0,0
2.310994,0,0,0,0,0,0,0,0
2.312615,0,0,0,0,0,0,0,0
2.314192,0,0,0,0,0,0,0,0
2.315893,0,0,0,0,0,0,0,0
2.317474,0,0,0,0,0,0,0,0
2.319056,0,0,0,0,0,0,0,0
2.320636,0,0,0,0,0,0,0,0
2.322212,0,0,0,0,0,0,0,0
2.323792,0,0,0,0,0,0,0,0
2.325371,0,0,0,0,0,0,0,0
2.326965,0,0,0,0,0,0,0,0
2.328588,0,0,0,0,0,0,0,0
2.330165,0,0,0,0,0,0,0,0
2.331744,0,0,0,0,0,0,0,0
2.333323,0,0,0,0,0,0,0,0
2.334903,0,0,0,0,0,0,0,0
2.336482,0,0,0,0,0,0,0,0
2.338073,0,0,0,0,0,0,0,0
2.339654,0,0,0,0,0,0,0,0
2.341234,0,0,0,0,0,0,0,0
2.342810,0,0,0,0,0,0,0,0
2.344204,0,0,0,0,0,0,0,0
2.345666,0,0,0,0,0,0,0,0
2.347620,0,0,0,0,0,0,0,0
2.349250,0,0,0,0,0,0,0,0
2.350731,0,0,0,0,0,0,0,0
2.352219,0,0,0,0,0,0,0,0
2.353629,0,0,0,0,0,0,0,0
2.355037,0,0,0,0,0,0,0,0
2.356444,0,0,0,0,0,0,0,0
2.357849,0,0,0,0,0,0,0,0
2.359267,0,0,0,0,0,0,0,0
2.360846,0,0,0,0,0,0,0,0
2.362415,0,0,0,0,0,0,0,0
2.363856,0,0,0,0,0,0,0,0
2.365397,0,0,0,0,0,0,0,0
2.367028,0,0,0,0,0,0,0,0
2.368596,0,0,0,0,0,0,0,0
2.370177,0,0,0,0,0,0,0,0
2.371622,0,0,0,0,0,0,0,0
2.373169,0,0,0,0,0,0,0,0
2.374745,0,0,0,0,0,0,0,0
2.376327,0,0,0,0,0,0,0,0
2.377948,0,0,0,0,0,0,0,0
2.379527,0,0,0,0,0,0,0,0
2.381062,0,0,0,0,0,0,0,0
2.382614,0,0,0,0,0,0,0,0
2.384195,0,0,0,0,0,0,0,0
2.385772,0,0,0,0,0,0,0,0
2.387349,0,0,0,0,0,0,0,0
2.388929,0,0,0,0,0,0,0,0
2.390505,0,0,0,0,0,0,0,0
2.392031,0,0,0,0,0,0,0,0
2.393571,0,0,0,0,0,0,0,0
2.395034,0,0,0,0,0,0,0,0
2.396614,0,0,0,0,0,0,0,0
2.398189,0,0,0,0,0,0,0,0
2.399767,0,0,0,0,0,0,0,0
2.401336,0,0,0,0,0,0,0,0
2.402795,0,0,0,0,0,0,0,0
2.404375,0,0,0,0,0,0,0,0
2.406004,0,0,0,0,0,0,0,0
2.407638,0,0,0,0,0,0,0,0
2.409271,0,0,0,0,0,0,0,0
2.410903,0,0,0,0,0,0,0,0
2.412534,0,0,0,0,0,0,0,0
2.414177,0,0,0,0,0,0,0,0
2.415808,0,0,0,0,0,0,0,0
2.417441,0,0,0,0,0,0,0,0
2.419074,0,0,0,0,0,0,0,0
2.420704,0,0,0,0,0,0,0,0
2.422333,0,0,0,0,0,0,0,0
2.423964,0,0,0,0,0,0,0,0
2.425607,0,0,0,0,0,0,0,0
2.427241,0,0,0,0,0,0,0,0
2.428874,0,0,0,0,0,0,0,0
2.430380,0,0,0,0,0,0,0,0
2.431984,0,0,0,0,0,0,0,0
2.433612,0,0,0,0,0,0,0,0
2.435244,0,0,0,0,0,0,0,0
2.436889,0,0,0,0,0,0,0,0
2.438520,0,0,0,0,0,0,0,0
2.440114,0,0,0,0,0,0,0,0
2.441728,0,0,0,0,0,0,0,0
2.443837,0,0,0,0,0,0,0,0
2.445331,0,0,0,0,0,0,0,0
2.446949,0,0,0,0,0,0,0,0
2.448472,0,0,0,0,0,0,0,0
2.449933,0,0,0,0,0,0,0,0
2.451395,0,0,0,0,0,0,0,0
2.453009,0,0,0,0,0,0,0,0
2.454539,0,0,0,0,0,0,0,0
2.456094,0,0,0,0,0,0,0,0
2.457604,0,0,0,0,0,0,0,0
2.459064,0,0,0,0,0,0,0,0
2.460524,0,0,0,0,0,0,0,0
2.461982,0,0,0,0,0,0,0,0
2.463580,0,0,0,0,0,0,0,0
2.465211,0,0,0,0,0,0,0,0
2.466842,0,0,0,0,0,0,0,0
2.468548,0,0,0,0,0,0,0,0
2.470179,0,0,0,0,0,0,0,0
2.471813,0,0,0,0,0,0,0,0
2.473437,0,0,0,0,0,0,0,0
2.475133,0,0,0,0,0,0,0,0
2.476760,0,0,0,0,0,0,0,0
2.478387,0,0,0,0,0,0,0,0
2.479893,0,0,0,0,0,0,0,0
2.481493,0,0,0,0,0,0,0,0
2.483123,0,0,0,0,0,0,0,0
2.484752,0,0,0,0,0,0,0,0
2.486380,0,0,0,0,0,0,0,0
2.488009,0,0,0,0,0,0,0,0
2.489639,0,0,0,0,0,0,0,0
2.491284,0,0,0,0,0,0,0,0
2.492914,0,0,0,0,0,0,0,0
2.494541,0,0,0,0,0,0,0,0
2.496285,0,0,0,0,0,0,0,0
2.497913,0,0,0,0,0,0,0,0
2.499542,0,0,0,0,0,0,0,0
2.501171,0,0,0,0,0,0,0,0
2.502811,0,0,0,0,0,0,0,0
2.504565,0,0,0,0,0,0,0,0
2.506235,0,0,0,0,0,0,0,0
2.507865,0,0,0,0,0,0,0,0
2.509494,0,0,0,0,0,0,0,0
2.511125,0,0,0,0,0,0,0,0
2.512755,0,0,0,0,0,0,0,0
2.514396,0,0,0,0,0,0,0,0
2.516026,0,0,0,0,0,0,0,0
2.517655,0,0,0,0,0,0,0,0
2.519285,0,0,0,0,0,0,0,0
2.520962,0,0,0,0,0,0,0,0
2.522604,0,0,0,0,0,0,0,0
2.524351,0,0,0,0,0,0,0,0
2.525957,0,0,0,0,0,0,0,0
2.527591,0,0,0,0,0,0,0,0
2.529224,0,0,0,0,0,0,0,0
2.530913,0,0,0,0,0,0,0,0
2.532540,0,0,0,0,0,0,0,0
2.534170,0,0,0,0,0,0,0,0
2.535680,0,0,0,0,0,0,0,0
2.537331,0,0,0,0,0,0,0,0
2.538964,0,0,0,0,0,0,0,0
2.540595,0,0,0,0,0,0,0,0
2.542225,0,0,0,0,0,0,0,0
2.543858,0,0,0,0,0,0,0,0
2.545490,0,0,0,0,0,0,0,0
2.547137,0,0,0,0,0,0,0,0
2.548768,0,0,0,0,0,0,0,0
2.550399,0,0,0,0,0,0,0,0
2.552031,0,0,0,0,0,0,0,0
2.553663,0,0,0,0,0,0,0,0
2.555296,0,0,0,0,0,0,0,0
2.556927,0,0,0,0,0,0,0,0
2.558571,0,0,0,0,0,0,0,0
2.560206,0,0,0,0,0,0,0,0
2.561837,0,0,0,0,0,0,0,0
2.563470,0,0,0,0,0,0,0,0
2.565103,0,0,0,0,0,0,0,0
2.566732,0,0,0,0,0,0,0,0
2.568368,0,0,0,0,0,0,0,0
2.569878,0,0,0,0,0,0,0,0
2.571483,0,0,0,0,0,0,0,0
2.573115,0,0,0,0,0,0,0,0
2.574745,0,0,0,0,0,0,0,0
2.576376,0,0,0,0,0,0,0,0
2.577997,0,0,0,0,0,0,0,0
2.579488,0,0,0,0,0,0,0,0
2.581120,0,0,0,0,0,0,0,0
2.582699,0,0,0,0,0,0,0,0
2.584176,0,0,0,0,0,0,0,0
2.585822,0,0,0,0,0,0,0,0
2.587456,0,0,0,0,0,0,0,0
2.589087,0,0,0,0,0,0,0,0
2.590717,0,0,0,0,0,0,0,0
2.592368,0,0,0,0,0,0,0,0
2.593999,0,0,0,0,0,0,0,0
2.595632,0,0,0,0,0,0,0,0
2.597264,0,0,0,0,0,0,0,0
2.598898,0,0,0,0,0,0,0,0
2.600579,0,0,0,0,0,0,0,0
2.602209,0,0,0,0,0,0,0,0
2.603856,0,0,0,0,0,0,0,0
2.605487,0,0,0,0,0,0,0,0
2.607119,0,0,0,0,0,0,0,0
2.608753,0,0,0,0,0,0,0,0
2.610383,0,0,0,0,0,0,0,0
2.612015,0,0,0,0,0,0,0,0
2.613645,0,0,0,0,0,0,0,0
2.615292,0,0,0,0,0,0,0,0
2.616974,0,0,0,0,0,0,0,0
2.618605,0,0,0,0,0,0,0,0
2.620240,0,0,0,0,0,0,0,0
2.621870,0,0,0,0,0,0,0,0
2.623503,0,0,0,0,0,0,0,0
2.625125,0,0,0,0,0,0,0,0
2.626629,0,0,0,0,0,0,0,0
2.628382,0,0,0,0,0,0,0,0
2.630010,0,0,0,0,0,0,0,0
2.631641,0,0,0,0,0,0,0,0
2.633272,0,0,0,0,0,0,0,0
2.634903,0,0,0,0,0,0,0,0
2.636532,0,0,0,0,0,0,0,0
2.638172,0,0,0,0,0,0,0,0
2.639801,0,0,0,0,0,0,0,0
2.641430,0,0,0,0,0,0,0,0
2.643061,0,0,0,0,0,0,0,0
2.644691,0,0,0,0,0,0,0,0
2.646317,0,0,0,0,0,0,0,0
2.647946,0,0,0,0,0,0,0,0
2.649589,0,0,0,0,0,0,0,0
2.651220,0,0,0,0,0,0,0,0
2.652850,0,0,0,0,0,0,0,0
2.654478,0,0,0,0,0,0,0,0
2.656043,0,0,0,0,0,0,0,0
2.657643,0,0,0,0,0,0,0,0
2.659277,0,0,0,0,0,0,0,0
2.660920,0,0,0,0,0,0,0,0
2.662550,0,0,0,0,0,0,0,0
2.664240,0,0,0,0,0,0,0,0
2.665921,0,0,0,0,0,0,0,0
2.667554,0,0,0,0,0,0,0,0
2.669187,0,0,0,0,0,0,0,0
2.670816,0,0,0,0,0,0,0,0
2.672290,0,0,0,0,0,0,0,0
2.673756,0,0,0,0,0,0,0,0
2.675358,0,0,0,0,0,0,0,0
2.676992,0,0,0,0,0,0,0,0
2.678622,0,0,0,0,0,0,0,0
2.680253,0,0,0,0,0,0,0,0
2.681927,0,0,0,0,0,0,0,0
2.683432,0,0,0,0,0,0,0,0
2.685033,0,0,0,0,0,0,0,0
2.686660,0,0,0,0,0,0,0,0
2.688359,0,0,0,0,0,0,0,0
2.689980,0,0,0,0,0,0,0,0
2.691470,0,0,0,0,0,0,0,0
2.692974,0,0,0,0,0,0,0,0
2.694447,0,0,0,0,0,0,0,0
2.695911,0,0,0,0,0,0,0,0
2.697420,0,0,0,0,0,0,0,0
2.698882,0,0,0,0,0,0,0,0
2.700341,0,0,0,0,0,0,0,0
2.701937,0,0,0,0,0,0,0,0
2.703571,0,0,0,0,0,0,0,0
2.705085,0,0,0,0,0,0,0,0
2.706686,0,0,0,0,0,0,0,0
2.708367,0,0,0,0,0,0,0,0
2.709878,0,0,0,0,0,0,0,0
2.711348,0,0,0,0,0,0,0,0
2.712995,0,0,0,0,0,0,0,0
2.714625,0,0,0,0,0,0,0,0
2.716274,0,0,0,0,0,0,0,0
2.717902,0,0,0,0,0,0,0,0
2.719536,0,0,0,0,0,0,0,0
2.721167,0,0,0,0,0,0,0,0
2.722797,0,0,0,0,0,0,0,0
2.724433,0,0,0,0,0,0,0,0
2.726063,0,0,0,0,0,0,0,0
2.727705,0,0,0,0,0,0,0,0
2.729338,0,0,0,0,0,0,0,0
2.730971,0,0,0,0,0,0,0,0
2.732601,0,0,0,0,0,0,0,0
2.734231,0,0,0,0,0,0,0,0
2.735862,0,0,0,0,0,0,0,0
2.737493,0,0,0,0,0,0,0,0
2.739007,0,0,0,0,0,0,0,0
2.740611,0,0,0,0,0,0,0,0
2.742240,0,0,0,0,0,0,0,0
2.743872,0,0,0,0,0,0,0,0
2.745507,0,0,0,0,0,0,0,0
2.747140,0,0,0,0,0,0,0,0
2.748771,0,0,0,0,0,0,0,0
2.750415,0,0,0,0,0,0,0,0
2.752045,0,0,0,0,0,0,0,0
2.753676,0,0,0,0,0,0,0,0
2.755357,0,0,0,0,0,0,0,0
2.757046,0,0,0,0,0,0,0,0
2.758676,0,0,0,0,0,0,0,0
2.760311,0,0,0,0,0,0,0,0
2.762006,0,0,0,0,0,0,0,0
2.763634,0,0,0,0,0,0,0,0
2.765261,0,0,0,0,0,0,0,0
2.766895,0,0,0,0,0,0,0,0
2.768517,0,0,0,0,0,0,0,0
2.770090,0,0,0,0,0,0,0,0
2.771704,0,0,0,0,0,0,0,0
2.773292,0,0,0,0,0,0,0,0
2.774963,0,0,0,0,0,0,0,0
2.776634,0,0,0,0,0,0,0,0
2.778261,0,0,0,0,0,0,0,0
2.779889,0,0,0,0,0,0,0,0
2.781515,0,0,0,0,0,0,0,0
2.783134,0,0,0,0,0,0,0,0
2.784750,0,0,0,0,0,0,0,0
2.786370,0,0,0,0,0,0,0,0
2.787862,0,0,0,0,0,0,0,0
2.789460,0,0,0,0,0,0,0,0
2.791102,0,0,0,0,0,0,0,0
2.792786,0,0,0,0,0,0,0,0
2.794417,0,0,0,0,0,0,0,0
2.795929,0,0,0,0,0,0,0,0
2.797532,0,0,0,0,0,0,0,0
2.799166,0,0,0,0,0,0,0,0
2.800798,0,0,0,0,0,0,0,0
2.802428,0,0,0,0,0,0,0,0
2.804059,0,0,0,0,0,0,0,0
2.805691,0,0,0,0,0,0,0,0
2.807336,0,0,0,0,0,0,0,0
2.809018,0,0,0,0,0,0,0,0
2.810649,0,0,0,0,0,0,0,0
2.812284,0,0,0,0,0,0,0,0
2.813915,0,0,0,0,0,0,0,0
2.815550,0,0,0,0,0,0,0,0
2.817183,0,0,0,0,0,0,0,0
2.818827,0,0,0,0,0,0,0,0
2.820501,0,0,0,0,0,0,0,0
2.822130,0,0,0,0,0,0,0,0
2.823761,0,0,0,0,0,0,0,0
2.825395,0,0,0,0,0,0,0,0
2.827027,0,0,0,0,0,0,0,0
2.828659,0,0,0,0,0,0,0,0
2.830304,0,0,0,0,0,0,0,0
2.831937,0,0,0,0,0,0,0,0
2.833570,0,0,0,0,0,0,0,0
2.835203,0,0,0,0,0,0,0,0
2.836837,0,0,0,0,0,0,0,0
2.838466,0,0,0,0,0,0,0,0
2.840196,0,0,0,0,0,0,0,0
2.841891,0,0,0,0,0,0,0,0
2.843524,0,0,0,0,0,0,0,0
2.845156,0,0,0,0,0,0,0,0
2.846787,0,0,0,0,0,0,0,0
2.848424,0,0,0,0,0,0,0,0
2.850054,0,0,0,0,0,0,0,0
2.851687,0,0,0,0,0,0,0,0
2.853332,0,0,0,0,0,0,0,0
2.854967,0,0,0,0,0,0,0,0
2.856648,0,0,0,0,0,0,0,0
2.858279,0,0,0,0,0,0,0,0
2.859911,0,0,0,0,0,0,0,0
2.861544,0,0,0,0,0,0,0,0
2.863179,0,0,0,0,0,0,0,0
2.864825,0,0,0,0,0,0,0,0
2.866456,0,0,0,0,0,0,0,0
2.868155,0,0,0,0,0,0,0,0
2.869788,0,0,0,0,0,0,0,0
2.871421,0,0,0,0,0,0,0,0
2.873103,0,0,0,0,0,0,0,0
2.874735,0,0,0,0,0,0,0,0
2.876254,0,0,0,0,0,0,0,0
2.877859,0,0,0,0,0,0,0,0
2.879494,0,0,0,0,0,0,0,0
2.881127,0,0,0,0,0,0,0,0
2.882757,0,0,0,0,0,0,0,0
2.884395,0,0,0,0,0,0,0,0
2.886026,0,0,0,0,0,0,0,0
2.887673,0,0,0,0,0,0,0,0
2.889298,0,0,0,0,0,0,0,0
2.891035,0,0,0,0,0,0,0,0
2.892536,0,0,0,0,0,0,0,0
2.894135,0,0,0,0,0,0,0,0
2.895765,0,0,0,0,0,0,0,0
2.897397,0,0,0,0,0,0,0,0
2.899043,0,0,0,0,0,0,0,0
2.900674,0,0,0,0,0,0,0,0
2.902304,0,0,0,0,0,0,0,0
2.903934,0,0,0,0,0,0,0,0
2.905564,0,0,0,0,0,0,0,0
2.907478,0,0,0,0,0,0,0,0
2.908967,0,0,0,0,0,0,0,0
2.910672,0,0,0,0,0,0,0,0
2.912406,0,0,0,0,0,0,0,0
2.914174,0,0,0,0,0,0,0,0
2.915760,0,0,0,0,0,0,0,0
2.917469,0,0,0,0,0,0,0,0
2.919224,0,0,0,0,0,0,0,0
2.921027,0,0,0,0,0,0,0,0
2.922763,0,0,0,0,0,0,0,0
2.924356,0,0,0,0,0,0,0,0
2.926062,0,0,0,0,0,0,0,0
2.927801,0,0,0,0,0,0,0,0
2.929406,0,0,0,0,0,0,0,0
2.930965,0,0,0,0,0,0,0,0
2.932516,0,0,0,0,0,0,0,0
2.934065,0,0,0,0,0,0,0,0
2.935617,0,0,0,0,0,0,0,0
2.937168,0,0,0,0,0,0,0,0
2.938993,0,0,0,0,0,0,0,0
2.940621,0,0,0,0,0,0,0,0
2.942177,0,0,0,0,0,0,0,0
2.943882,0,0,0,0,0,0,0,0
2.945622,0,0,0,0,0,0,0,0
2.947364,0,0,0,0,0,0,0,0
2.949103,0,0,0,0,0,0,0,0
2.950916,0,0,0,0,0,0,0,0
2.952712,0,0,0,0,0,0,0,0
2.954451,0,0,0,0,0,0,0,0
2.956298,0,0,0,0,0,0,0,0
2.958035,0,0,0,0,0,0,0,0
2.959774,0,0,0,0,0,0,0,0
2.961380,0,0,0,0,0,0,0,0
2.963088,0,0,0,0,0,0,0,0
2.964824,0,0,0,0,0,0,0,0
2.966561,0,0,0,0,0,0,0,0
2.968305,0,0,0,0,0,0,0,0
2.970107,0,0,0,0,0,0,0,0
2.971713,0,0,0,0,0,0,0,0
2.973420,0,0,0,0,0,0,0,0
2.975161,0,0,0,0,0,0,0,0
2.976900,0,0,0,0,0,0,0,0
2.978638,0,0,0,0,0,0,0,0
2.980380,0,0,0,0,0,0,0,0
2.982130,0,0,0,0,0,0,0,0
2.983776,0,0,0,0,0,0,0,0
2.985496,0,0,0,0,0,0,0,0
2.987238,0,0,0,0,0,0,0,0
2.988979,0,0,0,0,0,0,0,0
2.990719,0,0,0,0,0,0,0,0
2.992473,0,0,0,0,0,0,0,0
2.994202,0,0,0,0,0,0,0,0
2.995785,0,0,0,0,0,0,0,0
2.997492,0,0,0,0,0,0,0,0
2.999233,0,0,0,0,0,0,0,0
3.001035,0,0,0,0,0,0,0,0
3.002639,0,0,0,0,0,0,0,0
3.004348,0,0,0,0,0,0,0,0
3.006098,0,0,0,0,0,0,0,0
3.007710,0,0,0,0,0,0,0,0
3.009267,0,0,0,0,0,0,0,0
3.010972,0,0,0,0,0,0,0,0
3.012712,0,0,0,0,0,0,0,0
3.014463,0,0,0,0,0,0,0,0
3.016356,0,0,0,0,0,0,0,0
3.018116,0,0,0,0,0,0,0,0
3.019854,0,0,0,0,0,0,0,0
3.021591,0,0,0,0,0,0,0,0
3.023331,0,0,0,0,0,0,0,0
3.025085,0,0,0,0,0,0,0,0
3.026821,0,0,0,0,0,0,0,0
3.028394,0,0,0,0,0,0,0,0
3.030099,0,0,0,0,0,0,0,0
3.031839,0,0,0,0,0,0,0,0
3.033581,0,0,0,0,0,0,0,0
3.035370,0,0,0,0,0,0,0,0
3.036976,0,0,0,0,0,0,0,0
3.038605,0,0,0,0,0,0,0,0
3.040240,0,0,0,0,0,0,0,0
3.041869,0,0,0,0,0,0,0,0
3.043501,0,0,0,0,0,0,0,0
3.045168,0,0,0,0,0,0,0,0
3.046811,0,0,0,0,0,0,0,0
3.048534,0,0,0,0,0,0,0,0
3.050166,0,0,0,0,0,0,0,0
3.051797,0,0,0,0,0,0,0,0
3.053429,0,0,0,0,0,0,0,0
3.055061,0,0,0,0,0,0,0,0
3.056691,0,0,0,0,0,0,0,0
3.058348,0,0,0,0,0,0,0,0
3.060035,0,0,0,0,0,0,0,0
3.061541,0,0,0,0,0,0,0,0
3.063086,0,0,0,0,0,0,0,0
3.064597,0,0,0,0,0,0,0,0
3.066252,0,0,0,0,0,0,0,0
3.068441,0,0,0,0,0,0,0,0
3.069994,0,0,0,0,0,0,0,0
3.071547,0,0,0,0,0,0,0,0
3.073098,0,0,0,0,0,0,0,0
3.074664,0,0,0,0,0,0,0,0
3.076216,0,0,0,0,0,0,0,0
3.077765,0,0,0,0,0,0,0,0
3.079326,0,0,0,0,0,0,0,0
3.080931,0,0,0,0,0,0,0,0
3.082479,0,0,0,0,0,0,0,0
3.084128,0,0,0,0,0,0,0,0
3.085678,0,0,0,0,0,0,0,0
3.087231,0,0,0,0,0,0,0,0
3.088781,0,0,0,0,0,0,0,0
3.090342,0,0,0,0,0,0,0,0
3.091895,0,0,0,0,0,0,0,0
3.093446,0,0,0,0,0,0,0,0
3.094999,0,0,0,0,0,0,0,0
3.096600,0,0,0,0,0,0,0,0
3.098145,0,0,0,0,0,0,0,0
3.100944,0,0,0,0,0,0,0,0
3.102600,0,0,0,0,0,0,0,0
3.104151,0,0,0,0,0,0,0,0
3.105699,0,0,0,0,0,0,0,0
3.107250,0,0,0,0,0,0,0,0
3.108799,0,0,0,0,0,0,0,0
3.110347,0,0,0,0,0,0,0,0
3.112048,0,0,0,0,0,0,0,0
3.113967,0,0,0,0,0,0,0,0
3.116552,0,0,0,0,0,0,0,0
3.118326,0,0,0,0,0,0,0,0
3.119934,0,0,0,0,0,0,0,0
3.121483,0,0,0,0,0,0,0,0
3.123230,0,0,0,0,0,0,0,0
3.124859,0,0,0,0,0,0,0,0
3.126519,0,0,0,0,0,0,0,0
3.128484,0,0,0,0,0,0,0,0
3.130024,0,0,0,0,0,0,0,0
3.131580,0,0,0,0,0,0,0,0
3.133106,0,0,0,0,0,0,0,0
3.134612,0,0,0,0,0,0,0,0
3.136153,0,0,0,0,0,0,0,0
3.137691,0,0,0,0,0,0,0,0
3.139423,0,0,0,0,0,0,0,0
3.141198,0,0,0,0,0,0,0,0
3.143010,0,0,0,0,0,0,0,0
3.144754,0,0,0,0,0,0,0,0
3.148005,0,0,0,0,0,0,0,0
3.151095,0,0,0,0,0,0,0,0
3.153305,0,0,0,0,0,0,0,0
3.155172,0,0,0,0,0,0,0,0
3.157137,0,0,0,0,0,0,0,0
3.158922,0,0,0,0,0,0,0,0
3.160471,0,0,0,0,0,0,0,0
3.161901,0,0,0,0,0,0,0,0
3.163327,0,0,0,0,0,0,0,0
3.164754,0,0,0,0,0,0,0,0
3.166181,0,0,0,0,0,0,0,0
3.167625,0,0,0,0,0,0,0,0
3.169052,0,0,0,0,0,0,0,0
3.170477,0,0,0,0,0,0,0,0
3.171903,0,0,0,0,0,0,0,0
3.173330,0,0,0,0,0,0,0,0
3.174757,0,0,0,0,0,0,0,0
3.176214,0,0,0,0,0,0,0,0
3.177690,0,0,0,0,0,0,0,0
3.179195,0,0,0,0,0,0,0,0
3.180569,0,0,0,0,0,0,0,0
3.181921,0,0,0,0,0,0,0,0
3.183269,0,0,0,0,0,0,0,0
3.184620,0,0,0,0,0,0,0,0
3.185970,0,0,0,0,0,0,0,0
3.187321,0,0,0,0,0,0,0,0
3.188680,0,0,0,0,0,0,0,0
3.190030,0,0,0,0,0,0,0,0
3.191380,0,0,0,0,0,0,0,0
3.192745,0,0,0,0,0,0,0,0
3.194159,0,0,0,0,0,0,0,0
3.195572,0,0,0,0,0,0,0,0
3.196985,0,0,0,0,0,0,0,0
3.198396,0,0,0,0,0,0,0,0
3.199821,0,0,0,0,0,0,0,0
3.201233,0,0,0,0,0,0,0,0
3.202645,0,0,0,0,0,0,0,0
3.204067,0,0,0,0,0,0,0,0
3.205616,0,0,0,0,0,0,0,0
3.207121,0,0,0,0,0,0,0,0
3.208800,0,0,0,0,0,0,0,0
3.210665,0,0,0,0,0,0,0,0
3.212188,0,0,0,0,0,0,0,0
3.213653,0,0,0,0,0,0,0,0
3.215115,0,0,0,0,0,0,0,0
3.216576,0,0,0,0,0,0,0,0
3.218035,0,0,0,0,0,0,0,0
3.219495,0,0,0,0,0,0,0,0
3.220964,0,0,0,0,0,0,0,0
3.222423,0,0,0,0,0,0,0,0
3.223883,0,0,0,0,0,0,0,0
3.225390,0,0,0,0,0,0,0,0
3.226850,0,0,0,0,0,0,0,0
3.228342,0,0,0,0,0,0,0,0
3.229799,0,0,0,0,0,0,0,0
3.231309,0,0,0,0,0,0,0,0
3.232860,0,0,0,0,0,0,0,0
3.234408,0,0,0,0,0,0,0,0
3.235989,0,0,0,0,0,0,0,0
3.237450,0,0,0,0,0,0,0,0
3.239001,0,0,0,0,0,0,0,0
3.240754,0,0,0,0,0,0,0,0
3.242353,0,0,0,0,0,0,0,0
3.243907,0,0,0,0,0,0,0,0
3.245611,0,0,0,0,0,0,0,0
3.247353,0,0,0,0,0,0,0,0
3.249093,0,0,0,0,0,0,0,0
3.250832,0,0,0,0,0,0,0,0
3.252648,0,0,0,0,0,0,0,0
3.254387,0,0,0,0,0,0,0,0
3.256180,0,0,0,0,0,0,0,0
3.257985,0,0,0,0,0,0,0,0
3.259728,0,0,0,0,0,0,0,0
3.261468,0,0,0,0,0,0,0,0
3.263226,0,0,0,0,0,0,0,0
3.264966,0,0,0,0,0,0,0,0
3.266705,0,0,0,0,0,0,0,0
3.268450,0,0,0,0,0,0,0,0
3.270190,0,0,0,0,0,0,0,0
3.271930,0,0,0,0,0,0,0,0
3.273594,0,0,0,0,0,0,0,0
3.275304,0,0,0,0,0,0,0,0
3.277044,0,0,0,0,0,0,0,0
3.278783,0,0,0,0,0,0,0,0
3.280530,0,0,0,0,0,0,0,0
3.282271,0,0,0,0,0,0,0,0
3.283874,0,0,0,0,0,0,0,0
3.285583,0,0,0,0,0,0,0,0
3.287325,0,0,0,0,0,0,0,0
3.289136,0,0,0,0,0,0,0,0
3.290936,0,0,0,0,0,0,0,0
3.292673,0,0,0,0,0,0,0,0
3.294426,0,0,0,0,0,0,0,0
3.296215,0,0,0,0,0,0,0,0
3.297946,0,0,0,0,0,0,0,0
3.299528,0,0,0,0,0,0,0,0
3.301089,0,0,0,0,0,0,0,0
3.302797,0,0,0,0,0,0,0,0
3.304472,0,0,0,0,0,0,0,0
3.306181,0,0,0,0,0,0,0,0
3.307921,0,0,0,0,0,0,0,0
3.309662,0,0,0,0,0,0,0,0
3.311472,0,0,0,0,0,0,0,0
3.313213,0,0,0,0,0,0,0,0
3.314970,0,0,0,0,0,0,0,0
3.316586,0,0,0,0,0,0,0,0
3.318323,0,0,0,0,0,0,0,0
3.320064,0,0,0,0,0,0,0,0
3.321802,0,0,0,0,0,0,0,0
3.323544,0,0,0,0,0,0,0,0
3.325298,0,0,0,0,0,0,0,0
3.326904,0,0,0,0,0,0,0,0
3.328645,0,0,0,0,0,0,0,0
3.330384,0,0,0,0,0,0,0,0
3.332088,0,0,0,0,0,0,0,0
3.333795,0,0,0,0,0,0,0,0
3.335403,0,0,0,0,0,0,0,0
3.337175,0,0,0,0,0,0,0,0
3.338919,0,0,0,0,0,0,0,0
3.340656,0,0,0,0,0,0,0,0
3.342396,0,0,0,0,0,0,0,0
3.344198,0,0,0,0,0,0,0,0
3.345943,0,0,0,0,0,0,0,0
3.347526,0,0,0,0,0,0,0,0
3.349234,0,0,0,0,0,0,0,0
3.350974,0,0,0,0,0,0,0,0
3.352775,0,0,0,0,0,0,0,0
3.354513,0,0,0,0,0,0,0,0
3.356343,0,0,0,0,0,0,0,0
3.357934,0,0,0,0,0,0,0,0
3.359646,0,0,0,0,0,0,0,0
3.361385,0,0,0,0,0,0,0,0
3.363124,0,0,0,0,0,0,0,0
3.364861,0,0,0,0,0,0,0,0
3.366467,0,0,0,0,0,0,0,0
3.368314,0,0,0,0,0,0,0,0
3.370118,0,0,0,0,0,0,0,0
3.371858,0,0,0,0,0,0,0,0
3.373599,0,0,0,0,0,0,0,0
3.375341,0,0,0,0,0,0,0,0
3.377097,0,0,0,0,0,0,0,0
3.378835,0,0,0,0,0,0,0,0
3.380389,0,0,0,0,0,0,0,0
3.382096,0,0,0,0,0,0,0,0
3.383721,0,0,0,0,0,0,0,0
3.385438,0,0,0,0,0,0,0,0
3.387048,0,0,0,0,0,0,0,0
3.388759,0,0,0,0,0,0,0,0
3.390499,0,0,0,0,0,0,0,0
3.392376,0,0,0,0,0,0,0,0
3.394116,0,0,0,0,0,0,0,0
3.395857,0,0,0,0,0,0,0,0
3.397465,0,0,0,0,0,0,0,0
3.399177,0,0,0,0,0,0,0,0
3.400981,0,0,0,0,0,0,0,0
3.402721,0,0,0,0,0,0,0,0
3.404467,0,0,0,0,0,0,0,0
3.406207,0,0,0,0,0,0,0,0
3.407963,0,0,0,0,0,0,0,0
3.409705,0,0,0,0,0,0,0,0
3.411448,0,0,0,0,0,0,0,0
3.413189,0,0,0,0,0,0,0,0
3.414931,0,0,0,0,0,0,0,0
3.416736,0,0,0,0,0,0,0,0
3.418491,0,0,0,0,0,0,0,0
3.420370,0,0,0,0,0,0,0,0
3.422107,0,0,0,0,0,0,0,0
3.423850,0,0,0,0,0,0,0,0
3.425590,0,0,0,0,0,0,0,0
3.427333,0,0,0,0,0,0,0,0
3.428941,0,0,0,0,0,0,0,0
3.430650,0,0,0,0,0,0,0,0
3.432394,0,0,0,0,0,0,0,0
3.434155,0,0,0,0,0,0,0,0
3.435897,0,0,0,0,0,0,0,0
3.437638,0,0,0,0,0,0,0,0
3.439397,0,0,0,0,0,0,0,0
3.441139,0,0,0,0,0,0,0,0
3.442977,0,0,0,0,0,0,0,0
3.444739,0,0,0,0,0,0,0,0
3.446479,0,0,0,0,0,0,0,0
3.448280,0,0,0,0,0,0,0,0
3.450090,0,0,0,0,0,0,0,0
3.451676,0,0,0,0,0,0,0,0
3.453384,0,0,0,0,0,0,0,0
3.455126,0,0,0,0,0,0,0,0
3.456865,0,0,0,0,0,0,0,0
3.458603,0,0,0,0,0,0,0,0
3.460210,0,0,0,0,0,0,0,0
3.461916,0,0,0,0,0,0,0,0
3.463659,0,0,0,0,0,0,0,0
3.465403,0,0,0,0,0,0,0,0
3.467147,0,0,0,0,0,0,0,0
3.468890,0,0,0,0,0,0,0,0
3.470643,0,0,0,0,0,0,0,0
3.472249,0,0,0,0,0,0,0,0
3.473839,0,0,0,0,0,0,0,0
3.475415,0,0,0,0,0,0,0,0
3.476968,0,0,0,0,0,0,0,0
3.478520,0,0,0,0,0,0,0,0
3.480135,0,0,0,0,0,0,0,0
3.481760,0,0,0,0,0,0,0,0
3.483466,0,0,0,0,0,0,0,0
3.485206,0,0,0,0,0,0,0,0
3.486949,0,0,0,0,0,0,0,0
3.488690,0,0,0,0,0,0,0,0
3.490428,0,0,0,0,0,0,0,0
3.492137,0,0,0,0,0,0,0,0
3.493856,0,0,0,0,0,0,0,0
3.495896,0,0,0,0,0,0,0,0
3.498043,0,0,0,0,0,0,0,0
3.499600,0,0,0,0,0,0,0,0
3.501151,0,0,0,0,0,0,0,0
3.502803,0,0,0,0,0,0,0,0
3.504377,0,0,0,0,0,0,0,0
3.505922,0,0,0,0,0,0,0,0
3.507468,0,0,0,0,0,0,0,0
3.510002,0,0,0,0,0,0,0,0
3.511892,0,0,0,0,0,0,0,0
3.513455,0,0,0,0,0,0,0,0
3.515166,0,0,0,0,0,0,0,0
3.516726,0,0,0,0,0,0,0,0
3.518236,0,0,0,0,0,0,0,0
3.519742,0,0,0,0,0,0,0,0
3.521248,0,0,0,0,0,0,0,0
3.522752,0,0,0,0,0,0,0,0
3.524282,0,0,0,0,0,0,0,0
3.525789,0,0,0,0,0,0,0,0
3.527295,0,0,0,0,0,0,0,0
3.528976,0,0,0,0,0,0,0,0
3.530744,0,0,0,0,0,0,0,0
3.532492,0,0,0,0,0,0,0,0
3.534231,0,0,0,0,0,0,0,0
3.535843,0,0,0,0,0,0,0,0
3.537405,0,0,0,0,0,0,0,0
3.538962,0,0,0,0,0,0,0,0
3.540511,0,0,0,0,0,0,0,0
3.542056,0,0,0,0,0,0,0,0
3.543605,0,0,0,0,0,0,0,0
3.545371,0,0,0,0,0,0,0,0
3.546982,0,0,0,0,0,0,0,0
3.548694,0,0,0,0,0,0,0,0
3.550434,0,0,0,0,0,0,0,0
3.552242,0,0,0,0,0,0,0,0
3.553973,0,0,0,0,0,0,0,0
3.555559,0,0,0,0,0,0,0,0
3.557280,0,0,0,0,0,0,0,0
3.559023,0,0,0,0,0,0,0,0
3.560824,0,0,0,0,0,0,0,0
3.562562,0,0,0,0,0,0,0,0
3.564307,0,0,0,0,0,0,0,0
3.566045,0,0,0,0,0,0,0,0
3.567656,0,0,0,0,0,0,0,0
3.569214,0,0,0,0,0,0,0,0
3.570767,0,0,0,0,0,0,0,0
3.572322,0,0,0,0,0,0,0,0
3.573873,0,0,0,0,0,0,0,0
3.575423,0,0,0,0,0,0,0,0
3.577189,0,0,0,0,0,0,0,0
3.578794,0,0,0,0,0,0,0,0
3.580509,0,0,0,0,0,0,0,0
3.582247,0,0,0,0,0,0,0,0
3.584113,0,0,0,0,0,0,0,0
3.585766,0,0,0,0,0,0,0,0
3.587481,0,0,0,0,0,0,0,0
3.589086,0,0,0,0,0,0,0,0
3.590844,0,0,0,0,0,0,0,0
3.592777,0,0,0,0,0,0,0,0
3.594516,0,0,0,0,0,0,0,0
3.596198,0,0,0,0,0,0,0,0
3.597907,0,0,0,0,0,0,0,0
3.599664,0,0,0,0,0,0,0,0
3.601404,0,0,0,0,0,0,0,0
3.603147,0,0,0,0,0,0,0,0
3.604887,0,0,0,0,0,0,0,0
3.606626,0,0,0,0,0,0,0,0
3.608475,0,0,0,0,0,0,0,0
3.610079,0,0,0,0,0,0,0,0
3.611790,0,0,0,0,0,0,0,0
3.613532,0,0,0,0,0,0,0,0
3.615275,0,0,0,0,0,0,0,0
3.617015,0,0,0,0,0,0,0,0
3.618754,0,0,0,0,0,0,0,0
3.620516,0,0,0,0,0,0,0,0
3.622255,0,0,0,0,0,0,0,0
3.623995,0,0,0,0,0,0,0,0
3.625736,0,0,0,0,0,0,0,0
3.627479,0,0,0,0,0,0,0,0
3.629219,0,0,0,0,0,0,0,0
3.630977,0,0,0,0,0,0,0,0
3.632719,0,0,0,0,0,0,0,0
3.634458,0,0,0,0,0,0,0,0
3.636172,0,0,0,0,0,0,0,0
3.637881,0,0,0,0,0,0,0,0
3.639623,0,0,0,0,0,0,0,0
3.641232,0,0,0,0,0,0,0,0
3.643100,0,0,0,0,0,0,0,0
3.645525,0,0,0,0,0,0,0,0
3.647098,0,0,0,0,0,0,0,0
3.648648,0,0,0,0,0,0,0,0
3.650195,0,0,0,0,0,0,0,0
3.651762,0,0,0,0,0,0,0,0
3.654183,0,0,0,0,0,0,0,0
3.655832,0,0,0,0,0,0,0,0
3.657453,0,0,0,0,0,0,0,0
3.659004,0,0,0,0,0,0,0,0
3.660559,0,0,0,0,0,0,0,0
3.662143,0,0,0,0,0,0,0,0
3.663699,0,0,0,0,0,0,0,0
3.665252,0,0,0,0,0,0,0,0
3.666803,0,0,0,0,0,0,0,0
3.668359,0,0,0,0,0,0,0,0
3.669910,0,0,0,0,0,0,0,0
3.671465,0,0,0,0,0,0,0,0
3.673033,0,0,0,0,0,0,0,0
3.674728,0,0,0,0,0,0,0,0
3.676284,0,0,0,0,0,0,0,0
3.677838,0,0,0,0,0,0,0,0
3.679393,0,0,0,0,0,0,0,0
3.680947,0,0,0,0,0,0,0,0
3.682652,0,0,0,0,0,0,0,0
3.684414,0,0,0,0,0,0,0,0
3.686153,0,0,0,0,0,0,0,0
3.687897,0,0,0,0,0,0,0,0
3.689635,0,0,0,0,0,0,0,0
3.691379,0,0,0,0,0,0,0,0
3.693119,0,0,0,0,0,0,0,0
3.694728,0,0,0,0,0,0,0,0
3.696446,0,0,0,0,0,0,0,0
3.698181,0,0,0,0,0,0,0,0
3.699898,0,0,0,0,0,0,0,0
3.701552,0,0,0,0,0,0,0,0
3.703296,0,0,0,0,0,0,0,0
3.705078,0,0,0,0,0,0,0,0
3.706711,0,0,0,0,0,0,0,0
3.708353,0,0,0,0,0,0,0,0
3.709977,0,0,0,0,0,0,0,0
3.711559,0,0,0,0,0,0,0,0
3.713141,0,0,0,0,0,0,0,0
3.714787,0,0,0,0,0,0,0,0
3.716611,0,0,0,0,0,0,0,0
3.718243,0,0,0,0,0,0,0,0
3.719799,0,0,0,0,0,0,0,0
3.721415,0,0,0,0,0,0,0,0
3.722967,0,0,0,0,0,0,0,0
3.724521,0,0,0,0,0,0,0,0
3.726072,0,0,0,0,0,0,0,0
3.727787,0,0,0,0,0,0,0,0
3.729532,0,0,0,0,0,0,0,0
3.731278,0,0,0,0,0,0,0,0
3.733023,0,0,0,0,0,0,0,0
3.734765,0,0,0,0,0,0,0,0
3.736578,0,0,0,0,0,0,0,0
3.738187,0,0,0,0,0,0,0,0
3.739901,0,0,0,0,0,0,0,0
3.741646,0,0,0,0,0,0,0,0
3.743393,0,0,0,0,0,0,0,0
3.745138,0,0,0,0,0,0,0,0
3.746884,0,0,0,0,0,0,0,0
3.748642,0,0,0,0,0,0,0,0
3.750384,0,0,0,0,0,0,0,0
3.752246,0,0,0,0,0,0,0,0
3.754053,0,0,0,0,0,0,0,0
3.755798,0,0,0,0,0,0,0,0
3.757542,0,0,0,0,0,0,0,0
3.759155,0,0,0,0,0,0,0,0
3.760860,0,0,0,0,0,0,0,0
3.762592,0,0,0,0,0,0,0,0
3.764290,0,0,0,0,0,0,0,0
3.765998,0,0,0,0,0,0,0,0
3.767742,0,0,0,0,0,0,0,0
3.769499,0,0,0,0,0,0,0,0
3.771242,0,0,0,0,0,0,0,0
3.772985,0,0,0,0,0,0,0,0
3.774725,0,0,0,0,0,0,0,0
3.776472,0,0,0,0,0,0,0,0
3.778212,0,0,0,0,0,0,0,0
3.779819,0,0,0,0,0,0,0,0
3.781381,0,0,0,0,0,0,0,0
3.782937,0,0,0,0,0,0,0,0
3.784638,0,0,0,0,0,0,0,0
3.786219,0,0,0,0,0,0,0,0
3.787779,0,0,0,0,0,0,0,0
3.789487,0,0,0,0,0,0,0,0
3.791249,0,0,0,0,0,0,0,0
3.792995,0,0,0,0,0,0,0,0
3.794737,0,0,0,0,0,0,0,0
3.796486,0,0,0,0,0,0,0,0
3.798228,0,0,0,0,0,0,0,0
3.799973,0,0,0,0,0,0,0,0
3.801641,0,0,0,0,0,0,0,0
3.803356,0,0,0,0,0,0,0,0
3.805101,0,0,0,0,0,0,0,0
3.806844,0,0,0,0,0,0,0,0
3.808589,0,0,0,0,0,0,0,0
3.810290,0,0,0,0,0,0,0,0
3.811892,0,0,0,0,0,0,0,0
3.813604,0,0,0,0,0,0,0,0
3.815348,0,0,0,0,0,0,0,0
3.817152,0,0,0,0,0,0,0,0
3.818897,0,0,0,0,0,0,0,0
3.820639,0,0,0,0,0,0,0,0
3.822246,0,0,0,0,0,0,0,0
3.823957,0,0,0,0,0,0,0,0
3.825701,0,0,0,0,0,0,0,0
3.827447,0,0,0,0,0,0,0,0
3.829188,0,0,0,0,0,0,0,0
3.830933,0,0,0,0,0,0,0,0
3.832752,0,0,0,0,0,0,0,0
3.834493,0,0,0,0,0,0,0,0
3.836373,0,0,0,0,0,0,0,0
3.838114,0,0,0,0,0,0,0,0
3.839855,0,0,0,0,0,0,0,0
3.842066,0,0,0,0,0,0,0,0
3.843648,0,0,0,0,0,0,0,0
3.845211,0,0,0,0,0,0,0,0
3.846768,0,0,0,0,0,0,0,0
3.848488,0,0,0,0,0,0,0,0
3.851189,0,0,0,0,0,0,0,0
3.852807,0,0,0,0,0,0,0,0
3.854385,0,0,0,0,0,0,0,0
3.855938,0,0,0,0,0,0,0,0
3.857487,0,0,0,0,0,0,0,0
3.859044,0,0,0,0,0,0,0,0
3.860597,0,0,0,0,0,0,0,0
3.862149,0,0,0,0,0,0,0,0
3.863773,0,0,0,0,0,0,0,0
3.865378,0,0,0,0,0,0,0,0
3.867007,0,0,0,0,0,0,0,0
3.868567,0,0,0,0,0,0,0,0
3.870160,0,0,0,0,0,0,0,0
3.871717,0,0,0,0,0,0,0,0
3.873273,0,0,0,0,0,0,0,0
3.874827,0,0,0,0,0,0,0,0
3.876391,0,0,0,0,0,0,0,0
3.877945,0,0,0,0,0,0,0,0
3.879501,0,0,0,0,0,0,0,0
3.881111,0,0,0,0,0,0,0,0
3.882666,0,0,0,0,0,0,0,0
3.884222,0,0,0,0,0,0,0,0
3.885928,0,0,0,0,0,0,0,0
3.887540,0,0,0,0,0,0,0,0
3.889253,0,0,0,0,0,0,0,0
3.890999,0,0,0,0,0,0,0,0
3.892745,0,0,0,0,0,0,0,0
3.894487,0,0,0,0,0,0,0,0
3.896214,0,0,0,0,0,0,0,0
3.897934,0,0,0,0,0,0,0,0
3.899680,0,0,0,0,0,0,0,0
3.901422,0,0,0,0,0,0,0,0
3.903030,0,0,0,0,0,0,0,0
3.904745,0,0,0,0,0,0,0,0
3.906485,0,0,0,0,0,0,0,0
3.908146,0,0,0,0,0,0,0,0
3.909856,0,0,0,0,0,0,0,0
3.911603,0,0,0,0,0,0,0,0
3.913348,0,0,0,0,0,0,0,0
3.915094,0,0,0,0,0,0,0,0
3.916839,0,0,0,0,0,0,0,0
3.918595,0,0,0,0,0,0,0,0
3.920378,0,0,0,0,0,0,0,0
3.922121,0,0,0,0,0,0,0,0
3.923866,0,0,0,0,0,0,0,0
3.925611,0,0,0,0,0,0,0,0
3.927357,0,0,0,0,0,0,0,0
3.928968,0,0,0,0,0,0,0,0
3.930681,0,0,0,0,0,0,0,0
3.932504,0,0,0,0,0,0,0,0
3.934246,0,0,0,0,0,0,0,0
3.935990,0,0,0,0,0,0,0,0
3.937734,0,0,0,0,0,0,0,0
3.939385,0,0,0,0,0,0,0,0
3.941127,0,0,0,0,0,0,0,0
3.942926,0,0,0,0,0,0,0,0
3.944731,0,0,0,0,0,0,0,0
3.946474,0,0,0,0,0,0,0,0
3.948283,0,0,0,0,0,0,0,0
3.949892,0,0,0,0,0,0,0,0
3.951608,0,0,0,0,0,0,0,0
3.953351,0,0,0,0,0,0,0,0
3.955097,0,0,0,0,0,0,0,0
3.956840,0,0,0,0,0,0,0,0
3.958582,0,0,0,0,0,0,0,0
3.960344,0,0,0,0,0,0,0,0
3.962110,0,0,0,0,0,0,0,0
3.963853,0,0,0,0,0,0,0,0
3.965597,0,0,0,0,0,0,0,0
3.967344,0,0,0,0,0,0,0,0
3.969079,0,0,0,0,0,0,0,0
3.970681,0,0,0,0,0,0,0,0
3.972450,0,0,0,0,0,0,0,0
3.974188,0,0,0,0,0,0,0,0
3.975932,0,0,0,0,0,0,0,0
3.977675,0,0,0,0,0,0,0,0
3.979420,0,0,0,0,0,0,0,0
3.981178,0,0,0,0,0,0,0,0
3.982920,0,0,0,0,0,0,0,0
3.984663,0,0,0,0,0,0,0,0
3.986257,0,0,0,0,0,0,0,0
3.987972,0,0,0,0,0,0,0,0
3.989714,0,0,0,0,0,0,0,0
3.991324,0,0,0,0,0,0,0,0
3.993098,0,0,0,0,0,0,0,0
3.994837,0,0,0,0,0,0,0,0
3.996542,0,0,0,0,0,0,0,0
3.998098,0,0,0,0,0,0,0,0
3.999807,0,0,0,0,0,0,0,0
